robot_pos_x,robot_pos_y,robot_pos_theta,goal_pos_x,goal_pos_y,dist_sensor_0,dist_sensor_1,dist_sensor_2,dist_sensor_3,dist_sensor_4,dist_sensor_5,dist_sensor_6,dist_sensor_7,dist_sensor_8,dist_sensor_9,dist_sensor_10,dist_sensor_11,dist_sensor_12,dist_sensor_13,dist_sensor_14,dist_sensor_15,step,command_type,trajectory_x,trajectory_y
16.832758070759418,7.332211235009476,-3.0000000000000004,85.0,85.0,7.342273565753766,7.7783667537423336,9.86646341821639,17.031410547529973,83.28137616086029,88.22786044870574,77.91224427427422,30.653932924377088,92.79496103403837,50.42663925300321,25.156162206294255,18.649493142228923,16.855858438931804,17.857009509794032,10.957817749375497,8.123566118509167,337,LEFT,0.05233595624294362,0.9986295347545685
16.832758070759418,7.332211235009476,-7.330648765506992e-17,85.0,85.0,7.33221123500949,7.936328251670546,10.369312570734829,19.15999130062776,83.16724192924059,90.01957398404058,117.6162414814964,31.968262718604944,92.66778876499052,43.98611658395629,23.805114755813207,18.219646045198893,16.83275807075942,18.21964604519888,10.369312570734795,7.936328251670536,338,LEFT,6.251177953002087e-17,0.9999999999999946
16.832758070759418,7.332211235009476,3.0000000000000004,85.0,85.0,7.342273565753766,8.123566118509183,10.95781774937553,21.96543010482182,83.28137616086029,92.14336126601782,124.29149278016673,33.53646819639078,92.79496103403838,39.099475473578686,22.65071018955982,17.857009509794047,16.855858438931804,17.031410547529976,9.866463418216355,7.778366753742328,339,LEFT,-0.05233595624294349,0.9986295347545684
16.832758070759418,7.332211235009476,6.000000000000001,85.0,85.0,7.372599104310678,8.343273167269125,11.650998981262706,25.816250324971342,83.62535034831345,68.46314368663577,35.601791860463074,35.36841052985105,93.17822885204099,35.277059697282276,21.65971246791516,17.555706728411707,16.9254776080382,15.366397613700421,9.434792945797813,7.647121735575709,340,LEFT,-0.10452846326765285,0.9945218953682678
16.832758070759418,7.332211235009476,9.000000000000002,85.0,85.0,7.423608170358092,8.599420413843555,12.474302828137485,31.408682159716435,84.20393206132984,66.88377965303945,34.19926770063326,37.520842867763974,93.82290440844224,32.215893415727116,20.80643322426692,17.3110641512597,17.04258051747046,14.032978710660352,9.063111511859411,7.5405574372465125,341,LEFT,-0.15643446504022995,0.9876883405951322
16.832758070759418,7.332211235009476,12.000000000000002,85.0,85.0,7.496017195675653,8.896952112721191,13.462515103801174,40.23480721010916,85.02524758722362,67.28001854109266,32.99005571731355,94.2459458398004,80.96109460970057,29.71852527992778,20.070762840761635,17.119424415041223,17.208811899279308,12.945145651675713,8.742659531944643,7.4570807413260605,342,LEFT,-0.20791169081775815,0.9781476007338001
16.832758070759418,7.332211235009476,15.000000000000005,85.0,85.0,7.590863641340522,9.242049995425614,14.664422470018998,56.17425215812815,86.1010645597455,67.86811066511774,31.94801058269798,93.4674154612935,65.03678299288913,27.650828828247388,19.436794806713653,16.978007276607293,17.42655348126281,12.044474051105606,8.466508260575852,7.395480596721754,343,LEFT,-0.2588190451025193,0.9659258262890628
16.832758070759418,7.332211235009476,18.000000000000007,85.0,85.0,7.70954313374789,9.642495675614157,16.150582973026886,83.424411548555,87.44721318268138,73.06556577006775,31.052285268274062,92.9543359608164,54.47194936578572,25.918559789406782,18.891846034564903,16.88480829972763,17.699009241145344,11.289911878034873,8.22913304892859,7.3548838874661575,344,LEFT,-0.3090169943749457,0.9510565162951481
16.832758070759418,7.332211235009476,21.000000000000007,85.0,85.0,7.853861356669592,10.108175209963822,18.026925677416887,83.19575103526017,89.08417482710564,114.65423270080186,31.269071524279212,92.69955458712451,46.97060128316985,24.45361542602462,18.42574765156877,16.838528213826713,18.03032453659725,10.651794139117595,8.026104419511011,7.334724661962326,345,LEFT,-0.35836794954529827,0.9335804264971963
16.832758070759418,7.332211235009476,24.000000000000007,85.0,85.0,8.026104419511011,10.651794139117595,20.460008335881174,83.19575103526017,91.03788019903597,120.82035169944356,32.72237678690929,92.69955458712454,41.38490681210259,23.205614567369754,18.030324536597305,16.838528213826713,18.026925677416866,10.108175209963825,7.853861356669592,7.334724661962327,346,LEFT,-0.40673664307579793,0.9135454576425955
16.832758070759418,7.332211235009476,27.00000000000001,85.0,85.0,8.229133048928592,11.289911878034882,23.727533981878356,83.424411548555,71.95698761038382,121.86620431346441,34.41628921329896,92.95433596081651,37.077335495822794,22.136541311162397,17.699009241145397,16.884808299727627,16.150582973026864,9.642495675614162,7.70954313374789,7.354883887466164,347,LEFT,-0.4539904997395442,0.8910065241883626
16.832758070759418,7.332211235009476,30.00000000000001,85.0,85.0,8.466508260575853,12.044474051105626,28.329488782810067,83.88488878140808,66.75577102376229,34.874484494933725,36.40036807520057,93.46741546129367,33.66551614151886,21.21722719990089,17.426553481262864,16.978007276607286,14.664422470018966,9.24204999542562,7.5908636413405235,7.395480596721763,348,LEFT,-0.4999999999999971,0.8660254037844335
16.832758070759418,7.332211235009476,33.00000000000001,85.0,85.0,8.742659531944643,12.945145651675727,35.26598819994383,84.58360216608541,67.05832688089434,33.57227224055655,67.43488480922079,92.36814844580921,30.90626449552041,20.424976542615056,17.208811899279365,17.11942441504121,13.462515103801145,8.896952112721202,7.496017195675653,7.457080741326074,349,LEFT,-0.544639035015024,0.8386705679454189
16.832758070759418,7.332211235009476,36.000000000000014,85.0,85.0,9.063111511859415,14.03297871066038,46.87081732995224,85.53045521526124,67.54962956668206,32.449548967646834,93.82290440844224,72.10577152926002,28.637598519371657,19.741924875789643,17.042580517470515,17.311064151259686,12.47430282813745,8.599420413843568,7.423608170358093,7.5405574372465285,350,LEFT,-0.5877852522924698,0.8090169943749425
16.832758070759418,7.332211235009476,39.000000000000014,85.0,85.0,9.434792945797813,15.36639761370047,70.14559485328635,86.73918454616859,68.83097792770174,31.48298817393751,93.17822885204099,59.267072658720714,26.747517337995173,19.15388062912482,16.925477608038257,17.555706728411693,11.65099898126267,8.343273167269139,7.372599104310679,7.647121735575729,351,LEFT,-0.6293203910498338,0.777145961456966
16.832758070759418,7.332211235009476,42.000000000000014,85.0,85.0,9.866463418216355,17.03141054753004,83.28137616086036,88.22786044870575,77.91224427427416,30.653932924377216,92.79496103403837,50.426639253002236,25.156162206294198,18.649493142228874,16.855858438931854,17.857009509794025,10.957817749375492,8.123566118509196,7.342273565753768,7.778366753742353,352,LEFT,-0.6691306063588544,0.7431448254773896
16.832758070759418,7.332211235009476,45.000000000000014,85.0,85.0,10.369312570734799,19.159991300627848,83.16724192924065,90.01957398404059,117.61624148149636,31.968262718604763,92.66778876499055,43.98611658395559,23.805114755813158,18.219646045198846,16.832758070759475,18.219646045198868,10.36931257073479,7.936328251670563,7.332211235009492,7.936328251670564,353,UP,0.707106781186543,0.7071067811865434
17.257022139471346,7.756475303721402,45.000000000000014,85.0,85.0,10.969312570734797,20.2686467396414,82.7429778605287,89.5603538652025,117.01624148149635,31.214795250380906,92.2435246962786,45.0947720229691,24.40511475581316,18.678866164036954,17.257022139471403,18.678866164036975,10.969312570734784,8.395548370508667,7.756475303721418,8.39554837050867,354,UP,0.707106781186543,0.7071067811865434
17.681286208183273,8.180739372433328,45.000000000000014,85.0,85.0,11.569312570734791,21.37730217865495,82.31871379181678,89.10113374636437,116.41624148149634,30.461327782157056,91.81926062756668,46.203427461982635,25.005114755813153,19.13808628287506,17.68128620818333,19.13808628287508,11.56931257073478,8.854768489346773,8.180739372433344,8.854768489346775,355,UP,0.707106781186543,0.7071067811865434
18.1055502768952,8.605003441145254,45.000000000000014,85.0,85.0,12.169312570734789,22.485957617668486,81.89444972310486,88.64191362752628,115.81624148149632,29.707860313933217,91.39499655885474,47.31208290099616,25.60511475581315,19.597306401713166,18.105550276895258,19.597306401713187,12.16931257073478,9.313988608184877,8.60500344114527,9.313988608184882,356,UP,0.707106781186543,0.7071067811865434
18.52981434560713,9.02926750985718,45.000000000000014,85.0,85.0,12.769312570734787,23.59461305668203,81.47018565439294,88.18269350868816,115.21624148149637,28.954392845709368,90.97073249014285,48.42073834000968,26.205114755813156,20.056526520551273,18.529814345607186,20.056526520551294,12.769312570734776,9.773208727022983,9.029267509857196,9.77320872702299,357,UP,0.707106781186543,0.7071067811865434
18.954078414319056,9.453531578569105,45.000000000000014,85.0,85.0,13.36931257073478,24.70326849569557,81.04592158568101,87.72347338985006,114.61624148149633,28.200925377485518,90.54646842143092,49.52939377902319,26.805114755813154,20.51574663938938,18.954078414319113,20.515746639389402,13.369312570734774,10.232428845861087,9.453531578569121,10.232428845861092,358,UP,0.707106781186543,0.7071067811865434
19.378342483030984,9.877795647281031,45.000000000000014,85.0,85.0,13.969312570734777,25.811923934709117,80.62165751696907,87.26425327101195,114.01624148149635,27.447457909261665,90.122204352719,50.63804921803673,27.405114755813155,20.974966758227488,19.37834248303104,20.974966758227506,13.969312570734768,10.691648964699192,9.877795647281047,10.691648964699198,359,UP,0.707106781186543,0.7071067811865434
19.80260655174291,10.302059715992957,45.000000000000014,85.0,85.0,14.569312570734773,26.920579373722653,80.19739344825715,86.80503315217385,113.41624148149634,26.732857926696582,89.69794028400705,51.74670465705024,28.00511475581315,21.434186877065596,19.80260655174297,21.434186877065613,14.569312570734764,11.150869083537296,10.302059715992973,11.150869083537303,360,UP,0.707106781186543,0.7071067811865434
20.22687062045484,10.726323784704883,45.000000000000014,85.0,85.0,15.169312570734768,28.029234812736203,79.77312937954522,86.34581303333574,112.81624148149638,26.27363780785848,89.27367621529513,52.85536009606376,28.605114755813148,21.8934069959037,20.226870620454896,21.89340699590372,15.169312570734762,11.6100892023754,10.726323784704899,11.61008920237541,361,UP,0.707106781186543,0.7071067811865434
20.651134689166767,11.150587853416809,45.000000000000014,85.0,85.0,15.769312570734767,29.137890251749745,79.34886531083328,85.88659291449765,112.21624148149637,25.814417689020374,88.84941214658322,53.96401553507727,29.20511475581315,22.352627114741807,20.651134689166824,22.352627114741825,15.769312570734757,12.069309321213506,11.150587853416825,12.069309321213517,362,UP,0.707106781186543,0.7071067811865434
21.075398757878695,11.574851922128735,45.000000000000014,85.0,85.0,16.369312570734763,30.246545690763305,78.92460124212135,85.42737279565952,111.61624148149635,25.355197570182273,88.4251480778713,55.0726709740908,29.80511475581315,22.81184723357991,21.07539875787875,22.811847233579932,16.369312570734756,12.528529440051612,11.574851922128751,12.52852944005162,363,UP,0.707106781186543,0.7071067811865434
21.499662826590622,11.99911599084066,45.000000000000014,85.0,85.0,16.969312570734758,31.35520112977684,78.50033717340943,84.96815267682142,111.01624148149634,24.895977451344162,88.00088400915936,56.18132641310433,30.40511475581314,23.271067352418022,21.49966282659068,23.27106735241804,16.96931257073475,12.987749558889718,11.999115990840677,12.987749558889726,364,UP,0.707106781186543,0.7071067811865434
21.92392689530255,12.423380059552587,45.000000000000014,85.0,85.0,17.569312570734755,32.463856568790376,78.07607310469751,84.5089325579833,110.41624148149637,24.43675733250606,87.57661994044742,57.28998185211785,31.005114755813143,23.73028747125613,21.923926895302607,23.730287471256148,17.56931257073475,13.446969677727822,12.423380059552603,13.446969677727832,365,UP,0.707106781186543,0.7071067811865434
22.348190964014478,12.847644128264513,45.000000000000014,85.0,85.0,18.169312570734753,33.57251200780392,77.6518090359856,84.0497124391452,109.81624148149635,23.977537213667954,87.1523558717355,58.39863729113137,31.605114755813148,24.189507590094234,22.348190964014535,24.18950759009425,18.16931257073474,13.906189796565926,12.847644128264529,13.906189796565936,366,UP,0.707106781186543,0.7071067811865434
22.772455032726405,13.271908196976439,45.000000000000014,85.0,85.0,18.769312570734744,34.68116744681747,77.22754496727364,83.59049232030709,109.21624148149635,23.518317094829847,86.72809180302356,59.50729273014488,32.20511475581314,24.64872770893234,22.772455032726462,24.64872770893236,18.76931257073474,14.365409915404031,13.271908196976455,14.365409915404046,367,UP,0.707106781186543,0.7071067811865434
23.196719101438333,13.696172265688364,45.000000000000014,85.0,85.0,19.369312570734746,35.78982288583101,76.80328089856172,83.13127220146899,108.61624148149635,23.059096975991743,86.30382773431167,60.615948169158415,32.80511475581314,25.10794782777045,23.19671910143839,25.107947827770467,19.36931257073474,14.824630034242135,13.69617226568838,14.824630034242148,368,UP,0.707106781186543,0.7071067811865434
23.62098317015026,14.12043633440029,45.000000000000014,85.0,85.0,19.969312570734743,36.898478324844554,76.3790168298498,82.67205208263088,108.0162414814964,22.59987685715364,85.87956366559973,61.72460360817193,33.40511475581314,25.567167946608556,23.620983170150318,25.56716794660857,19.969312570734733,15.283850153080243,14.120436334400306,15.283850153080257,369,UP,0.707106781186543,0.7071067811865434
24.04524723886219,14.544700403112216,45.000000000000014,85.0,85.0,20.56931257073474,38.0071337638581,75.95475276113785,82.2128319637928,107.41624148149639,22.140656738315535,85.45529959688778,62.833259047185464,34.00511475581314,26.026388065446657,24.045247238862245,26.026388065446678,20.569312570734727,15.743070271918347,14.544700403112232,15.743070271918361,370,UP,0.707106781186543,0.7071067811865434
24.469511307574116,14.968964471824142,45.000000000000014,85.0,85.0,21.169312570734736,39.115789202871646,75.53048869242593,65.40924798723876,106.81624148149636,21.68143661947743,85.03103552817586,63.941914486198975,34.60511475581313,26.485608184284768,24.469511307574173,26.485608184284782,21.16931257073472,16.202290390756453,14.968964471824158,16.202290390756467,371,UP,0.707106781186543,0.7071067811865434
24.893775376286044,15.393228540536068,45.000000000000014,85.0,85.0,21.769312570734733,40.224444641885185,75.10622462371401,64.30059254822521,106.21624148149635,21.222216500639323,84.60677145946393,65.05056992521249,35.205114755813135,26.944828303122875,24.8937753762861,26.94482830312289,21.76931257073472,16.661510509594557,15.393228540536084,16.66151050959457,372,UP,0.707106781186543,0.7071067811865434
25.31803944499797,15.817492609247994,45.000000000000014,85.0,85.0,22.369312570734724,41.33310008089873,74.68196055500209,63.191937109211686,105.61624148149639,20.76299638180122,28.546428500756086,66.15922536422603,35.80511475581314,27.404048421960983,25.31803944499803,27.404048421960997,22.369312570734717,17.12073062843266,15.81749260924801,17.120730628432682,373,UP,0.707106781186543,0.7071067811865434
25.7423035137099,16.24175667795992,45.000000000000014,85.0,85.0,22.96931257073472,42.44175551991229,74.25769648629017,62.08328167019813,105.01624148149637,20.303776262963115,27.273636294620296,67.26788080323955,36.40511475581313,27.86326854079909,25.742303513709956,27.8632685407991,22.969312570734715,17.579950747270765,16.241756677959934,17.579950747270782,374,UP,0.707106781186543,0.7071067811865434
26.166567582421827,16.666020746671848,45.000000000000014,85.0,85.0,23.569312570734724,43.55041095892583,73.83343241757822,60.97462623118462,104.41624148149637,19.844556144125015,26.000844088484527,68.37653624225307,37.00511475581313,28.322488659637195,26.166567582421884,28.322488659637212,23.56931257073471,18.039170866108872,16.66602074667186,18.03917086610889,375,UP,0.707106781186543,0.7071067811865434
26.590831651133755,17.090284815383775,45.000000000000014,85.0,85.0,24.16931257073472,44.65906639793938,73.4091683488663,59.86597079217109,103.81624148149636,19.3853360252869,24.728051882348744,69.48519168126658,37.60511475581313,28.7817087784753,26.59083165113381,28.781708778475316,24.16931257073471,18.49839098494698,17.09028481538379,18.498390984946997,376,UP,0.707106781186543,0.7071067811865434
27.015095719845682,17.514548884095703,45.000000000000014,85.0,85.0,24.76931257073472,45.767721836952916,72.98490428015438,58.75731535315752,103.21624148149638,18.92611590644879,23.455259676212947,70.59384712028012,38.20511475581313,29.240928897313406,27.01509571984574,29.240928897313424,24.769312570734712,18.957611103785087,17.514548884095717,18.957611103785105,377,UP,0.707106781186543,0.7071067811865434
27.43935978855761,17.93881295280763,45.000000000000014,85.0,85.0,25.369312570734724,46.87637727596647,72.56064021144243,57.648659914144,102.61624148149639,18.46689578761068,22.182467470077178,71.70250255929362,38.80511475581313,29.700149016151517,27.439359788557667,29.700149016151528,25.36931257073471,19.416831222623195,17.938812952807645,19.416831222623212,378,UP,0.707106781186543,0.7071067811865434
27.863623857269538,18.36307702151956,45.000000000000014,85.0,85.0,25.969312570734722,47.98503271498003,72.13637614273051,56.540004475130445,102.01624148149637,18.007675668772578,20.909675263941388,72.81115799830715,39.40511475581312,30.159369134989618,27.863623857269594,30.159369134989635,25.969312570734708,19.8760513414613,18.363077021519572,19.87605134146132,379,UP,0.707106781186543,0.7071067811865434
28.287887925981465,18.787341090231486,45.000000000000014,85.0,85.0,26.569312570734716,49.09368815399357,71.71211207401859,55.43134903611691,101.41624148149636,17.548455549934474,19.636883057805598,73.91981343732066,40.005114755813125,30.61858925382773,28.287887925981522,30.618589253827743,26.569312570734706,20.335271460299406,18.7873410902315,20.335271460299428,380,UP,0.707106781186543,0.7071067811865434
28.712151994693393,19.211605158943414,45.000000000000014,85.0,85.0,27.169312570734714,50.20234359300712,71.28784800530667,54.32269359710336,100.81624148149639,17.089235431096355,18.364090851669808,75.0284688763342,40.605114755813126,31.077809372665836,28.71215199469345,31.07780937266585,27.169312570734707,20.794491579137514,19.211605158943428,20.794491579137535,381,UP,0.707106781186543,0.7071067811865434
29.13641606340532,19.63586922765534,45.000000000000014,85.0,85.0,27.769312570734716,51.31099903202065,70.86358393659475,53.21403815808981,100.21624148149637,16.630015312258255,17.09129864553403,76.13712431534772,41.20511475581312,31.53702949150394,29.136416063405377,31.537029491503958,27.769312570734705,21.253711697975618,19.635869227655355,21.253711697975643,382,UP,0.707106781186543,0.7071067811865434
29.56068013211725,20.06013329636727,45.000000000000014,85.0,85.0,28.369312570734717,52.41965447103422,70.4393198678828,52.105382719076275,99.61624148149639,16.170795193420147,15.818506439398256,77.24577975436122,41.80511475581312,31.996249610342048,29.560680132117305,31.996249610342062,28.3693125707347,21.712931816813725,20.060133296367283,21.712931816813754,383,UP,0.707106781186543,0.7071067811865434
29.984944200829176,20.484397365079197,45.000000000000014,85.0,85.0,28.96931257073471,53.52830991004776,70.01505579917088,50.99672728006275,99.01624148149637,15.711575074582045,14.545714233262466,78.35443519337475,42.40511475581312,32.45546972918015,29.984944200829233,32.455469729180166,28.969312570734704,22.172151935651833,20.48439736507921,22.172151935651858,384,UP,0.707106781186543,0.7071067811865434
30.409208269541104,20.908661433791124,45.000000000000014,85.0,85.0,29.56931257073471,54.6369653490613,69.59079173045896,49.888071841049204,98.41624148149639,15.252354955743936,14.09133856620889,79.46309063238829,43.00511475581312,32.914689848018256,30.40920826954116,32.91468984801828,29.569312570734702,22.63137205448994,20.90866143379114,22.631372054489965,385,UP,0.707106781186543,0.7071067811865434
30.83347233825303,21.332925502503052,45.000000000000014,85.0,85.0,30.169312570734714,55.745620788074845,69.16652766174701,48.77941640203564,97.81624148149639,14.793134836905828,13.667074497496962,80.57174607140182,43.605114755813126,33.37390996685637,30.833472338253088,33.37390996685639,30.169312570734704,23.090592173328048,21.332925502503066,23.090592173328076,386,UP,0.707106781186543,0.7071067811865434
31.25773640696496,21.75718957121498,45.000000000000014,85.0,85.0,30.769312570734716,56.85427622708841,68.74226359303509,47.6707609630221,97.21624148149638,14.333914718067723,13.242810428785035,81.68040151041532,44.20511475581311,33.83313008569447,31.257736406965016,33.83313008569449,30.769312570734698,23.549812292166155,21.757189571214994,23.54981229216618,387,UP,0.707106781186543,0.7071067811865434
31.682000475676887,22.181453639926907,45.000000000000014,85.0,85.0,31.36931257073471,57.962931666101944,68.31799952432317,46.83131061708992,96.61624148149637,13.874694599229615,12.818546360073107,82.78905694942885,44.805114755813115,34.29235020453258,31.682000475676944,34.292350204532596,31.3693125707347,24.009032411004263,22.18145363992692,24.009032411004288,388,UP,0.707106781186543,0.7071067811865434
32.106264544388814,22.605717708638835,45.000000000000014,85.0,85.0,31.969312570734704,59.07158710511552,67.89373545561125,46.26066501307793,96.01624148149638,13.415474480391513,12.39428229136118,83.77096749939736,45.405114755813116,34.751570323370686,32.10626454438887,34.7515703233707,31.9693125707347,24.468252529842367,22.60571770863885,24.4682525298424,389,UP,0.707106781186543,0.7071067811865434
32.53052861310074,23.029981777350763,45.000000000000014,85.0,85.0,32.56931257073471,60.180242544129065,67.46947138689933,45.69001940906593,95.41624148149639,12.956254361553404,11.970018222649252,83.31174738055927,46.00511475581312,35.21079044220879,32.5305286131008,35.210790442208804,32.569312570734695,24.927472648680475,23.029981777350777,24.927472648680503,390,UP,0.707106781186543,0.7071067811865434
32.95479268181267,23.45424584606269,45.000000000000014,85.0,85.0,33.16931257073471,61.288897983142604,67.04520731818738,45.11937380505396,94.81624148149639,12.497034242715296,11.545754153937331,82.85252726172116,46.60511475581311,35.6700105610469,32.95479268181273,35.670010561046915,33.16931257073469,25.386692767518582,23.454245846062705,25.386692767518614,391,UP,0.707106781186543,0.7071067811865434
33.3790567505246,23.878509914774618,45.000000000000014,85.0,85.0,33.769312570734705,62.39755342215614,66.62094324947546,44.548728201041975,94.21624148149638,12.037814123877185,11.121490085225403,82.39330714288305,47.20511475581312,36.129230679885005,33.379056750524654,36.12923067988502,33.7693125707347,25.84591288635669,23.878509914774632,25.845912886356718,392,UP,0.707106781186543,0.7071067811865434
33.803320819236525,24.302773983486546,45.000000000000014,85.0,85.0,34.36931257073469,63.50620886116969,66.19667918076354,43.97808259702999,93.61624148149639,11.578594005039083,10.697226016513468,19.497396777830964,47.805114755813115,36.588450798723116,33.80332081923658,36.58845079872313,34.36931257073469,26.305133005194797,24.30277398348656,26.30513300519483,393,UP,0.707106781186543,0.7071067811865434
34.22758488794845,24.727038052198473,45.000000000000014,85.0,85.0,34.969312570734694,64.61486430018326,65.77241511205159,43.407436993018,93.01624148149641,11.119373886200975,10.272961947801534,11.46780378723454,48.405114755813116,37.04767091756122,34.22758488794851,37.047670917561234,34.969312570734694,26.764353124032905,24.727038052198488,26.764353124032933,394,UP,0.707106781186543,0.7071067811865434
34.65184895666038,25.1513021209104,45.000000000000014,85.0,85.0,35.5693125707347,65.7235197391968,65.34815104333967,42.83679138900603,92.41624148149639,10.660153767362871,9.848697879089613,10.660153767362884,49.00511475581312,37.506891036399324,34.65184895666044,37.506891036399345,35.56931257073469,27.22357324287101,25.151302120910415,27.22357324287104,395,UP,0.707106781186543,0.7071067811865434
35.07611302537231,25.57556618962233,45.000000000000014,85.0,85.0,36.169312570734704,66.83217517821035,64.92388697462775,42.26614578499403,91.81624148149638,10.20093364852475,9.424433810377685,10.200933648524778,49.60511475581311,37.966111155237435,35.076113025372365,37.96611115523745,36.16931257073468,27.682793361709116,25.575566189622343,27.682793361709148,396,UP,0.707106781186543,0.7071067811865434
35.500377094084236,25.999830258334256,45.000000000000014,85.0,85.0,36.76931257073469,67.9408306172239,64.49962290591583,41.695500180982044,91.2162414814964,9.741713529686649,9.000169741665758,9.74171352968667,50.205114755813106,38.425331274075546,35.50037709408429,38.42533127407555,36.769312570734684,28.14201348054722,25.99983025833427,28.14201348054726,397,UP,0.707106781186543,0.7071067811865434
35.92464116279616,26.424094327046184,45.000000000000014,85.0,85.0,37.3693125707347,69.04948605623744,64.07535883720391,41.12485457697007,90.61624148149639,9.282493410848547,8.57590567295383,9.282493410848563,50.80511475581311,38.88455139291365,35.92464116279622,38.884551392913664,37.36931257073469,28.601233599385328,26.4240943270462,28.601233599385367,398,UP,0.707106781186543,0.7071067811865434
36.34890523150809,26.848358395758112,45.000000000000014,85.0,85.0,37.9693125707347,68.8954485174876,63.651094768491966,40.55420897295807,90.0162414814964,8.823273292010434,8.151641604241902,8.823273292010455,51.405114755813116,39.343771511751754,36.34890523150815,39.343771511751775,37.96931257073469,29.060453718223435,26.848358395758126,29.06045371822347,399,UP,0.707106781186543,0.7071067811865434
36.77316930022002,27.27262246447004,45.000000000000014,85.0,85.0,38.5693125707347,68.4362283986495,63.22683069978004,39.9835633689461,89.41624148149639,8.364053173172346,7.727377535529975,8.36405317317234,52.005114755813096,39.80299163058986,36.773169300220076,39.80299163058988,38.56931257073468,29.51967383706154,27.272622464470054,29.51967383706158,400,UP,0.707106781186543,0.7071067811865434
37.19743336893195,27.696886533181967,45.000000000000014,85.0,85.0,39.16931257073469,67.9770082798114,62.80256663106811,39.412917764934114,88.8162414814964,10.711952731921127,7.303113466818047,7.904833054334236,52.60511475581311,40.26221174942797,37.197433368932,40.26221174942798,39.16931257073468,29.97889395589965,27.69688653318198,29.97889395589969,401,UP,0.707106781186543,0.7071067811865434
37.621697437643874,28.121150601893895,45.000000000000014,85.0,85.0,39.7693125707347,67.5177881609733,62.37830256235617,38.842272160922114,88.21624148149641,13.388483728786326,6.878849398106119,7.445612935496131,9.728162112323666,40.72143186826607,37.62169743764393,40.72143186826609,39.769312570734684,30.438114074737754,28.12115060189391,30.438114074737797,402,UP,0.707106781186543,0.7071067811865434
38.0459615063558,28.545414670605822,45.000000000000014,85.0,85.0,40.3693125707347,67.05856804213518,61.954038493644255,38.27162655691015,87.6162414814964,16.065014725651558,6.454585329394185,6.986392816658021,9.128162112323672,41.18065198710418,38.04596150635586,41.18065198710419,40.369312570734685,30.897334193575862,28.545414670605837,30.8973341935759,403,UP,0.707106781186543,0.7071067811865434
38.47022557506773,28.96967873931775,45.000000000000014,85.0,85.0,40.969312570734694,66.59934792329707,61.52977442493233,37.70098095289817,87.0162414814964,76.88266571682551,6.030321260682264,6.527172697819918,8.528162112323676,41.63987210594229,38.470225575067786,41.6398721059423,40.96931257073468,31.356554312413966,28.969678739317764,31.356554312414012,404,UP,0.707106781186543,0.7071067811865434
38.89448964377966,29.393942808029678,45.000000000000014,85.0,85.0,41.56931257073469,66.14012780445897,61.1055103562204,37.13033534888618,86.4162414814964,76.4234455979874,5.606057191970336,6.067952578981805,7.928162112323672,42.0990922247804,38.894489643779714,42.09909222478041,41.56931257073468,31.815774431252073,29.393942808029692,31.81577443125212,405,UP,0.707106781186543,0.7071067811865434
39.318753712491585,29.818206876741606,45.000000000000014,85.0,85.0,42.16931257073468,65.68090768562085,60.681246287508486,36.55968974487419,85.8162414814964,75.96422547914932,5.181793123258409,5.608732460143697,7.328162112323688,42.5583123436185,39.31875371249164,42.55831234361852,42.16931257073468,32.274994550090184,29.81820687674162,32.27499455009023,406,UP,0.707106781186543,0.7071067811865434
39.74301778120351,30.242470945453533,45.000000000000014,85.0,85.0,42.769312570734684,65.22168756678275,60.256982218796544,35.989044140862205,85.21624148149641,75.50500536031119,4.757529054546481,5.149512341305584,6.728162112323681,43.01753246245661,39.74301778120357,43.01753246245662,42.76931257073468,32.73421466892829,30.242470945453547,32.73421466892833,407,UP,0.707106781186543,0.7071067811865434
40.16728184991544,30.66673501416546,45.000000000000014,85.0,85.0,43.36931257073469,64.76246744794466,59.83271815008462,35.418398536850205,84.6162414814964,75.04578524147307,4.667828685665427,4.690292222467482,6.128162112323673,43.47675258129471,40.1672818499155,43.476752581294726,43.36931257073468,33.19343478776639,30.666735014165475,33.19343478776644,408,UP,0.707106781186543,0.7071067811865434
40.59154591862737,31.09099908287739,45.000000000000014,85.0,85.0,43.96931257073469,64.30324732910654,59.40845408137269,34.84775293283823,84.01624148149641,74.586565122635,5.092092754377369,4.231072103629368,5.528162112323685,10.21471165596039,40.591545918627425,43.93597270013284,43.96931257073467,33.65265490660451,31.090999082877403,33.65265490660455,409,UP,0.707106781186543,0.7071067811865434
41.015809987339296,31.515263151589316,45.000000000000014,85.0,85.0,44.56931257073469,63.844027210268436,58.98419001266075,34.27710732882625,83.41624148149641,74.12734500379689,5.516356823089282,3.771851984791267,4.928162112323685,9.106056216946882,41.01580998733935,44.39519281897094,44.56931257073468,34.111875025442615,31.51526315158933,34.11187502544266,410,UP,0.707106781186543,0.7071067811865434
41.44007405605122,31.939527220301244,45.000000000000014,85.0,85.0,45.16931257073469,63.38480709143032,58.55992594394883,33.70646172481426,82.81624148149642,73.66812488495876,5.940620891801203,3.516728466316235,4.328162112323686,7.997400777933346,41.44007405605128,44.85441293780905,45.169312570734675,34.57109514428072,31.939527220301258,34.57109514428076,411,UP,0.707106781186543,0.7071067811865434
41.86433812476315,32.36379128901317,45.000000000000014,85.0,85.0,45.76931257073468,62.92558697259223,58.135661875236906,33.135816120802275,82.21624148149641,73.20890476612065,6.364884960513152,3.767884289057511,3.7281621123236874,6.888745338919775,41.86433812476321,45.313633056647156,45.76931257073468,35.03031526311882,32.363791289013186,35.03031526311887,412,UP,0.707106781186543,0.7071067811865434
42.28860219347508,32.7880553577251,45.000000000000014,85.0,85.0,46.36931257073467,62.466366853754124,57.71139780652498,32.565170516790275,81.61624148149642,72.74968464728254,6.789149029225072,4.019040111798796,3.200435544700758,5.780089899906231,42.288602193475135,45.77285317548526,46.36931257073467,35.48953538195693,32.78805535772511,35.48953538195698,413,UP,0.707106781186543,0.7071067811865434
42.712866262187006,33.21231942643703,45.000000000000014,85.0,85.0,46.96931257073469,62.007146734916,57.287133737813065,31.994524912778306,81.01624148149641,72.29046452844447,7.213413097936986,4.270195934540083,3.4004355447007577,4.671434460892687,42.71286626218706,46.232073294323364,46.96931257073467,35.94875550079504,33.21231942643704,35.94875550079509,414,UP,0.707106781186543,0.7071067811865434
43.137130330898934,33.636583495148955,45.000000000000014,85.0,85.0,47.56931257073468,61.547926616077895,56.86286966910112,31.423879308766303,80.41624148149641,71.83124440960634,7.637677166648949,4.521351757281369,3.6004355447007574,3.5627790218791553,43.13713033089899,46.691293413161475,47.569312570734674,36.40797561963315,33.63658349514897,36.40797561963319,415,UP,0.707106781186543,0.7071067811865434
43.56139439961086,34.06084756386088,45.000000000000014,85.0,85.0,48.16931257073468,61.088706497239805,56.438605600389195,30.853233704754338,79.81624148149642,71.37202429076822,8.061941235360855,4.7725075800226335,3.800435544700762,3.6145030615239633,43.56139439961092,47.15051353199958,48.169312570734675,36.86719573847125,34.0608475638609,36.86719573847131,416,UP,0.707106781186543,0.7071067811865434
43.98565846832279,34.48511163257281,45.000000000000014,85.0,85.0,48.769312570734684,60.629486378401694,56.01434153167727,30.282588100742363,79.21624148149643,70.91280417193015,8.486205304072783,5.02366340276392,4.000435544700757,3.8047182628612983,43.985658468322846,47.60973365083768,48.76931257073467,37.326415857309364,34.485111632572824,37.326415857309414,417,UP,0.707106781186543,0.7071067811865434
44.40992253703472,34.90937570128474,45.000000000000014,85.0,85.0,49.36931257073469,60.17026625956359,55.590077462965326,29.711942496730373,78.61624148149643,70.45358405309203,8.910469372784704,5.274819225505202,4.200435544700756,3.9949334641986276,44.409922537034774,48.068953769675794,49.36931257073467,37.78563597614747,34.90937570128475,37.78563597614752,418,UP,0.707106781186543,0.7071067811865434
44.834186605746645,35.333639769996665,45.000000000000014,85.0,85.0,49.96931257073468,59.71104614072547,55.16581339425341,29.14129689271838,78.01624148149642,69.9943639342539,9.334733441496653,5.525975048246492,4.4004355447007555,4.185148665535945,4.667366720748362,48.528173888513905,49.96931257073467,38.24485609498557,35.33363976999668,38.24485609498562,419,UP,0.707106781186543,0.7071067811865434
45.25845067445857,35.75790383870859,45.000000000000014,85.0,85.0,50.56931257073467,59.251826021887375,54.741549325541484,28.570651288706404,77.41624148149641,69.5351438154158,29.758997510208566,5.777130870987761,4.60043554470076,4.375363866873288,4.879498755104336,48.98739400735201,50.56931257073467,38.704076213823676,35.75790383870861,38.70407621382373,420,UP,0.707106781186543,0.7071067811865434
45.6827147431705,36.18216790742052,45.000000000000014,85.0,85.0,51.16931257073467,58.79260590304927,54.31728525682956,28.000005684694404,76.81624148149643,69.07592369657769,30.183261578920508,6.028286693729047,4.800435544700755,4.565579068210611,5.0916307894602895,49.44661412619011,51.16931257073467,39.16329633266179,36.182167907420535,39.163296332661844,421,UP,0.707106781186543,0.7071067811865434
46.10697881188243,36.60643197613245,45.000000000000014,85.0,85.0,51.76931257073466,58.33338578421115,53.89302118811764,27.42936008068242,76.21624148149643,68.6167035777396,30.60752564763242,6.2794425164703185,5.00043554470075,4.755794269547944,5.30376282381625,49.905834245028224,51.76931257073467,39.62251645149989,36.60643197613246,39.62251645149995,422,UP,0.707106781186543,0.7071067811865434
46.531242880594355,37.030696044844376,45.000000000000014,85.0,85.0,52.36931257073468,57.87416566537304,53.4687571194057,26.858714476670446,75.61624148149643,68.15748345890147,31.031789716344306,6.530598339211611,5.200435544700754,4.946009470885269,5.515894858172224,50.36505436386633,52.369312570734664,40.081736570338,37.03069604484439,40.08173657033805,423,UP,0.707106781186543,0.7071067811865434
46.95550694930628,37.454960113556304,45.000000000000014,85.0,85.0,52.96931257073468,57.41494554653495,53.044493050693774,26.288068872658464,75.01624148149642,67.69826334006338,31.456053785056277,6.781754161952887,5.400435544700754,5.136224672222591,5.7280268925281845,50.82427448270443,52.969312570734665,40.540956689176106,37.45496011355632,40.54095668917616,424,UP,0.707106781186543,0.7071067811865434
47.37977101801821,37.87922418226823,45.000000000000014,85.0,85.0,53.56931257073467,56.95572542769685,52.620228981981846,25.71742326864648,74.41624148149643,67.23904322122529,31.88031785376819,7.032909984694179,5.600435544700753,5.326439873559925,5.940158926884152,51.283494601542536,53.56931257073467,41.00017680801422,37.879224182268246,41.000176808014274,425,UP,0.707106781186543,0.7071067811865434
47.80403508673014,38.30348825098016,45.000000000000014,85.0,85.0,54.16931257073468,56.496505308858744,52.195964913269904,25.14677766463449,73.81624148149643,66.77982310238718,32.30458192248012,28.89609609215345,5.800435544700748,5.516655074897251,6.152290961240112,8.398598439700361,54.16931257073466,41.45939692685232,38.30348825098017,41.45939692685238,426,UP,0.707106781186543,0.7071067811865434
48.228299155442066,38.72775231969209,45.000000000000014,85.0,85.0,54.76931257073466,56.03728519002062,51.77170084455799,24.576132060622506,73.21624148149644,66.32060298354905,32.72884599119203,28.43687597331534,6.000435544700748,5.706870276234579,6.36442299559608,8.688183536370323,54.76931257073466,41.91861704569043,38.7277523196921,41.91861704569048,427,UP,0.707106781186543,0.7071067811865434
48.652563224153994,39.152016388404014,45.000000000000014,85.0,85.0,55.36931257073467,55.57806507118252,51.34743677584606,24.005486456610523,72.61624148149643,65.86138286471095,33.15311005990397,27.977655854477227,6.200435544700747,5.897085477571901,6.576555029952047,8.977768633040286,55.36931257073466,42.377837164528536,39.15201638840403,42.37783716452859,428,UP,0.707106781186543,0.7071067811865434
49.07682729286592,39.57628045711594,45.000000000000014,85.0,85.0,55.96931257073466,55.118844952344425,50.923172707134135,23.434840852598537,72.01624148149644,65.40216274587283,33.5773741286159,27.51843573563913,6.400435544700747,6.087300678909238,6.788687064308007,9.26735372971024,55.969312570734665,42.83705728336664,39.576280457115956,42.837057283366704,429,UP,0.707106781186543,0.7071067811865434
49.50109136157785,40.00054452582787,45.000000000000014,85.0,85.0,56.56931257073467,54.6596248335063,25.49863637550827,22.864195248586547,71.41624148149643,64.94294262703475,34.00163819732784,27.05921561680102,6.6004355447007566,6.2775158802465665,7.000819098663975,9.556938826380225,56.56931257073466,43.29627740220475,40.000544525827884,43.29627740220481,430,UP,0.707106781186543,0.7071067811865434
49.92535543028978,40.4248085945398,45.000000000000014,85.0,85.0,57.16931257073467,54.20040471466819,24.86224027244038,22.29354964457456,70.81624148149643,64.48372250819662,34.42590226603977,26.599995497962908,7.460711161992952,6.467731081583892,7.212951133019942,9.84652392305018,57.169312570734654,43.755497521042855,40.42480859453981,43.75549752104292,431,UP,0.707106781186543,0.7071067811865434
50.349619499001705,40.849072663251725,45.000000000000014,85.0,85.0,57.76931257073468,53.7411845958301,24.225844169372493,21.72290404056258,70.21624148149644,64.0245023893585,59.150927336748275,26.1407753791248,9.260711161992944,6.657946282921217,7.425083167375895,10.136109019720148,57.769312570734655,44.21471763988096,40.84907266325174,44.214717639881016,432,UP,0.707106781186543,0.7071067811865434
50.77388356771363,41.27333673196365,45.000000000000014,85.0,85.0,58.369312570734664,53.281964476991995,23.58944806630459,21.152258436550593,69.61624148149644,63.565282270520434,58.72666326803635,25.681555260286693,11.06071116199292,6.848161484258552,7.637215201731848,10.42569411639011,58.36931257073466,44.67393775871907,41.27333673196367,44.673937758719134,433,UP,0.707106781186543,0.7071067811865434
51.19814763642556,41.69760080067558,45.000000000000014,85.0,85.0,58.969312570734665,52.822744358153884,22.953051963236703,20.581612832538607,69.01624148149645,63.10606215168233,58.30239919932445,25.222335141448585,12.86071116199289,7.038376685595876,7.849347236087816,10.715279213060079,58.96931257073465,45.133157877557174,41.697600800675595,45.13315787755724,434,UP,0.707106781186543,0.7071067811865434
51.62241170513749,42.12186486938751,45.000000000000014,85.0,85.0,59.56931257073466,52.363524239315765,22.31665586016883,20.01096722852661,68.41624148149644,62.646842032844184,57.87813513061249,24.763115022610478,14.660711161992912,7.228591886933206,8.061479270443797,11.004864309730042,59.56931257073465,45.592377996395285,42.12186486938752,45.59237799639534,435,UP,0.707106781186543,0.7071067811865434
52.046675773849415,42.546128938099436,45.000000000000014,85.0,85.0,60.16931257073466,51.904304120477676,21.680259757100927,19.440321624514624,67.81624148149643,62.18762191400609,57.453871061900564,24.303894903772367,16.46071116199291,7.944627721836837,8.27361130479975,11.294449406400004,60.169312570734654,46.05159811523338,42.54612893809945,46.05159811523346,436,LEFT,-0.7071067811865434,0.707106781186543
52.046675773849415,42.546128938099436,48.000000000000014,85.0,85.0,63.58419198550564,50.87122164608956,21.15565219928793,20.698055025403374,71.66511854403645,60.94986440214135,57.53271765191745,24.877284674627035,14.243837307771305,7.502197625615026,8.50790578647139,12.037324841498164,57.251463617159594,45.13500555635844,42.604516947874686,47.13807069073353,437,LEFT,-0.7431448254773898,0.6691306063588539
52.046675773849415,42.546128938099436,51.000000000000014,85.0,85.0,61.704398664375844,50.012867364210656,20.711260111166364,22.220478382201115,73.9293181864932,59.92145235704673,30.365458368398595,25.550106772371773,12.583609424542082,7.515811516441535,8.780625112677754,12.92271742884833,54.74663840282357,44.373438917533555,42.78048491063592,48.41295000415498,438,LEFT,-0.7771459614569662,0.6293203910498334
52.046675773849415,42.546128938099436,54.00000000000002,85.0,85.0,59.27356849060962,49.315927220927186,20.339756451162394,24.05581338552615,71.01689020301714,59.08643393494044,28.101202025970196,26.334521877596938,11.297738180996348,7.596793226886665,9.09716782791659,13.990089392101943,52.589907546961854,43.75508543158051,43.076471787105454,49.899278402313946,439,UP,0.5877852522924693,0.8090169943749426
52.3993469252249,43.031539134724405,54.00000000000002,85.0,85.0,58.83764297380642,48.95323485048524,19.78119266774217,23.869868596029523,70.41689020301715,58.58723071357131,28.270308078494704,25.765219354776317,12.453529454733243,7.697763569379276,9.218079918566461,14.176034181598569,53.189907546961855,44.25428865294965,43.56793268289013,50.46858092513457,440,UP,0.5877852522924693,0.8090169943749426
52.75201807660038,43.51694933134937,54.00000000000002,85.0,85.0,58.401717457003194,48.59054248004329,19.22262888432193,23.6839238065329,69.81689020301715,58.08802749220217,28.43941413101921,25.195916831955696,13.609320728470134,8.19320442711058,9.338992009216316,14.361978971095201,53.78990754696186,44.753491874318776,44.05939357867481,51.03788344795518,441,UP,0.5877852522924693,0.8090169943749426
53.10468922797586,44.00235952797434,54.00000000000002,85.0,85.0,57.9657919402,48.22785010960134,18.66406510090171,23.497979017036265,69.21689020301716,57.58882427083304,28.608520183543707,24.626614309135086,14.765112002206989,8.88902417959731,9.45990409986618,14.547923760591836,54.38990754696186,45.25269509568791,44.55085447445949,51.6071859707758,442,UP,0.5877852522924693,0.8090169943749426
53.45736037935134,44.48776972459931,54.00000000000002,85.0,85.0,57.529866423396776,47.8651577391594,18.10550131748147,23.3120342275396,68.61689020301715,57.0896210494639,28.777626236068205,24.05731178631447,15.920903275943845,9.58484393208404,9.580816190516042,14.733868550088479,54.98990754696186,45.75189831705705,45.04231537024417,52.17648849359642,443,UP,0.5877852522924693,0.8090169943749426
53.810031530726825,44.97317992122428,54.00000000000002,85.0,85.0,57.09394090659356,47.502465368717445,17.546937534061243,23.126089438042992,68.01689020301714,56.590417828094765,28.946732288592713,23.488009263493844,66.51285684338544,10.280663684570793,9.701728281165899,14.919813339585106,55.589907546961854,46.25110153842618,45.533776266028845,52.74579101641703,444,UP,0.5877852522924693,0.8090169943749426
54.16270268210231,45.45859011784925,54.00000000000002,85.0,85.0,56.65801538979035,21.16292958691502,16.98837375064102,22.940144648546347,67.41689020301715,56.091214606725636,29.115838341117207,22.91870674067323,66.94878236018864,10.976483437057523,9.822640371815762,15.105758129081732,56.18990754696186,46.75030475979532,46.02523716181352,53.31509353923765,445,UP,0.5877852522924693,0.8090169943749426
54.51537383347779,45.944000314474216,54.00000000000002,85.0,85.0,56.22208987298715,20.467109834428296,16.42980996722077,22.754199859049688,66.81689020301714,55.5920113853565,29.28494439364173,22.349404217852605,67.38470787699185,11.672303189544275,9.943552462465625,15.291702918578386,56.78990754696186,47.24950798116445,46.5166980575982,53.88439606205827,446,UP,0.5877852522924693,0.8090169943749426
54.86804498485327,46.429410511099185,54.00000000000002,85.0,85.0,55.78616435618392,19.77129008194154,15.871246183800544,22.568255069553082,66.21689020301714,55.09280816398737,54.23835362541745,21.780101695032002,67.82063339379506,12.36812294203101,10.064464553115474,15.477647708075015,57.38990754696186,47.748711202533585,47.00815895338288,54.453698584878886,447,UP,0.5877852522924693,0.8090169943749426
55.22071613622875,46.914820707724154,54.00000000000002,85.0,85.0,55.350238839380694,19.075470329454802,15.312682400380307,22.382310280056434,65.61689020301714,54.59360494261823,53.746892729632776,21.21079917221139,68.2565589105983,13.063942694517738,10.486976306373286,15.66359249757164,57.98990754696186,48.247914423902714,47.49961984916756,55.0230011076995,448,UP,0.5877852522924693,0.8090169943749426
55.573387287604234,47.40023090434912,54.00000000000002,85.0,85.0,54.91431332257748,18.379650576968064,14.754118616960083,22.19636549055982,65.01689020301714,54.0944017212491,53.25543183384809,20.641496649390756,68.6924844274015,13.759762447004501,11.045540089793509,15.849537287068282,58.58990754696186,48.74711764527185,47.991080744952235,55.592303630520114,449,UP,0.5877852522924693,0.8090169943749426
55.926058438979716,47.88564110097409,54.00000000000002,85.0,85.0,54.47838780577429,17.683830824481323,14.312452584731943,22.01042070106318,64.41689020301715,53.59519849987996,52.763970938063416,20.534206354704857,69.1284099442047,14.45558219949123,11.604103873213747,16.03548207656491,59.18990754696186,49.246320866640986,48.48254164073692,56.161606153340735,450,UP,0.5877852522924693,0.8090169943749426
56.2787295903552,48.37105129759906,54.00000000000002,85.0,85.0,54.04246228897106,16.9880110719946,14.191540494082089,21.824475911566527,63.81689020301714,53.09599527851083,52.27251004227874,20.650104217192165,69.56433546100793,15.15140195197797,12.162667656633978,16.221426866061535,59.789907546961864,49.745524088010114,48.97400253652159,56.73090867616135,451,UP,0.5877852522924693,0.8090169943749426
56.63140074173068,48.85646149422403,54.00000000000002,85.0,85.0,53.60653677216784,16.292191319507857,14.070628403432215,50.863894373452055,63.21689020301714,52.59679205714169,51.781049146494055,20.766002079679474,70.00026097781114,15.847221704464706,12.721231440054218,16.407371655558187,60.389907546961865,50.24472730937926,49.46546343230627,57.30021119898196,452,UP,0.5877852522924693,0.8090169943749426
56.98407189310616,49.341871690849,54.00000000000002,85.0,85.0,53.17061125536465,15.596371567021105,13.94971631278236,50.45027187932214,62.61689020301714,52.09758883577256,51.289588250709386,20.881899942166775,26.63919900691857,16.543041456951457,13.27979522347444,16.593316445054818,60.98990754696186,50.743930530748386,49.95692432809095,57.86951372180258,453,UP,0.5877852522924693,0.8090169943749426
57.33674304448164,49.827281887473966,54.00000000000002,85.0,85.0,52.734685738561424,14.900551814534365,13.828804222132488,50.03664938519222,62.01689020301715,51.598385614403426,50.7981273549247,20.9977978046541,25.81336985463585,17.238861209438184,13.838359006894663,16.779261234551456,61.58990754696187,51.24313375211752,50.448385223875626,58.43881624462321,454,UP,0.5877852522924693,0.8090169943749426
57.689414195857125,50.312692084098934,54.00000000000002,85.0,85.0,52.2987602217582,14.204732062047643,13.707892131482621,49.6230268910623,61.41689020301713,51.0991823930343,50.306666459140025,21.1136956671414,24.98754070235311,17.934680961924933,14.396922790314896,16.965206024048094,62.189907546961855,51.74233697348666,50.93984611966031,59.00811876744382,455,UP,0.5877852522924693,0.8090169943749426
58.04208534723261,50.7981022807239,54.00000000000002,85.0,85.0,51.862834704954984,13.508912309560888,13.586980040832747,49.20940439693238,60.81689020301714,50.59997917166516,49.81520556335535,21.22959352962871,24.161711550070407,59.69136244310679,14.955486573735136,17.151150813544707,62.789907546961864,52.24154019485579,51.431307015444986,59.57742129026444,456,UP,0.5877852522924693,0.8090169943749426
58.39475649860809,51.28351247734887,54.00000000000002,85.0,85.0,51.42690918815177,12.813092557074148,13.466067950182907,48.79578190280249,60.216890203017144,50.100775950296025,49.32374466757067,21.34549139211602,23.335882397787714,60.05405481354874,15.514050357155368,17.337095603041366,63.389907546961865,52.74074341622493,51.922767911229656,60.146723813085046,457,UP,0.5877852522924693,0.8090169943749426
58.74742764998357,51.76892267397384,54.00000000000002,85.0,85.0,50.99098367134857,12.117272804587412,13.345155859533039,48.38215940867254,59.616890203017135,49.60157272892689,48.83228377178599,21.461389254603326,22.510053245505052,60.41674718399069,16.072614140575602,17.523040392537986,63.98990754696186,53.23994663759406,52.41422880701434,60.716026335905674,458,UP,0.5877852522924693,0.8090169943749426
59.10009880135905,52.25433287059881,54.00000000000002,85.0,85.0,18.97160252182545,11.421453052100683,13.224243768883182,47.96853691454263,59.01689020301714,49.10236950755775,48.34082287600131,21.57728711709062,21.68422409322232,60.779439554432635,16.63117792399582,17.708985182034628,64.58990754696187,53.73914985896319,52.905689702799016,61.28532885872629,459,UP,0.5877852522924693,0.8090169943749426
59.452769952734535,52.73974306722378,54.00000000000002,85.0,85.0,17.815811248088533,10.942229848435126,13.103331678233308,47.554914420412715,58.41689020301713,48.60316628618862,47.849361980216635,21.69318497957793,20.858394940939608,61.14213192487458,17.189741707416076,17.894929971531262,65.18990754696186,54.238353080332324,53.3971505985837,61.8546313815469,460,UP,0.5877852522924693,0.8090169943749426
59.80544110411002,53.225153263848746,54.00000000000002,85.0,85.0,16.66001997435165,10.841259505942507,12.982419587583456,47.141291926282804,57.81689020301714,48.10396306481949,47.35790108443196,21.809082842065248,20.032565788656903,61.504824295316524,17.74830549083628,18.0808747610279,65.78990754696187,54.73755630170146,53.88861149436837,62.423933904367516,461,UP,0.5877852522924693,0.8090169943749426
60.1581122554855,53.710563460473715,54.00000000000002,85.0,85.0,15.504228700614794,10.740289163449887,12.8615074969336,46.72766943215289,57.216890203017144,47.60475984345035,46.866440188647275,21.92498070455255,19.206736636374213,61.86751666575848,18.30686927425652,18.26681955052453,66.38990754696187,55.236759523070596,54.38007239015305,62.99323642718814,462,UP,0.5877852522924693,0.8090169943749426
60.51078340686098,54.19597365709868,54.00000000000002,85.0,85.0,14.34843742687794,10.639318820957266,12.74059540628373,46.31404693802297,56.61689020301714,47.10555662208122,46.374979292862605,22.04087856703987,18.96147806601709,62.23020903620043,18.865433057676757,18.45276434002116,66.98990754696187,55.73596274443973,54.87153328593773,63.56253895000875,463,UP,0.5877852522924693,0.8090169943749426
60.86345455823646,54.68138385372365,54.00000000000002,85.0,85.0,13.192646153141048,10.538348478464647,12.619683315633875,45.90042444389306,56.016890203017134,46.60635340071209,45.88351839707792,22.15677642952715,19.06118347343844,62.592901406642376,19.423996841096997,18.638709129517785,67.58990754696187,56.23516596580887,55.36299418172241,64.13184147282936,464,UP,0.5877852522924693,0.8090169943749426
61.216125709611944,55.16679405034862,54.00000000000002,85.0,85.0,12.036854879404187,10.437378135972025,12.498771224984003,45.486801949763155,55.41689020301714,46.107150179342945,45.392057501293245,22.27267429201446,19.1608888808598,62.955593777084324,19.982560624517223,19.121756470229023,68.18990754696186,56.734369187178,55.85445507750708,64.70114399564999,465,UP,0.5877852522924693,0.8090169943749426
61.568796860987426,55.65220424697359,54.00000000000002,85.0,85.0,10.881063605667313,10.336407793479406,12.377859134334154,45.073179455633216,54.81689020301714,45.607946957973816,44.90059660550857,22.38857215450177,19.26059428828115,63.31828614752627,20.54112440793746,19.656258571353504,68.78990754696187,57.23357240854713,56.34591597329176,65.2704465184706,466,UP,0.5877852522924693,0.8090169943749426
61.92146801236291,56.13761444359856,54.00000000000002,85.0,85.0,10.107210057854658,10.235437450986787,12.25694704368429,44.65955696150329,54.21689020301714,45.10874373660468,44.40913570972389,25.892228369840176,19.36029969570251,63.68097851796823,21.099688191357686,20.190760672477964,69.38990754696187,57.73277562991626,56.837376869076444,65.83974904129121,467,UP,0.5877852522924693,0.8090169943749426
62.27413916373839,56.62302464022353,54.00000000000002,85.0,85.0,10.007504650433315,10.134467108494164,12.13603495303443,44.24593446737338,53.616890203017135,44.609540515235544,43.91767481393921,32.08255529090716,19.460005103123862,64.04367088841016,21.658251974777926,20.72526277360241,69.98990754696186,58.2319788512854,57.32883776486112,66.40905156411183,468,UP,0.5877852522924693,0.8090169943749426
62.62681031511387,57.108434836848495,54.00000000000002,85.0,85.0,9.907799243011958,10.033496766001534,12.015122862384565,43.832311973243456,53.016890203017134,44.110337293866415,43.42621391815454,50.30441557446892,19.55971051054522,64.40636325885211,22.21681575819815,21.259764874726887,70.58990754696187,58.73118207265453,57.8202986606458,66.97835408693246,469,UP,0.5877852522924693,0.8090169943749426
62.979481466489354,57.593845033473464,54.00000000000002,85.0,85.0,9.808093835590602,9.93252642350892,11.894210771734716,43.418689479113546,52.41689020301714,43.61113407249727,42.934753022369854,49.73511305164829,19.659415917966577,64.76905562929406,22.77537954161838,21.79426697585135,71.18990754696188,59.23038529402367,58.31175955643048,67.54765660975308,470,UP,0.5877852522924693,0.8090169943749426
63.332152617864836,58.07925523009843,54.00000000000002,85.0,85.0,9.70838842816925,9.831556081016299,11.773298681084857,43.00506698498362,51.81689020301714,43.11193085112814,42.44329212658518,49.16581052882767,19.759121325387934,65.131747999736,23.333943325038604,22.32876907697581,71.78990754696187,59.729588515392805,58.80322045221516,68.11695913257368,471,UP,0.5877852522924693,0.8090169943749426
63.68482376924032,58.5646654267234,54.00000000000002,85.0,85.0,9.608683020747893,9.730585738523681,36.76784947048967,42.59144449085371,51.21689020301713,42.61272762975901,41.9518312308005,48.596508006007056,19.858826732809288,27.56676965856922,23.892507108458833,22.863271178100284,72.38990754696187,60.228791736761934,59.294681347999834,21.136157108484475,472,UP,0.5877852522924693,0.8090169943749426
64.0374949206158,59.05007562334837,54.00000000000002,85.0,85.0,9.508977613326532,9.629615396031056,36.410782228850486,42.17782199672378,50.616890203017135,42.11352440838988,41.460370335015824,48.027205483186435,19.958532140230638,25.48743859537187,25.88991896579071,23.397773279224737,72.98990754696187,60.72799495813107,59.78614224378451,14.945830187417613,473,UP,0.5877852522924693,0.8090169943749426
64.39016607199127,59.53548581997334,54.00000000000002,85.0,85.0,9.409272205905202,9.52864505353844,36.053714987211315,41.76419950259388,50.016890203017134,41.61432118702074,40.96890943923114,47.45790296036582,20.05823754765199,23.408107532174675,28.992880940954677,23.9322753803492,73.58990754696187,61.227198179500206,60.27760313956919,10.93736603088256,474,UP,0.5877852522924693,0.8090169943749426
64.74283722336675,60.02089601659831,54.00000000000002,85.0,85.0,9.309566798483843,9.427674711045839,35.69664774557215,41.35057700846398,49.416890203017125,41.115117965651606,40.477448543446464,46.88860043754521,20.15794295507334,21.328776468977345,32.09584291611881,24.466777481473653,74.18990754696188,61.726401400869335,60.76906403535387,10.821468168395274,475,UP,0.5877852522924693,0.8090169943749426
65.09550837474222,60.506306213223276,54.00000000000002,85.0,85.0,9.209861391062486,9.326704368553223,35.33958050393296,40.93695451433407,48.81689020301713,40.61591474428247,39.98598764766179,46.31929791472459,20.25764836249468,20.51465157363215,35.19880489128289,25.00127958259811,74.78990754696187,62.22560462223847,61.26052493113855,10.70557030590797,476,UP,0.5877852522924693,0.8090169943749426
65.4481795261177,60.991716409848244,54.00000000000002,85.0,85.0,9.110155983641143,9.2257340260606,34.98251326229381,40.52333202020416,48.21689020301714,40.11671152291334,39.49452675187711,45.749995391903965,20.357353769916035,20.615621916124766,66.26399931650661,25.535781683722565,75.38990754696188,62.72480784360761,61.75198582692322,10.589672443420662,477,UP,0.5877852522924693,0.8090169943749426
65.80085067749317,61.47712660647321,54.00000000000002,85.0,85.0,9.010450576219792,9.124763683567998,34.625446020654636,40.10970952607425,47.61689020301713,39.617508301544206,39.003065856092434,45.18069286908335,20.45705917733738,20.716592258617364,66.62106655814577,26.070283784847028,75.98990754696186,63.22401106497674,62.2434467227079,10.47377458093337,478,UP,0.5877852522924693,0.8090169943749426
66.15352182886865,61.96253680309818,54.00000000000002,85.0,85.0,8.910745168798446,9.023793341075384,34.268378779015464,39.69608703194434,47.01689020301713,39.118305080175084,38.51160496030775,44.61139034626273,20.556764584758746,20.81756260110999,66.97813379978494,26.604785885971488,76.58990754696187,63.72321428634587,62.73490761849258,10.357876718446072,479,UP,0.5877852522924693,0.8090169943749426
66.50619298024412,62.44794699972315,54.00000000000002,85.0,85.0,8.811039761377092,10.486166695664956,33.911311537376264,39.28246453781443,46.41689020301714,38.61910185880595,38.02014406452307,44.042087823442124,20.65646999218009,20.918532943602607,67.33520104142411,27.139287987095944,77.18990754696186,64.22241750771501,63.226368514277254,10.24197885595877,480,UP,0.5877852522924693,0.8090169943749426
66.8588641316196,62.93335719634812,54.00000000000002,85.0,85.0,8.711334353955749,12.565497758862216,33.55424429573712,38.86884204368452,45.81689020301714,38.11989863743681,37.5286831687384,43.4727853006215,21.015396276083784,21.019503286095212,67.69226828306329,27.673790088220407,77.78990754696187,64.72162072908415,63.71782941006193,10.126080993471465,481,UP,0.5877852522924693,0.8090169943749426
67.21153528299507,63.41876739297309,54.00000000000002,85.0,85.0,8.611628946534392,14.644828822059479,33.197177054097956,38.45521954955461,45.216890203017144,37.620695416067676,37.03722227295372,42.90348277780088,22.171187549820647,21.12047362858782,68.04933552470246,28.208292189344863,78.38990754696187,65.22082395045328,64.20929030584662,10.010183130984174,482,UP,0.5877852522924693,0.8090169943749426
67.56420643437055,63.904177589598056,54.00000000000002,85.0,85.0,8.511923539113047,16.724159885256782,32.840109812458785,38.0415970554247,44.616890203017135,37.12149219469855,36.545761377169036,42.334180254980275,23.326978823557507,21.22144397108045,68.40640276634163,28.742794290469316,78.98990754696186,65.72002717182241,64.70075120163129,9.894285268496866,483,UP,0.5877852522924693,0.8090169943749426
67.91687758574602,64.38958778622302,54.00000000000002,85.0,85.0,8.412218131691702,32.99477055103959,32.483042570819606,37.62797456129479,44.01689020301714,36.622288973329404,36.054300481384374,41.764877732159654,24.482770097294402,21.322414313573066,68.7634700079808,29.27729639159378,79.58990754696187,66.21923039319154,14.267601306855047,9.778387406009568,484,UP,0.5877852522924693,0.8090169943749426
68.2695487371215,64.87499798284799,54.00000000000002,85.0,85.0,8.312512724270334,32.63207818059765,32.12597532918045,37.21435206716488,43.41689020301713,36.123085751960275,35.56283958559968,41.19557520933903,25.638561371031212,21.42338465606567,69.12053724961996,29.81179849271823,80.18990754696186,66.71843361456068,14.098495254330537,9.662489543522263,485,UP,0.5877852522924693,0.8090169943749426
68.62221988849697,65.36040817947296,54.00000000000002,85.0,85.0,9.119671101931136,32.26938581015571,31.768908087541277,36.80072957303498,42.81689020301714,35.62388253059114,35.07137868981501,40.62627268651841,26.794352644768146,21.524354998558294,69.47760449125913,30.346300593842688,80.78990754696187,67.21763683592981,13.929389201806039,9.546591681034965,486,UP,0.5877852522924693,0.8090169943749426
68.97489103987245,65.84581837609792,54.00000000000002,85.0,85.0,9.945500254213831,31.90669343971377,31.41184084590211,36.38710707890507,42.216890203017144,35.12467930922201,34.57991779403033,40.0569701636978,27.950143918504978,21.625325341050903,69.8346717328983,30.880802694967155,81.38990754696187,67.71684005729894,13.760283149281557,9.430693818547669,487,UP,0.5877852522924693,0.8090169943749426
69.32756219124792,66.33122857272289,54.00000000000002,85.0,85.0,10.77132940649653,31.544001069271847,31.05477360426291,35.973484584775164,41.61689020301714,34.62547608785287,34.08845689824567,39.48766764087717,29.1059351922418,21.726295683543526,70.19173897453747,31.4153047960916,81.98990754696186,68.21604327866807,13.591177096757072,9.314795956060376,488,UP,0.5877852522924693,0.8090169943749426
69.6802333426234,66.81663876934786,54.00000000000002,85.0,85.0,11.597158558779219,31.181308698829888,30.69770636262377,35.55986209064525,41.016890203017134,34.12627286648374,33.59699600246097,38.918365118056556,30.26172646597874,21.827266026036128,70.54880621617664,31.94980689721606,82.58990754696187,68.71524650003721,13.422071044232554,9.198898093573067,489,UP,0.5877852522924693,0.8090169943749426
70.03290449399887,67.30204896597283,54.00000000000002,85.0,85.0,12.42298771106195,30.81861632838795,30.340639120984598,35.14623959651534,40.41689020301714,33.6270696451146,33.10553510667631,38.34906259523594,55.62907695710131,21.928236368528744,70.90587345781582,32.48430899834052,83.18990754696186,69.21444972140634,13.252964991708058,9.083000231085776,490,UP,0.5877852522924693,0.8090169943749426
70.38557564537435,67.7874591625978,54.00000000000002,85.0,85.0,13.248816863344654,30.455923957946013,29.983571879345426,34.73261710238543,39.81689020301714,33.12786642374547,32.614074210891616,37.77976007241532,54.80324780481859,22.02920671102136,71.26294069945499,33.01881109946497,83.78990754696187,69.71365294277548,13.083858939183566,9.133347792145283,491,UP,0.5877852522924693,0.8090169943749426
70.73824679674982,68.27286935922277,54.00000000000002,85.0,85.0,14.074646015627366,30.093231587504068,29.626504637706244,34.31899460825552,39.21689020301714,32.62866320237633,32.122613315106946,37.21045754959471,53.977418652535896,22.130177053513975,71.62000794109414,33.553313200589436,84.38990754696187,70.21285616414461,12.914752886659063,9.702650314965908,492,UP,0.5877852522924693,0.8090169943749426
71.0909179481253,68.75827955584774,54.00000000000002,85.0,85.0,14.900475167910086,29.73053921706213,29.269437396067087,33.905372114125626,38.616890203017135,32.1294599810072,31.631152419322255,36.641155026774086,53.15158950025318,22.23114739600659,71.97707518273332,34.0878153017139,84.98990754696187,70.71205938551374,12.745646834134588,10.27195283778652,493,UP,0.5877852522924693,0.8090169943749426
71.44358909950077,69.2436897524727,54.00000000000002,85.0,85.0,15.726304320192781,29.367846846620186,28.91237015442792,33.491749619995716,38.016890203017134,31.630256759638065,31.139691523537593,36.07185250395347,52.325760347970494,22.3321177384992,26.742734329124122,34.62231740283835,85.58990754696187,71.21126260688288,12.576540781610106,10.84125536060715,494,UP,0.5877852522924693,0.8090169943749426
71.79626025087624,69.72909994909767,54.00000000000002,85.0,85.0,34.86173954962987,29.005154476178248,28.555302912788747,33.0781271258658,37.41689020301713,31.131053538268933,30.648230627752902,35.50254998113286,51.49993119568777,22.43308808099181,26.86364641977399,35.1568195039628,86.18990754696186,71.71046582825201,12.407434729085598,11.410557883427767,495,UP,0.5877852522924693,0.8090169943749426
72.14893140225172,70.21451014572264,54.00000000000002,85.0,85.0,34.42581403282665,28.64246210573632,28.198235671149547,32.664504631735895,36.81689020301714,30.631850316899797,30.156769731968232,34.93324745831223,50.67410204340508,23.08917225099193,26.984558510423835,35.69132160508726,86.78990754696187,72.20966904962116,12.238328676561087,11.979860406248372,496,UP,0.5877852522924693,0.8090169943749426
72.5016025536272,70.69992034234761,54.00000000000002,85.0,85.0,33.98988851602344,28.279769735294366,27.84116842951041,32.25088213760599,36.21689020301713,30.132647095530665,29.66530883618354,34.36394493549162,49.848272891122356,23.784992003478678,27.105470601073698,36.22582370621172,87.38990754696187,72.70887227099028,12.069222624036623,12.54916292906899,497,UP,0.5877852522924693,0.8090169943749426
72.85427370500267,71.18533053897258,54.00000000000002,85.0,85.0,33.553962999220225,27.917077364852418,27.48410118787124,31.837259643476074,35.616890203017135,29.63344387416153,29.17384794039888,33.794642412671,49.02244373883968,24.4808117559654,27.226382691723547,36.76032580733618,87.98990754696187,73.20807549235941,11.900116571512122,13.118465451889616,498,UP,0.5877852522924693,0.8090169943749426
73.20694485637814,71.67074073559755,54.00000000000002,85.0,85.0,33.118037482417044,27.554384994410476,27.127033946232068,31.423637149346163,35.016890203017134,29.134240652792396,28.68238704461419,33.22533988985038,48.19661458655696,25.176631508452136,27.347294782373393,37.294827908460626,88.58990754696187,73.70727871372856,11.816217986905945,13.687767974710212,499,UP,0.5877852522924693,0.8090169943749426
73.55961600775362,72.15615093222252,54.00000000000002,85.0,85.0,32.682111965613814,27.191692623968542,26.769966704592886,31.01001465521626,34.41689020301715,28.63503743142326,28.190926148829526,32.65603736702977,47.37078543427425,25.87245126093887,27.46820687302325,37.8293300095851,89.18990754696186,74.20648193509768,12.307678882690626,14.257070497530838,500,UP,0.5877852522924693,0.8090169943749426
73.9122871591291,72.64156112884748,54.00000000000002,85.0,85.0,32.246186448810604,26.829000253526598,26.41289946295373,30.596392161086353,33.81689020301713,28.135834210054128,27.69946525304483,32.08673484420915,46.54495628199154,26.568271013425605,27.589118963673116,38.363832110709545,89.78990754696187,74.70568515646681,12.799139778475302,14.826373020351461,501,UP,0.5877852522924693,0.8090169943749426
74.26495831050457,73.12697132547245,54.00000000000002,85.0,85.0,31.810260932007406,26.466307883084664,26.055832221314557,30.18276966695644,33.216890203017115,27.636630988684992,27.208004357260165,31.517432321388537,45.71912712970885,27.264090765912353,27.71003105432296,38.898334211834005,90.38990754696187,75.20488837783596,13.290600674259988,15.395675543172079,502,UP,0.5877852522924693,0.8090169943749426
74.61762946188004,73.61238152209742,54.00000000000002,85.0,85.0,31.374335415204214,26.103615512642723,25.698764979675392,29.769147172826532,32.61689020301712,27.13742776731586,26.716543461475478,30.948129798567916,44.893297977426144,27.95991051839908,27.830943144972828,39.432836312958464,90.98990754696187,75.70409159920509,13.782061570044664,15.964978065992675,503,UP,0.5877852522924693,0.8090169943749426
74.97030061325552,74.09779171872239,54.00000000000002,85.0,85.0,30.938409898400998,25.740923142200796,25.34169773803619,29.35552467869663,32.01689020301713,26.638224545946724,26.22508256569081,30.378827275747295,44.06746882514346,28.655730270885797,27.951855235622684,39.96733841408292,91.58990754696187,76.20329482057421,14.273522465829345,16.53428058881331,504,UP,0.5877852522924693,0.8090169943749426
75.32297176463099,74.58320191534736,54.00000000000002,85.0,85.0,30.5024843815978,25.37823077175884,24.98463049639705,28.94190218456671,31.41689020301713,26.139021324577595,25.733621669906118,29.80952475292667,43.24163967286076,29.35155002337254,28.072767326272537,40.501840515207384,92.18990754696186,76.70249804194336,14.764983361614021,17.103583111633917,505,UP,0.5877852522924693,0.8090169943749426
75.67564291600647,75.06861211197233,54.00000000000002,85.0,85.0,30.066558864794583,25.015538401316896,24.62756325475788,28.5282796904368,30.81689020301713,25.639818103208455,25.242160774121455,29.240222230106053,42.415810520578034,30.047369775859277,28.19367941692239,41.03634261633184,92.78990754696187,77.20170126331249,15.2564442573987,17.672885634454527,506,UP,0.5877852522924693,0.8090169943749426
76.02831406738194,75.5540223085973,54.00000000000002,85.0,85.0,29.630633347991413,24.652846030874954,24.270496013118713,28.114657196306897,30.21689020301712,25.140614881839326,24.750699878336764,28.670919707285442,41.58998136829533,30.743189528346,28.314591507572246,41.57084471745629,93.38990754696187,77.70090448468162,15.747905153183378,45.87895077884069,507,UP,0.5877852522924693,0.8090169943749426
76.38098521875742,76.03943250522227,54.00000000000002,85.0,85.0,29.194707831188182,24.290153660433013,23.913428771479527,27.701034702176994,29.616890203017128,24.641411660470187,24.259238982552098,28.10161718446482,40.764152216012604,31.43900928083272,28.435503598222084,42.105346818580756,93.98990754696187,26.2670793572286,16.239366048968055,45.20398021396038,508,UP,0.5877852522924693,0.8090169943749426
76.73365637013289,76.52484270184723,54.00000000000002,85.0,85.0,28.758782314384973,23.927461289991076,23.55636152984037,27.287412208047076,29.016890203017123,24.142208439101054,23.76777808676741,27.532314661644218,39.93832306372992,32.13482903331945,28.556415688871947,42.63984891970521,94.58990754696187,25.831983097464864,16.730826944752728,44.52900964908005,509,UP,0.5877852522924693,0.8090169943749426
77.08632752150837,77.0102528984722,54.00000000000002,85.0,85.0,28.32285679758177,23.564768919549135,23.1992942882012,26.873789713917176,28.41689020301712,23.64300521773192,23.27631719098274,26.9630121388236,39.11249391144724,32.8306487858062,28.677327779521804,43.17435102082966,95.18990754696186,25.396886837701167,17.222287840537412,43.854039084199755,510,UP,0.5877852522924693,0.8090169943749426
77.43899867288384,77.49566309509717,54.00000000000002,85.0,85.0,27.886931280778565,23.202076549107193,22.84222704656203,26.460167219787273,27.816890203017124,23.143801996362786,22.78485629519805,26.39370961600297,38.286664759164516,79.63944281741367,28.798239870171653,43.70885312195413,95.78990754696187,24.961790577937528,17.71374873632209,43.17906851931947,511,UP,0.5877852522924693,0.8090169943749426
77.79166982425932,77.98107329172214,54.00000000000002,85.0,85.0,27.45100576397535,22.839384178665274,22.485159804922834,26.046544725657355,27.216890203017122,22.64459877499365,22.293395399413388,25.824407093182348,37.4608356068818,80.0021351878556,28.9191519608215,44.24335522307858,96.38990754696187,24.52669431817392,18.205209632106758,42.50409795443915,512,UP,0.5877852522924693,0.8090169943749426
78.14434097563479,78.46648348834711,54.00000000000002,85.0,85.0,27.01508024717214,22.47669180822331,22.12809256328369,25.632922231527445,26.616890203017117,22.145395553624525,21.801934503628694,25.25510457036173,36.635006454599115,80.36482755829755,29.040064051471372,44.91205349263402,96.98990754696189,24.091598058410177,18.696670527891442,41.829127389558856,513,UP,0.5877852522924693,0.8090169943749426
78.49701212701027,78.95189368497208,54.00000000000002,85.0,85.0,26.57915473036894,22.11399943778137,21.77102532164452,25.21929973739755,26.016890203017123,21.646192332255385,21.31047360784403,24.685802047541117,35.8091773023164,80.72751992873948,29.160976142121203,45.84107077498556,97.58990754696188,23.656501798646506,19.18813142367612,41.15415682467855,514,UP,0.5877852522924693,0.8090169943749426
78.84968327838574,79.43730388159705,54.00000000000002,85.0,85.0,26.14322921356577,21.751307067339432,21.41395808000535,24.80567724326763,25.41689020301712,21.146989110886253,20.81901271205934,24.11649952472049,34.983348150033684,81.09021229918143,29.28188823277107,46.770088057337055,98.18990754696188,23.221405538882824,19.679592319460795,40.47918625979823,515,UP,0.5877852522924693,0.8090169943749426
79.20235442976121,79.92271407822201,54.00000000000002,85.0,85.0,25.707303696762533,21.388614696897488,21.056890838366165,24.39205474913772,24.816890203017127,20.647785889517117,20.327551816274674,23.54719700189987,34.15751899775097,81.45290466962336,29.705925428582564,47.69910533968854,98.78990754696187,22.786309279119163,20.171053215245475,39.80421569491795,516,UP,0.5877852522924693,0.8090169943749426
79.55502558113669,80.40812427484698,54.00000000000002,85.0,85.0,25.271378179959328,21.025922326455543,20.699823596727008,23.97843225500781,24.216890203017115,20.148582668147984,19.836090920489983,22.977894479079254,33.331689845468276,81.81559704006531,30.264489212002804,48.62812262204004,99.38990754696187,22.35121301935549,20.66251411103016,39.12924513003765,517,UP,0.5877852522924693,0.8090169943749426
79.90769673251216,80.89353447147195,54.00000000000002,85.0,85.0,24.835452663156126,20.663229956013605,20.34275635508784,23.564809760877907,23.61689020301712,19.64937944677885,19.344630024705317,22.408591956258636,32.505860693185596,81.84555569208742,30.82305299542302,49.55713990439156,99.98990754696187,21.91611675959185,21.153975006814836,38.45427456515731,518,UP,0.5877852522924693,0.8090169943749426
80.26036788388764,81.37894466809692,54.00000000000002,85.0,85.0,24.399527146352938,20.300537585571668,19.985689113448675,23.151187266747993,23.016890203017116,19.150176225409716,18.853169128920626,21.839289433438033,31.680031540902878,79.76622462889019,31.381616778843238,50.48615718674304,100.58990754696188,21.98643152119872,21.645435902599516,37.77930400027704,519,UP,0.5877852522924693,0.8090169943749426
80.61303903526311,81.86435486472189,54.00000000000002,85.0,85.0,23.96360162954972,19.93784521512974,19.62862187180947,22.737564772618082,22.41689020301712,18.650973004040576,18.36170823313596,21.269986910617416,30.854202388620163,77.68689356569296,31.940180562263468,51.41517446909454,101.18990754696188,22.48563474256785,22.136896798384193,37.10433343539671,520,UP,0.5877852522924693,0.8090169943749426
80.96571018663859,82.34976506134686,54.00000000000002,85.0,85.0,23.52767611274652,19.575152844687786,19.271554630170332,22.32394227848818,21.81689020301711,18.15176978267145,17.870247337351266,20.700684387796798,30.02837323633748,75.60756250249567,32.49874434568369,52.34419175144604,101.78990754696187,22.984837963936986,22.628357694168873,36.42936287051642,521,UP,0.5877852522924693,0.8090169943749426
81.31838133801406,82.83517525797183,54.00000000000002,85.0,85.0,23.091750595943303,19.212460474245844,18.914487388531164,21.91031978435827,21.216890203017126,17.652566561302308,17.378786441566604,20.13138186497618,29.20254408405476,73.52823143929838,33.05730812910392,53.27320903379753,102.38990754696188,23.484041185306122,23.119818589953546,35.75439230563611,522,UP,0.5877852522924693,0.8090169943749426
81.67105248938954,83.3205854545968,54.00000000000002,85.0,85.0,22.655825079140108,18.849768103803907,18.557420146891992,21.496697290228358,20.61689020301712,17.15336333993318,16.887325545781913,19.56207934215555,28.376714931772046,71.44890037610111,33.615871912524156,54.202226316149044,102.98990754696187,23.98324440667526,24.692073425492413,35.07942174075583,523,UP,0.5877852522924693,0.8090169943749426
82.02372364076501,83.80599565122176,54.00000000000002,85.0,85.0,22.2198995623369,18.487075733361962,18.200352905252807,21.083074796098455,20.016890203017127,16.65416011856404,16.39586464999725,18.99277681933493,27.550885779489327,69.36956931290388,34.17443569594437,55.13124359850056,103.58990754696188,24.482447628044383,26.456623289977994,34.404451175875515,524,UP,0.5877852522924693,0.8090169943749426
82.37639479214049,84.29140584784673,54.00000000000002,85.0,85.0,21.78397404553369,18.12438336292002,17.843285663613656,20.669452301968555,19.416890203017115,16.154956897194914,15.904403754212556,18.42347429651432,26.72505662720664,67.29023824970665,34.7329994793646,56.06026088085205,104.18990754696188,24.98165084941353,28.221173154463557,33.72948061099521,525,RIGHT,0.8090169943749426,-0.5877852522924693
82.37639479214049,84.29140584784673,51.00000000000002,85.0,85.0,22.677342586737886,18.380519890198357,17.720680952261517,20.053780193784693,20.21318379201671,16.383261191753355,15.79512148029316,17.874702171617386,24.961203189281814,55.308962860894134,35.36739431395773,93.73553792394834,108.46277279730009,25.334695318078804,24.42520970224753,36.934468515826644,526,RIGHT,0.7771459614569662,-0.6293203910498333
82.37639479214049,84.29140584784673,48.000000000000014,85.0,85.0,23.71489998135712,18.695978666757153,17.647790891935507,19.52569525942801,21.13799842724076,16.664441678620328,15.730151778470962,17.40399984857762,23.476125591733393,47.058931587598956,36.12625640763233,40.34554365680363,59.5873084605786,34.68237470178801,24.32474206144592,40.936471413899696,527,RIGHT,0.7431448254773898,-0.6691306063588538
82.37639479214049,84.29140584784673,45.000000000000014,85.0,85.0,24.92354150286404,19.075652818019556,17.62360520785957,19.075652818019595,22.21530689578984,17.002859787849477,15.708594152153267,17.002859787849495,22.215306895789862,41.048534698954214,37.022097716063925,37.855645469874766,53.76094929668093,91.23636024139005,24.291405847846747,46.052699744382906,528,RIGHT,0.7071067811865432,-0.7071067811865429
82.37639479214049,84.29140584784673,42.000000000000014,85.0,85.0,26.338064707217836,19.525695259427984,17.64779089193552,18.695978666757192,23.476125591733403,17.403999848577545,15.730151778470962,16.664441678620367,21.13799842724078,36.48824448106681,82.48944370785671,35.7474942192202,52.910422014064125,93.38885455966918,24.32474206144592,52.79581506597253,529,RIGHT,0.6691306063588541,-0.7431448254773894
82.37639479214049,84.29140584784673,39.000000000000014,85.0,85.0,28.004185878133818,20.053780193784615,17.720680952261517,18.380519890198357,22.677342586737876,17.874702171617322,15.79512148029316,16.38326119175338,20.213183792016693,32.92110605620379,82.83014700409025,33.949904930139354,52.22730917152147,95.9146159461158,24.42520970224753,62.05159522712175,530,RIGHT,0.6293203910498336,-0.7771459614569658
82.37639479214049,84.29140584784673,36.000000000000014,85.0,85.0,29.983068032285836,20.669452301968512,17.843285663613642,18.124383362920042,21.78397404553366,18.423474296514232,15.904403754212542,16.154956897194918,19.41689020301715,30.064377613540664,83.40322691518676,33.99352602065938,51.70151448050462,98.85929536488673,24.594201277307583,75.4934898546,531,RIGHT,0.5877852522924695,-0.8090169943749421
82.37639479214049,84.29140584784673,33.00000000000001,85.0,85.0,32.35832188813508,21.38459552817649,18.01732703186957,17.923739889102198,21.013739937284136,19.0609088377824,16.059533490005713,15.97611568608577,18.730351049084998,27.733794453675777,75.55416480125834,34.45926980382009,53.7813193045162,102.27973217158244,24.834090304595506,30.776813631491926,532,RIGHT,0.5446390350150236,-0.8386705679454185
82.37639479214049,84.29140584784673,30.00000000000001,85.0,85.0,35.24721041571902,22.21406819991453,18.245298684648105,17.77567860247835,20.349986421698777,19.800249591672205,16.262733353453424,15.844142991861844,18.138722124672576,25.804187656455916,60.693347145033115,35.03531647875398,58.58281169569351,106.24699180935436,25.14831386294994,26.07392057497396,533,RIGHT,0.4999999999999969,-0.8660254037844329
82.37639479214049,84.29140584784673,27.00000000000001,85.0,85.0,38.81932599464116,23.176574100063554,18.530555130953132,17.67810089314522,19.779434526490288,20.65816795605721,16.516993346879325,15.757168243157917,17.630167373311334,24.187606988029525,50.83407850732366,35.73054976433501,41.762381062993576,110.8505320330214,28.642555606900842,24.36651969615518,534,RIGHT,0.453990499739544,-0.8910065241883619
82.37639479214049,84.29140584784673,24.000000000000007,85.0,85.0,43.32927831283479,24.29587522270064,18.877436488234252,17.62964644738682,19.29143761859111,21.65584390613546,16.826181983154896,15.713978940270753,17.195197043274916,22.820497904472372,43.833702684864676,36.556160240690495,39.04757061079026,54.44417341878425,90.28831738054804,24.299732759364034,535,UP,0.9135454576425948,0.4067366430757976
82.92452206672604,84.53544783369222,24.000000000000007,85.0,85.0,41.98165624849232,23.540227799121805,18.29031270218603,17.081331278887497,18.691437618591124,21.31940799717866,16.564777631779286,15.469853298665049,16.928059832089787,22.465968430182865,43.152721067632584,37.217874432034804,39.647570610790254,55.75258284048696,90.54972173192367,24.543858400969718,536,UP,0.9135454576425948,0.4067366430757976
83.4726493413116,84.7794898195377,24.000000000000007,85.0,85.0,40.63403418414977,22.784580375542962,17.703188916137808,16.53301611038819,18.09143761859113,20.982972088221846,16.30337328040364,15.225727657059375,16.660922620904657,22.11143895589337,42.471739450400555,37.87958862337909,40.247570610790234,57.060992262189686,36.12814780529259,24.787984042575413,537,UP,0.9135454576425948,0.4067366430757976
84.02077661589715,85.02353180538319,24.000000000000007,85.0,85.0,39.286412119807295,22.02893295196412,17.11606513008958,15.984700941888855,17.49143761859113,20.646536179265063,16.04196892902801,14.981602015453673,16.393785409719527,21.756909481603863,41.790757833168584,38.54130281472336,40.84757061079023,58.369401683892455,32.19808522304605,25.03210968418111,538,UP,0.9135454576425948,0.4067366430757976
84.5689038904827,85.26757379122867,24.000000000000007,85.0,85.0,37.938790055464764,21.273285528385298,16.528941344041357,15.436385773389535,16.891437618591148,20.31010027030827,15.780564577652378,14.737476373847997,16.126648198534404,21.402380007314356,41.10977621593655,39.20301700606764,41.4475706107902,59.6778111055952,28.26802264079957,25.763003533567396,539,STOP,0.0,0.0
84.5689038904827,85.26757379122867,24.000000000000007,85.0,85.0,37.938790055464764,21.273285528385298,16.528941344041357,15.436385773389535,16.891437618591148,20.31010027030827,15.780564577652378,14.737476373847997,16.126648198534404,21.402380007314356,41.10977621593655,39.20301700606764,41.4475706107902,59.6778111055952,28.26802264079957,25.763003533567396,540,STOP,0.0,0.0
84.5689038904827,85.26757379122867,24.000000000000007,85.0,85.0,37.938790055464764,21.273285528385298,16.528941344041357,15.436385773389535,16.891437618591148,20.31010027030827,15.780564577652378,14.737476373847997,16.126648198534404,21.402380007314356,41.10977621593655,39.20301700606764,41.4475706107902,59.6778111055952,28.26802264079957,25.763003533567396,541,STOP,0.0,0.0
84.5689038904827,85.26757379122867,24.000000000000007,85.0,85.0,37.938790055464764,21.273285528385298,16.528941344041357,15.436385773389535,16.891437618591148,20.31010027030827,15.780564577652378,14.737476373847997,16.126648198534404,21.402380007314356,41.10977621593655,39.20301700606764,41.4475706107902,59.6778111055952,28.26802264079957,25.763003533567396,542,STOP,0.0,0.0
84.5689038904827,85.26757379122867,24.000000000000007,85.0,85.0,37.938790055464764,21.273285528385298,16.528941344041357,15.436385773389535,16.891437618591148,20.31010027030827,15.780564577652378,14.737476373847997,16.126648198534404,21.402380007314356,41.10977621593655,39.20301700606764,41.4475706107902,59.6778111055952,28.26802264079957,25.763003533567396,543,STOP,0.0,0.0
84.5689038904827,85.26757379122867,24.000000000000007,85.0,85.0,37.938790055464764,21.273285528385298,16.528941344041357,15.436385773389535,16.891437618591148,20.31010027030827,15.780564577652378,14.737476373847997,16.126648198534404,21.402380007314356,41.10977621593655,39.20301700606764,41.4475706107902,59.6778111055952,28.26802264079957,25.763003533567396,544,STOP,0.0,0.0
84.5689038904827,85.26757379122867,24.000000000000007,85.0,85.0,37.938790055464764,21.273285528385298,16.528941344041357,15.436385773389535,16.891437618591148,20.31010027030827,15.780564577652378,14.737476373847997,16.126648198534404,21.402380007314356,41.10977621593655,39.20301700606764,41.4475706107902,59.6778111055952,28.26802264079957,25.763003533567396,545,STOP,0.0,0.0
84.5689038904827,85.26757379122867,24.000000000000007,85.0,85.0,37.938790055464764,21.273285528385298,16.528941344041357,15.436385773389535,16.891437618591148,20.31010027030827,15.780564577652378,14.737476373847997,16.126648198534404,21.402380007314356,41.10977621593655,39.20301700606764,41.4475706107902,59.6778111055952,28.26802264079957,25.763003533567396,546,STOP,0.0,0.0
84.5689038904827,85.26757379122867,24.000000000000007,85.0,85.0,37.938790055464764,21.273285528385298,16.528941344041357,15.436385773389535,16.891437618591148,20.31010027030827,15.780564577652378,14.737476373847997,16.126648198534404,21.402380007314356,41.10977621593655,39.20301700606764,41.4475706107902,59.6778111055952,28.26802264079957,25.763003533567396,547,STOP,0.0,0.0
84.5689038904827,85.26757379122867,24.000000000000007,85.0,85.0,37.938790055464764,21.273285528385298,16.528941344041357,15.436385773389535,16.891437618591148,20.31010027030827,15.780564577652378,14.737476373847997,16.126648198534404,21.402380007314356,41.10977621593655,39.20301700606764,41.4475706107902,59.6778111055952,28.26802264079957,25.763003533567396,548,STOP,0.0,0.0
84.5689038904827,85.26757379122867,24.000000000000007,85.0,85.0,37.938790055464764,21.273285528385298,16.528941344041357,15.436385773389535,16.891437618591148,20.31010027030827,15.780564577652378,14.737476373847997,16.126648198534404,21.402380007314356,41.10977621593655,39.20301700606764,41.4475706107902,59.6778111055952,28.26802264079957,25.763003533567396,549,STOP,0.0,0.0
84.5689038904827,85.26757379122867,24.000000000000007,85.0,85.0,37.938790055464764,21.273285528385298,16.528941344041357,15.436385773389535,16.891437618591148,20.31010027030827,15.780564577652378,14.737476373847997,16.126648198534404,21.402380007314356,41.10977621593655,39.20301700606764,41.4475706107902,59.6778111055952,28.26802264079957,25.763003533567396,550,STOP,0.0,0.0
84.5689038904827,85.26757379122867,24.000000000000007,85.0,85.0,37.938790055464764,21.273285528385298,16.528941344041357,15.436385773389535,16.891437618591148,20.31010027030827,15.780564577652378,14.737476373847997,16.126648198534404,21.402380007314356,41.10977621593655,39.20301700606764,41.4475706107902,59.6778111055952,28.26802264079957,25.763003533567396,551,STOP,0.0,0.0
84.5689038904827,85.26757379122867,24.000000000000007,85.0,85.0,37.938790055464764,21.273285528385298,16.528941344041357,15.436385773389535,16.891437618591148,20.31010027030827,15.780564577652378,14.737476373847997,16.126648198534404,21.402380007314356,41.10977621593655,39.20301700606764,41.4475706107902,59.6778111055952,28.26802264079957,25.763003533567396,552,STOP,0.0,0.0
84.5689038904827,85.26757379122867,24.000000000000007,85.0,85.0,37.938790055464764,21.273285528385298,16.528941344041357,15.436385773389535,16.891437618591148,20.31010027030827,15.780564577652378,14.737476373847997,16.126648198534404,21.402380007314356,41.10977621593655,39.20301700606764,41.4475706107902,59.6778111055952,28.26802264079957,25.763003533567396,553,STOP,0.0,0.0
84.5689038904827,85.26757379122867,24.000000000000007,85.0,85.0,37.938790055464764,21.273285528385298,16.528941344041357,15.436385773389535,16.891437618591148,20.31010027030827,15.780564577652378,14.737476373847997,16.126648198534404,21.402380007314356,41.10977621593655,39.20301700606764,41.4475706107902,59.6778111055952,28.26802264079957,25.763003533567396,554,STOP,0.0,0.0
84.5689038904827,85.26757379122867,24.000000000000007,85.0,85.0,37.938790055464764,21.273285528385298,16.528941344041357,15.436385773389535,16.891437618591148,20.31010027030827,15.780564577652378,14.737476373847997,16.126648198534404,21.402380007314356,41.10977621593655,39.20301700606764,41.4475706107902,59.6778111055952,28.26802264079957,25.763003533567396,555,STOP,0.0,0.0
84.5689038904827,85.26757379122867,24.000000000000007,85.0,85.0,37.938790055464764,21.273285528385298,16.528941344041357,15.436385773389535,16.891437618591148,20.31010027030827,15.780564577652378,14.737476373847997,16.126648198534404,21.402380007314356,41.10977621593655,39.20301700606764,41.4475706107902,59.6778111055952,28.26802264079957,25.763003533567396,556,STOP,0.0,0.0
84.5689038904827,85.26757379122867,24.000000000000007,85.0,85.0,37.938790055464764,21.273285528385298,16.528941344041357,15.436385773389535,16.891437618591148,20.31010027030827,15.780564577652378,14.737476373847997,16.126648198534404,21.402380007314356,41.10977621593655,39.20301700606764,41.4475706107902,59.6778111055952,28.26802264079957,25.763003533567396,557,STOP,0.0,0.0
84.5689038904827,85.26757379122867,24.000000000000007,85.0,85.0,37.938790055464764,21.273285528385298,16.528941344041357,15.436385773389535,16.891437618591148,20.31010027030827,15.780564577652378,14.737476373847997,16.126648198534404,21.402380007314356,41.10977621593655,39.20301700606764,41.4475706107902,59.6778111055952,28.26802264079957,25.763003533567396,558,STOP,0.0,0.0
84.5689038904827,85.26757379122867,24.000000000000007,85.0,85.0,37.938790055464764,21.273285528385298,16.528941344041357,15.436385773389535,16.891437618591148,20.31010027030827,15.780564577652378,14.737476373847997,16.126648198534404,21.402380007314356,41.10977621593655,39.20301700606764,41.4475706107902,59.6778111055952,28.26802264079957,25.763003533567396,559,STOP,0.0,0.0
84.5689038904827,85.26757379122867,24.000000000000007,85.0,85.0,37.938790055464764,21.273285528385298,16.528941344041357,15.436385773389535,16.891437618591148,20.31010027030827,15.780564577652378,14.737476373847997,16.126648198534404,21.402380007314356,41.10977621593655,39.20301700606764,41.4475706107902,59.6778111055952,28.26802264079957,25.763003533567396,560,STOP,0.0,0.0
84.5689038904827,85.26757379122867,24.000000000000007,85.0,85.0,37.938790055464764,21.273285528385298,16.528941344041357,15.436385773389535,16.891437618591148,20.31010027030827,15.780564577652378,14.737476373847997,16.126648198534404,21.402380007314356,41.10977621593655,39.20301700606764,41.4475706107902,59.6778111055952,28.26802264079957,25.763003533567396,561,STOP,0.0,0.0
84.5689038904827,85.26757379122867,24.000000000000007,85.0,85.0,37.938790055464764,21.273285528385298,16.528941344041357,15.436385773389535,16.891437618591148,20.31010027030827,15.780564577652378,14.737476373847997,16.126648198534404,21.402380007314356,41.10977621593655,39.20301700606764,41.4475706107902,59.6778111055952,28.26802264079957,25.763003533567396,562,STOP,0.0,0.0
84.5689038904827,85.26757379122867,24.000000000000007,85.0,85.0,37.938790055464764,21.273285528385298,16.528941344041357,15.436385773389535,16.891437618591148,20.31010027030827,15.780564577652378,14.737476373847997,16.126648198534404,21.402380007314356,41.10977621593655,39.20301700606764,41.4475706107902,59.6778111055952,28.26802264079957,25.763003533567396,563,STOP,0.0,0.0
84.5689038904827,85.26757379122867,24.000000000000007,85.0,85.0,37.938790055464764,21.273285528385298,16.528941344041357,15.436385773389535,16.891437618591148,20.31010027030827,15.780564577652378,14.737476373847997,16.126648198534404,21.402380007314356,41.10977621593655,39.20301700606764,41.4475706107902,59.6778111055952,28.26802264079957,25.763003533567396,564,STOP,0.0,0.0
84.5689038904827,85.26757379122867,24.000000000000007,85.0,85.0,37.938790055464764,21.273285528385298,16.528941344041357,15.436385773389535,16.891437618591148,20.31010027030827,15.780564577652378,14.737476373847997,16.126648198534404,21.402380007314356,41.10977621593655,39.20301700606764,41.4475706107902,59.6778111055952,28.26802264079957,25.763003533567396,565,STOP,0.0,0.0
84.5689038904827,85.26757379122867,24.000000000000007,85.0,85.0,37.938790055464764,21.273285528385298,16.528941344041357,15.436385773389535,16.891437618591148,20.31010027030827,15.780564577652378,14.737476373847997,16.126648198534404,21.402380007314356,41.10977621593655,39.20301700606764,41.4475706107902,59.6778111055952,28.26802264079957,25.763003533567396,566,STOP,0.0,0.0
84.5689038904827,85.26757379122867,24.000000000000007,85.0,85.0,37.938790055464764,21.273285528385298,16.528941344041357,15.436385773389535,16.891437618591148,20.31010027030827,15.780564577652378,14.737476373847997,16.126648198534404,21.402380007314356,41.10977621593655,39.20301700606764,41.4475706107902,59.6778111055952,28.26802264079957,25.763003533567396,567,STOP,0.0,0.0
84.5689038904827,85.26757379122867,24.000000000000007,85.0,85.0,37.938790055464764,21.273285528385298,16.528941344041357,15.436385773389535,16.891437618591148,20.31010027030827,15.780564577652378,14.737476373847997,16.126648198534404,21.402380007314356,41.10977621593655,39.20301700606764,41.4475706107902,59.6778111055952,28.26802264079957,25.763003533567396,568,STOP,0.0,0.0
84.5689038904827,85.26757379122867,24.000000000000007,85.0,85.0,37.938790055464764,21.273285528385298,16.528941344041357,15.436385773389535,16.891437618591148,20.31010027030827,15.780564577652378,14.737476373847997,16.126648198534404,21.402380007314356,41.10977621593655,39.20301700606764,41.4475706107902,59.6778111055952,28.26802264079957,25.763003533567396,569,STOP,0.0,0.0
84.5689038904827,85.26757379122867,24.000000000000007,85.0,85.0,37.938790055464764,21.273285528385298,16.528941344041357,15.436385773389535,16.891437618591148,20.31010027030827,15.780564577652378,14.737476373847997,16.126648198534404,21.402380007314356,41.10977621593655,39.20301700606764,41.4475706107902,59.6778111055952,28.26802264079957,25.763003533567396,570,STOP,0.0,0.0
84.5689038904827,85.26757379122867,24.000000000000007,85.0,85.0,37.938790055464764,21.273285528385298,16.528941344041357,15.436385773389535,16.891437618591148,20.31010027030827,15.780564577652378,14.737476373847997,16.126648198534404,21.402380007314356,41.10977621593655,39.20301700606764,41.4475706107902,59.6778111055952,28.26802264079957,25.763003533567396,571,STOP,0.0,0.0
84.5689038904827,85.26757379122867,24.000000000000007,85.0,85.0,37.938790055464764,21.273285528385298,16.528941344041357,15.436385773389535,16.891437618591148,20.31010027030827,15.780564577652378,14.737476373847997,16.126648198534404,21.402380007314356,41.10977621593655,39.20301700606764,41.4475706107902,59.6778111055952,28.26802264079957,25.763003533567396,572,STOP,0.0,0.0
84.5689038904827,85.26757379122867,24.000000000000007,85.0,85.0,37.938790055464764,21.273285528385298,16.528941344041357,15.436385773389535,16.891437618591148,20.31010027030827,15.780564577652378,14.737476373847997,16.126648198534404,21.402380007314356,41.10977621593655,39.20301700606764,41.4475706107902,59.6778111055952,28.26802264079957,25.763003533567396,573,STOP,0.0,0.0
84.5689038904827,85.26757379122867,24.000000000000007,85.0,85.0,37.938790055464764,21.273285528385298,16.528941344041357,15.436385773389535,16.891437618591148,20.31010027030827,15.780564577652378,14.737476373847997,16.126648198534404,21.402380007314356,41.10977621593655,39.20301700606764,41.4475706107902,59.6778111055952,28.26802264079957,25.763003533567396,574,STOP,0.0,0.0
84.5689038904827,85.26757379122867,24.000000000000007,85.0,85.0,37.938790055464764,21.273285528385298,16.528941344041357,15.436385773389535,16.891437618591148,20.31010027030827,15.780564577652378,14.737476373847997,16.126648198534404,21.402380007314356,41.10977621593655,39.20301700606764,41.4475706107902,59.6778111055952,28.26802264079957,25.763003533567396,575,STOP,0.0,0.0
84.5689038904827,85.26757379122867,24.000000000000007,85.0,85.0,37.938790055464764,21.273285528385298,16.528941344041357,15.436385773389535,16.891437618591148,20.31010027030827,15.780564577652378,14.737476373847997,16.126648198534404,21.402380007314356,41.10977621593655,39.20301700606764,41.4475706107902,59.6778111055952,28.26802264079957,25.763003533567396,576,STOP,0.0,0.0
84.5689038904827,85.26757379122867,24.000000000000007,85.0,85.0,37.938790055464764,21.273285528385298,16.528941344041357,15.436385773389535,16.891437618591148,20.31010027030827,15.780564577652378,14.737476373847997,16.126648198534404,21.402380007314356,41.10977621593655,39.20301700606764,41.4475706107902,59.6778111055952,28.26802264079957,25.763003533567396,577,STOP,0.0,0.0
84.5689038904827,85.26757379122867,24.000000000000007,85.0,85.0,37.938790055464764,21.273285528385298,16.528941344041357,15.436385773389535,16.891437618591148,20.31010027030827,15.780564577652378,14.737476373847997,16.126648198534404,21.402380007314356,41.10977621593655,39.20301700606764,41.4475706107902,59.6778111055952,28.26802264079957,25.763003533567396,578,STOP,0.0,0.0
84.5689038904827,85.26757379122867,24.000000000000007,85.0,85.0,37.938790055464764,21.273285528385298,16.528941344041357,15.436385773389535,16.891437618591148,20.31010027030827,15.780564577652378,14.737476373847997,16.126648198534404,21.402380007314356,41.10977621593655,39.20301700606764,41.4475706107902,59.6778111055952,28.26802264079957,25.763003533567396,579,STOP,0.0,0.0
78.62486339597396,7.332211235009476,24.000000000000007,85.0,85.0,8.026104419511016,10.651794139117598,20.460008335881174,21.382463840345206,23.39799998478944,31.052508923156722,59.645782026955736,32.67898703767246,72.33130271794211,49.04742781141051,84.21862880199288,78.65181540874165,18.026925677416862,10.108175209963832,7.853861356669591,7.33472466196233,580,UP,0.9135454576425948,0.4067366430757976
79.17299067055951,7.576253220854954,24.000000000000007,85.0,85.0,8.293241630696134,11.006323613407101,21.140989953113184,20.834148671845902,22.797999984789445,30.256222686469616,58.11627227229988,32.43486139606678,72.82476149850714,49.4458249137228,84.8057525880411,79.20013057724098,18.626925677416867,10.444611118920623,8.115265708045222,7.578850303568013,581,UP,0.9135454576425948,0.4067366430757976
79.72111794514507,7.8202952067004325,24.000000000000007,85.0,85.0,8.560378841881247,11.360853087696594,21.721622989613714,20.285833503346577,22.197999984789437,29.45993644978245,56.58676251764402,32.19073575446109,73.31822027907215,49.84422201603511,85.39287637408933,79.7484457457403,19.22692567741686,10.781047027877415,8.376670059420839,7.822975945173694,582,LEFT,-0.40673664307579754,0.9135454576425948
79.72111794514507,7.8202952067004325,27.00000000000001,85.0,85.0,8.776922496526142,12.04144846813763,21.322478430463313,20.3415883831784,22.759521400056276,31.224794819223213,65.62384083721122,32.27921082763923,70.38511330276212,49.1286489587612,83.82374399336354,79.96763146510423,17.225680297686672,10.284368561640008,8.222744992237114,7.844477111673876,583,LEFT,-0.4539904997395438,0.8910065241883618
79.72111794514507,7.8202952067004325,30.00000000000001,85.0,85.0,9.030099085461684,12.846239649963831,20.994243556736844,20.453867728715885,23.416036026470348,33.31170650524976,78.35158362021731,32.45738219744196,67.85649350045881,48.56455906501113,82.53337448427159,59.91360870710506,15.640590413400874,9.857266377462643,8.096165351272123,7.887776225764249,584,LEFT,-0.49999999999999667,0.8660254037844327
79.72111794514507,7.8202952067004325,33.00000000000001,85.0,85.0,9.324632943610514,13.806866338829336,20.731924343158198,20.624236806604465,24.179794581958628,35.80271673022933,38.45102158015081,36.74541386501562,68.1789810907261,48.14373646640058,81.50213514334484,42.91312127852645,14.358675570297075,9.489196332634975,7.995005253638276,7.953476912793151,585,LEFT,-0.5446390350150235,0.8386705679454183
79.72111794514507,7.8202952067004325,36.000000000000014,85.0,85.0,9.66641647959753,14.967113279922412,20.53166087050883,20.855110415757586,25.066076727501322,38.811364134329,32.580828861368865,94.79900895700312,70.67800205788883,52.01871666016078,80.71485170829158,33.49946675971512,13.30468087826262,9.171858814116094,7.917776170151288,8.04251040951797,586,LEFT,-0.5877852522924693,0.8090169943749418
79.72111794514507,7.8202952067004325,39.00000000000001,85.0,85.0,10.062839665330287,16.389294000272955,20.390583806448706,21.14983799081136,26.09404546970389,42.499234518552626,32.356959603572506,96.13872289140103,118.61311692398648,90.71411650561426,80.16024414990305,27.53476300674148,12.426572089384495,8.898660590498228,7.8633715789681835,8.15616838317947,587,LEFT,-0.6293203910498333,0.7771459614569655
79.72111794514507,7.8202952067004325,42.00000000000001,85.0,85.0,10.52324518531998,18.16514200139847,20.306711697485277,21.512825656930435,27.2879274128402,47.10420290022173,32.22386648238695,97.78871995810104,54.21213696802842,88.32530213759114,79.83052290230694,23.427604887003813,11.68724779943242,8.66432828265475,7.831027357529926,8.296150000398988,588,LEFT,-0.6691306063588537,0.743144825477389
79.72111794514507,7.8202952067004325,45.00000000000001,85.0,85.0,11.059567543077069,20.43541618295022,20.27888205485499,21.949703766824424,28.678670031740214,52.991272523939216,32.17970479329959,99.77459349352317,50.26206485375742,86.28951626241502,79.72111794514512,20.435416182950206,11.059567543077065,8.464626535716592,7.82029520670045,8.464626535716597,589,LEFT,-0.7071067811865427,0.7071067811865426
79.72111794514507,7.8202952067004325,48.00000000000001,85.0,85.0,11.687247799432424,21.512825656930374,20.306711697485287,22.467552270655524,30.306313688450917,60.75034557828925,32.22386648238695,71.7971216756191,49.46689181462705,84.57204430156932,79.83052290230694,18.165142001398472,10.523245185319976,8.296150000398992,7.831027357529927,8.664328282654752,590,LEFT,-0.7431448254773891,0.6691306063588535
79.72111794514507,7.8202952067004325,51.00000000000001,85.0,85.0,12.42657208938449,21.149837990811317,20.390583806448703,23.075201612118818,32.22346255303367,71.40065645394978,32.356959603572506,69.07399947152388,48.82823750432392,83.14505328376889,74.81498304127905,16.389294000272958,10.062839665330284,8.15616838317947,7.8633715789681835,8.898660590498238,591,LEFT,-0.7771459614569655,0.629320391049833
79.72111794514507,7.8202952067004325,54.00000000000001,85.0,85.0,13.304680878262623,20.855110415757576,20.531660870508826,23.783634530302695,34.50049482487602,42.775134954025475,33.69415364870413,67.06194146579487,48.33666272364419,81.9864089507633,49.990871287150675,14.96711327992243,9.666416479597522,8.042510409517977,7.9177761701512885,9.171858814116106,592,LEFT,-0.8090169943749418,0.5877852522924689
79.72111794514507,7.8202952067004325,57.00000000000001,85.0,85.0,14.358675570297077,20.624236806604426,20.731924343158237,24.606525474894056,37.23361850899177,34.942638618766594,40.43480278951888,69.38222032345254,49.90407048688618,81.07878977452215,37.613542441705064,13.806866338829366,9.324632943610506,7.953476912793156,7.995005253638278,9.489196332634997,593,LEFT,-0.8386705679454182,0.5446390350150232
79.72111794514507,7.8202952067004325,60.00000000000001,85.0,85.0,15.640590413400876,20.453867728715878,20.994243556736855,25.560971417112484,40.557764109709886,32.457382197441945,95.43145268973622,72.07344053320507,54.35940958659918,80.40902832929945,30.21530043742631,12.846239649963838,9.030099085461675,7.887776225764254,8.09616535127212,9.85726637746266,594,LEFT,-0.8660254037844326,0.49999999999999645
79.72111794514507,7.8202952067004325,63.000000000000014,85.0,85.0,17.225680297686687,20.34158838317837,21.32247843046332,26.668494162658284,44.66807580001974,32.27921082763923,96.92347743158966,59.91294777020658,89.47310236337981,79.96763146510422,25.307006892998448,12.041448468137652,8.77692249652613,7.844477111673886,8.222744992237114,10.284368561640026,595,LEFT,-0.8910065241883617,0.45399049973954353
79.72111794514507,7.8202952067004325,66.00000000000001,85.0,85.0,19.22692567741687,20.285833503346563,21.72162298961371,27.95643582851569,49.85752427296235,32.1907357544611,98.7378293042821,50.72202866699938,87.26562786581523,79.74844574574027,21.821971570345244,11.360853087696613,8.560378841881253,7.822975945173706,8.37667005942084,10.781047027877444,596,LEFT,-0.9135454576425945,0.40673664307579727
79.72111794514507,7.8202952067004325,69.00000000000001,85.0,85.0,21.721622989613678,20.285833503346566,22.197999984789515,29.45993644978246,56.586762517644,32.1907357544611,73.31822027907214,49.84422201603504,85.39287637408927,79.74844574574027,19.22692567741692,10.781047027877426,8.376670059420835,7.822975945173707,8.560378841881256,11.360853087696643,597,LEFT,-0.9335804264971952,0.35836794954529766
79.72111794514507,7.8202952067004325,72.00000000000001,85.0,85.0,21.32247843046325,20.341588383178376,22.75952140005635,31.22479481922321,65.62384083721119,32.27921082763922,70.38511330276212,49.12864895876113,83.82374399336348,79.96763146510423,17.225680297686736,10.284368561640019,8.222744992237105,7.844477111673886,8.776922496526137,12.041448468137682,598,LEFT,-0.9510565162951469,0.3090169943749451
79.72111794514507,7.8202952067004325,75.00000000000001,85.0,85.0,20.994243556736798,20.453867728715878,23.41603602647038,33.31170650524979,78.35158362021724,32.457382197441945,67.85649350045878,48.564559065011075,82.53337448427153,59.91360870710387,15.640590413400924,9.857266377462654,8.096165351272111,7.887776225764256,9.030099085461693,12.846239649963882,599,LEFT,-0.9659258262890614,0.2588190451025188
79.72111794514507,7.8202952067004325,78.00000000000001,85.0,85.0,20.73192434315818,20.624236806604443,24.17979458195868,35.80271673022936,38.451021580150844,36.74541386501461,68.1789810907261,48.14373646640054,81.50213514334479,42.91312127852582,14.358675570297114,9.489196332634984,7.995005253638267,7.953476912793153,9.324632943610517,13.806866338829389,600,LEFT,-0.9781476007337986,0.20791169081775773
79.72111794514507,7.8202952067004325,81.00000000000001,85.0,85.0,20.53166087050877,20.8551104157576,25.06607672750137,38.811364134329,32.58082886136886,94.79900895700298,70.67800205788885,52.01871666016134,80.71485170829155,33.499466759714736,13.304680878262673,9.171858814116103,7.917776170151279,8.042510409517973,9.666416479597522,14.967113279922467,601,UP,0.15643446504022956,0.9876883405951306
79.8149786241692,8.41290821105751,81.00000000000001,85.0,85.0,20.436630206314057,20.75858266736145,24.95005854781325,38.63172597766694,31.980828861368853,94.18955673935855,69.94549210015313,50.88452597644291,80.80988237248624,36.03801794175007,14.312894340655244,9.866891758999722,8.517776170151274,8.65196262716238,10.39892643733325,16.101303963640895,602,UP,0.15643446504022956,0.9876883405951306
79.90883930319333,9.00552121541459,81.00000000000001,85.0,85.0,20.34159954211934,20.662054918965296,24.834040368125134,38.452087821004945,31.380828861368865,41.89450423404321,69.2129821424174,49.750335292724465,80.90491303668098,38.57656912378541,15.321107803047806,10.56192470388335,9.11777617015127,9.261414844806785,11.13143639506897,17.235494647359346,603,UP,0.15643446504022956,0.9876883405951306
80.00269998221746,9.598134219771667,81.00000000000001,85.0,85.0,20.246568877924652,20.56552717056916,24.71802218843702,38.27244966434291,30.78082886136887,40.35075253526595,68.48047218468169,48.616144609006035,80.99994370087568,41.11512030582073,16.329321265440363,11.256957648766962,9.717776170151264,9.87086706245119,11.863946352804707,18.369685331077783,604,UP,0.15643446504022956,0.9876883405951306
80.0965606612416,10.190747224128746,81.00000000000001,85.0,85.0,20.15153821372992,20.468999422172992,24.602004008748903,38.09281150768088,30.180828861368866,38.807000836488804,67.74796222694594,47.4819539252876,81.0949743650704,43.65367148785606,17.337534727832924,11.951990593650581,10.317776170151259,10.480319280095598,12.596456310540425,19.503876014796198,605,UP,0.15643446504022956,0.9876883405951306
80.19042134026573,10.783360228485824,81.00000000000001,85.0,85.0,20.056507549535194,20.372471673776843,24.485985829060787,37.913173351018834,29.580828861368868,37.26324913771154,67.0154522692102,46.95146486969251,81.19000502926511,46.19222266989139,18.345748190225486,12.647023538534201,10.917776170151258,11.089771497740003,13.328966268276163,20.638066698514635,606,UP,0.15643446504022956,0.9876883405951306
80.28428201928986,11.375973232842902,81.00000000000001,85.0,85.0,19.961476885340478,20.27594392538069,24.36996764937267,37.73353519435679,28.98082886136888,35.719497438934354,66.2829423114745,46.76971808705444,81.28503569345983,48.73077385192673,19.353961652618036,13.342056483417828,11.517776170151253,11.699223715384411,14.061476226011882,21.772257382233075,607,UP,0.15643446504022956,0.9876883405951306
80.378142698314,11.96858623719998,81.00000000000001,85.0,85.0,19.866446221145793,20.179416176984553,24.25394946968455,37.553897037694746,28.380828861368887,34.17574574015718,65.55043235373876,46.587971304416385,81.38006635765454,51.26932503396207,20.362175115010597,14.037089428301446,12.11777617015125,12.308675933028818,14.79398618374762,22.906448065951512,608,UP,0.15643446504022956,0.9876883405951306
80.47200337733813,12.561199241557059,81.00000000000001,85.0,85.0,19.771415556951048,20.082888428588387,24.13793128999644,37.374258881032695,27.780828861368892,32.631994041379926,64.81792239600303,46.40622452177833,81.47509702184927,53.80787621599739,21.37038857740315,14.732122373185065,12.717776170151243,12.918128150673219,15.526496141483346,22.90297529844265,609,UP,0.15643446504022956,0.9876883405951306
80.56586405636226,13.153812245914137,81.00000000000001,85.0,85.0,19.67638489275633,19.986360680192238,24.021913110308322,37.19462072437067,27.180828861368905,31.088242342602708,64.0854124382673,46.22447773914027,81.57012768604397,56.34642739803272,22.37860203979571,15.427155318068678,13.31777617015124,13.527580368317627,16.259006099219068,22.79289289446016,610,UP,0.15643446504022956,0.9876883405951306
80.65972473538639,13.746425250271216,81.00000000000001,85.0,85.0,19.581354228561615,19.889832931796086,23.905894930620203,37.01498256770863,26.580828861368904,29.54449064382548,63.35290248053156,46.042730956502204,81.6651583502387,58.88497858006805,23.38681550218827,16.122188262952314,13.917776170151235,14.137032585962032,16.991516056954794,22.682810490477657,611,UP,0.15643446504022956,0.9876883405951306
80.75358541441052,14.339038254628294,81.00000000000001,85.0,85.0,19.486323564366927,19.79330518339995,23.789876750932088,36.83534441104659,25.980828861368906,28.00073894504832,62.62039252279586,45.86098417386414,81.7601890144334,61.42352976210339,24.395028964580828,16.817221207835924,14.517776170151231,14.746484803606437,17.724026014690534,22.572728086495143,612,UP,0.15643446504022956,0.9876883405951306
80.84744609343466,14.931651258985372,81.00000000000001,85.0,85.0,19.3912929001722,19.696777435003785,23.673858571243972,36.655706254384555,25.380828861368908,26.456987246271076,61.887882565060096,45.67923739122609,81.85521967862812,63.9620809441387,25.403242426973385,17.51225415271955,15.117776170151224,15.355937021250844,18.45653597242626,22.46264568251266,613,UP,0.15643446504022956,0.9876883405951306
80.94130677245879,15.52426426334245,81.00000000000001,85.0,85.0,19.29626223597747,19.600249686607636,23.55784039155586,36.47606809772254,24.780828861368907,25.171218507713185,61.155372607324395,45.49749060858802,81.95025034282284,66.50063212617405,26.411455889365946,18.20728709760317,15.71777617015122,15.965389238895252,19.18904593016198,22.35256327853016,614,UP,0.15643446504022956,0.9876883405951306
81.03516745148292,16.11687726769953,81.00000000000001,85.0,85.0,19.201231571782753,19.503721938211484,23.441822211867738,36.29642994106049,24.18082886136892,24.56176629006878,60.9463970213745,45.315743825949966,82.04528100701756,69.03918330820939,27.419669351758508,18.90232004248679,16.31777617015122,16.57484145653966,19.9215558878977,22.24248087454766,615,UP,0.15643446504022956,0.9876883405951306
81.12902813050705,16.70949027205661,81.00000000000001,85.0,85.0,19.106200907588068,19.407194189815346,23.325804032179626,36.116791784398465,23.58082886136892,23.952314072424375,60.74237898411436,45.13399704331191,82.14031167121226,71.57773449024472,28.427882814151065,19.59735298737041,16.917776170151214,17.18429367418406,20.654065845633447,22.132398470565146,616,UP,0.15643446504022956,0.9876883405951306
81.22288880953118,17.30210327641369,81.00000000000001,85.0,85.0,19.011170243393323,19.31066644141918,23.209785852491514,35.937153627736414,22.98082886136892,23.34286185477997,60.538360946854226,44.95225026067384,82.23534233540698,74.11628567228006,29.43609627654363,20.29238593225403,17.51777617015121,17.79374589182847,21.386575803369176,22.022316066582665,617,UP,0.15643446504022956,0.9876883405951306
81.31674948855532,17.89471628077077,81.00000000000001,85.0,85.0,18.916139579198607,19.21413869302303,23.093767672803402,35.75751547107439,22.380828861368922,22.733409637135566,60.33434290959407,44.770503478035785,82.33037299960169,76.6548368543154,30.4443097389362,20.987418877137653,18.11777617015121,18.40319810947288,22.119085761104888,21.912233662600162,618,UP,0.15643446504022956,0.9876883405951306
81.41061016757945,18.48732928512785,81.00000000000001,85.0,85.0,18.821108915003894,19.11761094462688,22.97774949311527,35.57787731441235,21.780828861368928,22.123957419491152,60.130324872333915,44.58875669539773,82.42540366379642,79.19338803635073,31.45252320132876,21.682451822021275,18.717776170151208,19.012650327117285,22.851595718840635,21.80215125861766,619,UP,0.15643446504022956,0.9876883405951306
81.50447084660358,19.07994228948493,81.00000000000001,85.0,85.0,18.726078250809206,19.021083196230745,22.861731313427153,35.39823915775032,21.180828861368926,21.51450520184674,59.92630683507379,44.40700991275966,82.52043432799113,81.73193921838607,32.46073666372133,22.37748476690491,19.317776170151205,19.62210254476169,23.584105676576364,21.692068854635146,620,UP,0.15643446504022956,0.9876883405951306
81.59833152562771,19.67255529384201,81.00000000000001,85.0,85.0,18.631047586614475,18.924555447834578,22.74571313373904,35.21860100108829,20.580828861368925,20.905052984202335,59.72228879781365,44.225263130121604,82.61546499218586,83.91696391868635,33.46895012611388,23.07251771178853,19.9177761701512,20.2315547624061,24.316615634312086,21.581986450652664,621,UP,0.15643446504022956,0.9876883405951306
81.69219220465185,20.26516829819909,81.00000000000001,85.0,85.0,18.536016922419748,18.828027699438426,22.62969495405093,35.038962844426244,19.98082886136893,20.29560076655792,59.51827076055349,44.04351634748354,82.71049565638054,84.0134916670825,34.47716358850645,23.767550656672153,20.517776170151198,20.84100698005051,25.049125592047815,21.471904046670154,622,UP,0.15643446504022956,0.9876883405951306
81.78605288367598,20.85778130255617,81.00000000000001,85.0,85.0,18.44098625822503,18.731499951042274,22.513676774362814,34.859324687764214,19.38082886136893,19.68614854891352,59.31425272329334,43.86176956484548,82.80552632057528,84.11001941547865,35.485377050899025,24.462583601555774,21.117776170151195,21.45045919769491,25.781635549783545,21.361821642687662,623,UP,0.15643446504022956,0.9876883405951306
81.87991356270011,21.45039430691325,81.00000000000001,85.0,85.0,18.345955594030343,18.634972202646136,22.3976585946747,34.6796865311022,18.780828861368942,19.076696331269112,59.1102346860332,43.680022782207416,82.90055698476999,84.2065471638748,36.49359051329158,25.157616546439392,21.717776170151193,22.05991141533932,26.514145507519274,21.25173923870515,624,UP,0.15643446504022956,0.9876883405951306
81.97377424172424,22.04300731127033,81.00000000000001,85.0,85.0,18.250924929835598,18.538444454249973,22.28164041498658,34.50004837444016,18.180828861368944,18.467244113624705,58.90621664877306,43.49827599956936,82.99558764896472,84.30307491227096,37.50180397568413,25.852649491323014,22.31777617015119,22.669363632983732,27.246655465255003,21.14165683472266,625,UP,0.15643446504022956,0.9876883405951306
82.06763492074838,22.63562031562741,81.00000000000001,85.0,85.0,18.15589426564088,18.44191670585382,22.165622235298464,34.320410217778104,17.580828861368943,17.8577918959803,58.702198611512934,43.770450080648516,83.09061831315942,84.3996026606671,38.5100174380767,26.547682436206635,22.917776170151193,23.27881585062814,27.979165422990732,21.031574430740168,626,UP,0.15643446504022956,0.9876883405951306
82.16149559977251,23.22823331998449,81.00000000000001,85.0,85.0,18.06086360144617,18.345388957457672,22.04960405561034,34.14077206111605,16.980828861368945,17.24833967833589,58.498180574252785,44.43019508700665,83.18564897735415,84.49613040906326,39.51823090046926,27.242715381090264,23.517776170151187,23.88826806827255,28.711675380726472,20.92149202675767,627,UP,0.15643446504022956,0.9876883405951306
82.25535627879664,23.82084632434157,81.00000000000001,85.0,85.0,17.965832937251484,18.248861209061534,21.93358587592223,33.96113390445405,16.380828861368947,16.63888746069148,58.29416253699263,45.08994009336479,83.28067964154884,84.5926581574594,40.52644436286183,27.937748325973885,24.117776170151185,24.497720285916955,29.444185338462194,20.811409622775148,628,UP,0.15643446504022956,0.9876883405951306
82.34921695782077,24.41345932869865,81.00000000000001,85.0,85.0,17.870802273056754,18.152333460665368,21.817567696234114,33.781495747792,15.780828861368951,16.029435243047075,58.09014449973251,45.74968509972289,83.37571030574358,84.68918590585555,41.5346578252544,28.632781270857507,24.71777617015118,25.107172503561358,30.029305725752497,20.70132721879266,629,UP,0.15643446504022956,0.9876883405951306
82.4430776368449,25.00607233305573,81.00000000000001,85.0,85.0,17.775771608862023,18.05580571226922,21.701549516545995,33.601857591129956,15.180828861368957,15.419983025402674,57.88612646247236,46.409430106081054,83.47074096993828,84.78571365425171,42.54287128764695,29.327814215741135,25.317776170151177,25.716624721205765,29.869620400783802,20.591244814810164,630,UP,0.15643446504022956,0.9876883405951306
82.53693831586904,25.59868533741281,81.00000000000001,85.0,85.0,17.680740944667306,17.959277963873067,21.585531336857883,33.42221943446793,14.58082886136896,14.810530807758264,57.6821084252122,47.06917511243919,83.56577163413301,84.88224140264785,43.55108475003951,30.022847160624757,25.91777617015117,26.326076938850175,29.709935075815093,20.481162410827665,631,UP,0.15643446504022956,0.9876883405951306
82.63079899489317,26.19129834176989,81.00000000000001,85.0,85.0,17.585710280472618,17.86275021547693,21.469513157169764,33.242581277805904,13.980828861368959,14.201078590113848,57.478090387952065,47.728920118797284,83.66080229832771,84.978769151044,44.55929821243208,30.717880105508375,26.51777617015117,26.93552915649459,29.55024975084641,20.371080006845155,632,UP,0.15643446504022956,0.9876883405951306
82.7246596739173,26.78391134612697,81.00000000000001,85.0,85.0,17.490679616277873,17.766222467080766,21.35349497748165,33.06294312114386,13.380828861368965,13.591626372469443,57.274072350691924,48.388665125155434,52.52096238357753,85.07529689944016,45.56751167482465,31.412913050391996,27.117776170151167,27.54498137413899,29.390564425877702,20.260997602862663,633,UP,0.15643446504022956,0.9876883405951306
82.81852035294143,27.37652435048405,81.00000000000001,85.0,85.0,17.39564895208316,17.669694718684614,21.23747679779353,32.88330496448182,12.780828861368965,12.982174154825039,57.07005431343177,49.04841013151355,48.73271147477251,85.1718246478363,46.575725137217205,32.107945995275614,27.717776170151165,28.1544335917834,29.230879100909007,20.150915198880167,634,UP,0.15643446504022956,0.9876883405951306
82.91238103196557,27.96913735484113,81.00000000000001,85.0,85.0,17.300618287888447,17.57316697028846,21.121458618105418,32.70366680781978,12.180828861368962,12.372721937180629,56.866036276171606,49.708155137871685,44.94446056596752,85.26835239623246,47.583938599609766,32.80297894015925,28.31777617015117,28.76388580942781,29.071193775940294,20.040832794897664,635,UP,0.15643446504022956,0.9876883405951306
83.0062417109897,28.56175035919821,81.00000000000001,85.0,85.0,17.20558762369376,17.476639221892327,21.0054404384173,32.52402865115778,11.580828861368971,11.763269719536218,56.66201823891148,50.36790014422981,43.36722473107137,85.36488014462861,48.59215206200232,33.49801188504287,28.917776170151164,29.373338027072215,28.911508450971617,19.93075039091515,636,UP,0.15643446504022956,0.9876883405951306
83.10010239001383,29.15436336355529,81.00000000000001,85.0,85.0,17.11055695949903,17.380111473496157,20.889422258729184,32.344390494495705,10.980828861368972,11.153817501891815,13.405944141907844,97.4621016744678,43.17729625310805,85.46140789302476,49.60036552439489,34.19304482992649,29.517776170151162,29.982790244716625,28.75182312600289,19.82066798693267,637,UP,0.15643446504022956,0.9876883405951306
83.19396306903796,29.74697636791237,81.00000000000001,85.0,85.0,17.015526295304298,17.28358372510001,20.77340407904107,32.16475233783366,10.380828861368968,10.544365284247409,12.673434184172129,97.5721840784503,42.98736777514471,85.55793564142091,50.60857898678744,34.888077774810114,30.117776170151156,30.592242462361032,28.59213780103421,19.710585582950166,638,UP,0.15643446504022956,0.9876883405951306
83.2878237480621,30.33958937226945,81.00000000000001,85.0,85.0,16.92049563110958,17.187055976703856,20.657385899352953,31.985114181171653,9.780828861368988,9.934913066603,11.94092422643641,97.6822664824328,42.797439297181405,85.65446338981707,51.61679244918001,35.58311071969374,30.717776170151154,31.201694680005435,28.432452476065517,19.600503178967667,639,UP,0.15643446504022956,0.9876883405951306
83.38168442708623,30.93220237662653,81.00000000000001,85.0,85.0,16.825464966914893,17.09052822830772,20.541367719664834,31.80547602450962,9.180828861368983,9.32546084895859,11.208414268700661,97.7923488864153,42.60751081921806,85.75099113821321,52.62500591157257,36.27814366457735,31.317776170151152,31.81114689764984,28.272767151096822,19.490420774985157,640,UP,0.15643446504022956,0.9876883405951306
83.47554510611036,31.52481538098361,81.00000000000001,85.0,85.0,16.730434302720152,16.994000479911556,20.42534953997673,31.62583786784758,8.580828861368985,8.716008631314182,10.475904310964934,97.9024312903978,42.41758234125476,85.84751888660936,53.63321937396513,36.97317660946098,31.91777617015115,32.42059911529425,28.11308182612811,19.38033837100266,641,UP,0.15643446504022956,0.9876883405951306
83.56940578513449,32.11742838534069,81.00000000000001,85.0,85.0,16.63540363852544,16.897472731515407,20.309331360288606,31.44619971118554,7.980828861368996,8.106556413669775,9.743394353229215,98.01251369438029,42.227653863291415,85.94404663500552,54.64143283635769,37.66820955434461,32.517776170151144,33.030051332938655,27.95339650115943,19.27025596702017,642,UP,0.15643446504022956,0.9876883405951306
83.66326646415862,32.710041389697764,81.00000000000001,85.0,85.0,16.540372974330722,16.80094498311925,20.19331318060049,31.266561554523513,7.380828861369001,7.4971041960253695,9.010884395493488,98.1225960983628,42.037725385328095,86.04057438340166,55.64964629875024,38.363242499228214,33.11777617015114,33.63950355058306,27.793711176190698,19.16017356303767,643,UP,0.15643446504022956,0.9876883405951306
83.75712714318276,33.30265439405484,81.00000000000001,85.0,85.0,16.44534231013603,16.704417234723117,20.07729500091238,31.0869233978615,6.780828861369006,6.887651978380962,8.27837443775778,98.2326785023453,41.84779690736476,86.13710213179782,56.6578597611428,39.058275444111835,33.71777617015113,34.24895576822746,27.634025851222017,19.050091159055157,644,RIGHT,0.9876883405951306,-0.1564344650402295
83.75712714318276,33.30265439405484,78.00000000000001,85.0,85.0,16.605748298755614,16.51949329910746,19.367405364670294,28.677072740236884,7.489629201929403,6.8114031818443745,7.985669059965155,55.96221146511152,41.22138239662687,85.18353328201916,61.14628635300816,40.40965431487961,34.04665550380251,33.869807450606345,29.823188961050317,19.709206042798133,645,RIGHT,0.9781476007337985,-0.2079116908177576
83.75712714318276,33.30265439405484,75.00000000000001,85.0,85.0,16.81585937009239,16.3830319664072,18.755654032592652,26.681836402260938,9.394858599302028,6.75513673717057,7.733428576896798,11.001593213372427,40.72341862552061,84.47986409160814,66.60530878810977,41.97707717702396,34.477444838594174,33.590021686035634,32.485745713634515,20.473693160294204,646,RIGHT,0.9659258262890611,-0.25881904510251863
83.75712714318276,33.30265439405484,72.00000000000001,85.0,85.0,17.078767222048448,16.293099043621858,18.22980238176504,25.010272797924063,12.646591578518146,6.718055127866864,7.516606696057459,10.312365435795826,41.313836141448654,84.01612080466076,73.35539931597805,43.79588785547737,35.016483062211215,33.405632811446246,35.77800166773477,21.36079093487921,647,RIGHT,0.9510565162951464,-0.3090169943749449
83.75712714318276,33.30265439405484,69.00000000000001,85.0,85.0,17.398471942862592,16.248440791662716,17.780037896233367,23.596665774244315,45.32456900073325,6.699641405727671,7.331157469960654,9.729499653859861,43.62222842509585,83.78583845742413,81.87768415015545,45.91098848389116,35.67197152901606,33.314070293907136,36.454293670281245,22.39239971237149,648,RIGHT,0.9335804264971946,-0.3583679495452974
83.75712714318276,33.30265439405484,66.0,85.0,85.0,17.780037896233324,16.248440791662716,17.398471942862635,22.39239971237158,39.934618956350555,6.699641405727672,7.173828216465135,9.2329504233777,46.33837484646722,83.78583845742412,89.71602742084038,48.38008719632766,36.454293670281245,33.314070293907136,35.67197152901607,23.596665774244208,649,RIGHT,0.9135454576425939,-0.40673664307579693
83.75712714318276,33.30265439405484,63.0,85.0,85.0,18.229802381765005,16.293099043621837,17.078767222048494,21.360790934879294,35.778001667734756,6.718055127866862,7.042005907319498,8.807592140154226,94.00282138167113,43.0496879722331,88.06745520177834,51.278396293099114,37.376442809317,33.40563281144625,35.01648306221122,25.01027279792393,650,RIGHT,0.8910065241883609,-0.45399049973954314
83.75712714318276,33.30265439405484,60.00000000000001,85.0,85.0,18.755654032592616,16.383031966407174,16.815859370092433,20.47369316029428,32.48574571363447,6.75513673717057,6.933602377809187,8.441819383386813,96.71439980533256,42.21204130265827,86.711758670916,54.70559205481116,38.45459295827329,33.59002168603564,34.47744483859418,26.681836402260764,651,RIGHT,0.8660254037844318,-0.49999999999999595
83.75712714318276,33.30265439405484,57.00000000000001,85.0,85.0,19.367405364670255,16.51949329910743,16.605748298755643,19.709206042798186,29.8231889610503,6.811403181844367,6.846968290798692,8.126602088866449,99.86892391892454,41.51799573725531,85.62831118774741,58.79641187368233,39.70886265347278,33.86980745060635,34.046655503802526,28.677072740236696,652,RIGHT,0.8386705679454174,-0.5446390350150228
83.75712714318276,33.30265439405484,54.0,85.0,85.0,20.077295000912343,16.70441723472309,16.44534231013605,19.050091159055224,27.634025851222013,8.331895661090144,6.780828861369022,7.854832420448687,53.926745324622466,40.9568477932041,84.80117026866435,63.73731267981497,41.16434466223386,34.248955768227475,33.71777617015114,31.086923397861273,653,UP,0.5877852522924685,0.809016994374941
84.10979829455823,33.7880645906798,54.0,85.0,85.0,19.641369484109134,16.341724864281133,16.088275068496905,18.636468664925314,27.034025851222037,8.7669919208538,6.289367965584342,7.285529897628081,10.568375754737792,41.057818135696714,85.15823751030352,64.66632996216646,41.76434466223386,34.74815898959659,34.20923706593581,30.41195283298097,654,UP,0.5877852522924685,0.809016994374941
84.4624694459337,34.273474787304764,54.0,85.0,85.0,19.205443967305936,15.979032493839192,15.731207826857709,18.222846170795396,26.434025851222067,9.202088180617505,5.797907069799672,6.716227374807468,9.742546602455109,41.15878847818934,85.5153047519427,65.59534724451795,42.36434466223385,35.247362210965726,34.700697961720486,29.736982268100657,655,UP,0.5877852522924685,0.809016994374941
84.81514059730918,34.758884983929725,54.0,85.0,85.0,18.76951845050272,15.616340123397249,15.374140585218537,17.809223676665503,25.834025851222066,9.637184440381171,5.306446174014994,6.146924851986857,8.91671745017241,41.259758820681945,85.87237199358185,66.52436452686942,42.96434466223384,35.74656543233485,35.19215885750515,29.062011703220357,656,UP,0.5877852522924685,0.809016994374941
85.16781174868466,35.24429518055469,54.0,85.0,85.0,18.33359293369952,15.253647752955322,15.017073343579368,17.395601182535593,25.234025851222093,10.072280700144937,4.8149852782303295,5.577622329166253,8.090888297889716,41.360729163174554,86.22943923522104,67.45338180922093,43.56434466223383,36.24576865370398,35.683619753289825,28.387041138340063,657,UP,0.5877852522924685,0.809016994374941
85.52048290006013,35.72970537717965,54.0,85.0,85.0,17.89766741689632,14.890955382513368,14.660006101940212,16.981978688405682,24.634025851222106,10.50737695990862,4.323524382445659,5.008319806345634,7.265059145607025,41.93940443590844,86.5865064768602,68.38239909157241,44.16434466223383,36.744971875073105,36.175080649074495,27.712070573459744,658,UP,0.5877852522924685,0.809016994374941
85.8731540514356,36.21511557380461,54.0,85.0,85.0,17.461741900093102,14.528263012071427,14.30293886030103,16.568356194275765,24.03402585122212,10.942473219672241,4.252940377007287,4.439017283525029,6.439229993324333,42.63522418839516,86.94357371849937,69.3114163739239,44.7643446622338,37.244175096442234,36.666541544859165,27.037100008579444,659,UP,0.5877852522924685,0.809016994374941
86.22582520281108,36.70052577042957,54.0,85.0,85.0,17.025816383289893,14.165570641629499,13.94587161866186,16.15473370014587,23.43402585122212,11.377569479435914,4.422046429531762,3.8697147607044253,5.613400841041653,43.331043940881884,87.30064096013854,70.24043365627537,45.36434466223381,37.743378317811356,37.158002440643834,26.36212944369913,660,UP,0.5877852522924685,0.809016994374941
86.57849635418656,37.18593596705453,54.0,85.0,85.0,16.5898908664867,13.802878271187558,13.58880437702269,15.741111206015962,22.83402585122214,11.81266573919964,4.591152482056263,3.3004122378838074,4.787571688758926,44.02686369336865,87.65770820177771,71.16945093862687,45.96434466223379,38.242581539180485,37.64946333642851,25.687158878818817,661,UP,0.5877852522924685,0.809016994374941
86.93116750556203,37.671346163679495,54.0,85.0,85.0,16.153965349683496,13.44018590074561,13.231737135383547,15.327488711886051,22.23402585122217,12.247761998963348,4.760258534580766,3.2624721635254703,3.9617425364762573,9.975155633237952,88.01477544341688,72.09846822097838,46.564344662233786,38.74178476054961,38.14092423221318,25.012188313938516,662,UP,0.5877852522924685,0.809016994374941
87.2838386569375,38.156756360304456,54.0,85.0,85.0,15.718039832880295,13.077493530303663,12.874669893744349,14.913866217756121,21.63402585122218,54.47168079513273,4.929364587105275,3.3783700260127754,3.135913384193554,7.895824570040719,88.37184268505605,73.02748550332986,47.16434466223377,39.240987981918735,38.63238512799785,24.337217749058215,663,UP,0.5877852522924685,0.809016994374941
87.63650980831298,38.64216655692942,54.0,85.0,85.0,15.282114316077077,12.714801159861725,12.517602652105179,14.500243723626236,21.034025851222182,52.960958347917376,5.098470639629771,3.4942678885000777,3.006072726323289,5.816493506843472,88.72890992669522,73.95650278568132,47.76434466223378,39.740191203287864,39.12384602378253,23.6622471841779,664,UP,0.5877852522924685,0.809016994374941
87.98918095968845,39.12757675355438,54.0,85.0,85.0,14.84618879927387,12.352108789419795,12.160535410466009,14.086621229496329,20.434025851222202,51.450235900701976,5.2675766921542575,3.6101657509873757,3.105778133744639,3.7371624436462536,89.08597716833438,74.88552006803282,48.36434466223375,40.23939442465699,39.61530691956719,22.987276619297603,665,UP,0.5877852522924685,0.809016994374941
88.34185211106393,39.61298695017934,54.0,85.0,85.0,14.410263282470678,11.989416418977841,11.803468168826853,13.672998735366415,19.834025851222215,49.939513453486605,5.4366827446787465,3.726063613474685,3.2054835411659792,3.24615062890423,89.44304440997357,75.81453735038431,48.96434466223376,40.73859764602612,40.106767815351866,22.312306054417324,666,UP,0.5877852522924685,0.809016994374941
88.6945232624394,40.0983971468043,54.0,85.0,85.0,13.974337765667462,11.626724048535904,11.44640092718767,13.259376241236493,19.234025851222246,48.428791006271325,5.605788797203268,3.841961475961983,3.305188948587352,3.3471209713968433,89.80011165161272,76.7435546327358,49.564344662233744,41.23780086739525,40.598228711136535,21.637335489537005,667,UP,0.5877852522924685,0.809016994374941
89.04719441381488,40.583807343429264,54.0,85.0,85.0,13.538412248864255,11.264031678093977,11.0893336855485,12.845753747106599,18.634025851222248,46.91806855905588,5.774894849727756,3.957859338449299,3.404894356008685,3.448091313889455,90.1571788932519,77.67257191508727,50.164344662233745,41.73700408876437,41.089689606921205,20.96236492465667,668,UP,0.5877852522924685,0.809016994374941
89.39986556519035,41.069217540054225,54.0,85.0,85.0,13.102486732061056,10.901339307652036,10.73226644390933,12.432131252976692,18.03402585122226,45.40734611184054,5.94400090225229,4.073757200936596,3.5045997634300496,3.5490616563820736,4.250005042320113,78.60158919743877,50.764344662233725,42.2362073101335,41.58115050270588,20.287394359776393,669,UP,0.5877852522924685,0.809016994374941
89.75253671656583,41.55462773667919,54.0,85.0,85.0,12.666561215257847,10.538646937210078,10.375199202270188,12.018508758846782,17.43402585122228,43.89662366462517,6.113106954776774,4.189655063423906,3.604305170851391,3.6500319988746837,4.3709171329699625,79.53060647979026,51.36434466223373,42.73541053150263,42.07261139849055,19.612423794896092,670,UP,0.5877852522924685,0.809016994374941
90.1052078679413,42.04003793330415,54.0,85.0,85.0,12.230635698454655,10.17595456676814,10.01813196063099,11.604886264716859,16.834025851222314,42.38590121740984,6.282213007301256,4.305552925911204,3.7040105782727553,3.751002341367311,4.49182922361984,80.45962376214173,51.964344662233714,43.23461375287175,42.56407229427522,18.937453230015773,671,UP,0.5877852522924685,0.809016994374941
90.45787901931678,42.52544812992911,54.0,85.0,85.0,11.794710181651435,9.8132621963262,9.66106471899182,11.191263770586966,16.234025851222317,40.87517877019444,6.451319059825775,4.4214507883985075,3.8037159856940965,3.8519726838599104,4.612741314269672,81.38864104449321,52.56434466223371,43.73381697424088,43.05553319005989,18.26248266513548,672,UP,0.5877852522924685,0.809016994374941
90.81055017069225,43.01085832655407,54.0,85.0,85.0,11.358784664848228,9.450569825884271,9.303997477352649,10.777641276457059,15.634025851222335,39.364456322979,6.620425112350293,4.537348650885817,3.9034213931154493,3.952943026352526,4.73365340491955,82.31765832684472,53.16434466223369,44.23302019561001,43.54699408584456,17.587512100255147,673,UP,0.5877852522924685,0.809016994374941
91.16322132206773,43.49626852317903,54.0,85.0,85.0,10.922859148045037,9.087877455442317,8.946930235713495,10.364018782327149,15.034025851222344,37.85373387576371,57.2080575971711,4.6532465133731025,4.003126800536814,4.053913368845151,4.854565495569401,83.24667560919619,53.76434466223368,44.73222341697914,44.038454981629236,16.912541535374864,674,UP,0.5877852522924685,0.809016994374941
91.5158924734432,43.981678719803995,54.0,85.0,85.0,10.48693363124182,8.725185085000376,8.589862994074311,9.950396288197222,14.434025851222374,36.343011428548344,56.71659670138644,4.769144375860412,4.1028322079581665,4.154883711337778,4.975477586219263,84.17569289154767,54.36434466223368,45.23142663834826,44.5299158774139,16.237570970494545,675,UP,0.5877852522924685,0.809016994374941
91.86856362481868,44.467088916428956,54.0,85.0,85.0,10.051008114438613,8.36249271455845,8.232795752435141,9.536773794067333,13.834025851222377,34.832288981333,56.225135805601774,4.88504223834771,4.202537615379511,4.255854053830394,5.096389676869114,7.83748838155848,54.96434466223368,45.73062985971739,45.02137677319857,15.562600405614246,676,UP,0.5877852522924685,0.809016994374941
92.22123477619415,44.95249911305392,54.0,85.0,85.0,9.615082597635414,7.999800344116507,7.8757285107959705,9.123151299937422,13.23402585122239,33.3215665341176,55.73367490981709,5.000940100835021,4.302243022800876,4.356824396323005,5.21730176751896,8.023433171055128,55.56434466223366,46.22983308108652,45.512837668983245,14.887629840733972,677,UP,0.5877852522924685,0.809016994374941
92.57390592756963,45.43790930967888,54.0,85.0,85.0,9.17915708083222,7.637107973674553,7.518661269156832,8.709528805807516,12.634025851222392,31.810844086902325,55.24221401403241,5.1168379633223235,4.401948430222217,4.45779473881562,5.338213858168837,8.209377960551757,56.16434466223365,46.72903630245565,46.004298564767915,14.21265927585363,678,UP,0.5877852522924685,0.809016994374941
92.9265770789451,45.92331950630384,54.0,85.0,85.0,8.743231564028997,7.274415603232614,7.161594027517631,8.29590631167759,12.034025851222424,30.300121639686942,54.75075311824776,9.235296800796105,4.50165383764357,4.558765081308233,5.459125948818686,8.395322750048388,56.76434466223365,47.22823952382477,45.21652513872698,13.537688710973356,679,UP,0.5877852522924685,0.809016994374941
93.27924823032058,46.4087297029288,54.0,85.0,85.0,8.307306047225797,6.911723232790672,6.804526785878459,7.8822838175476955,11.434025851222426,28.7893991924715,54.25929222246309,15.425623721862864,4.601359245064934,4.659735423800846,5.580038039468535,8.581267539545026,57.36434466223364,47.7274427451939,42.962091300986934,12.862718146093057,680,UP,0.5877852522924685,0.809016994374941
93.63191938169605,46.894139899553764,54.0,85.0,85.0,7.87138053042259,6.5490308623487445,6.44745954423929,7.468661323417789,10.834025851222446,27.278676745256156,53.76783132667842,62.28402357831247,4.701064652486272,4.760705766293484,5.700950130118412,8.767212329041637,57.96434466223362,48.22664596656302,40.70765746324666,12.187747581212745,681,UP,0.5877852522924685,0.809016994374941
93.98459053307153,47.379550096178725,54.0,85.0,85.0,7.435455013619387,6.186338491906789,6.090392302600135,7.055038829287879,10.234025851222466,25.767954298040827,53.276370430893735,61.71472105549188,5.191689126175247,4.861676108786085,5.821862220768262,8.953157118538291,58.56434466223362,48.72584918793215,38.45322362550655,11.512777016332421,682,LEFT,-0.809016994374941,0.5877852522924685
93.98459053307153,47.379550096178725,57.00000000000001,85.0,85.0,7.172553439743379,6.117853489113874,6.149797292776466,7.299136406509065,11.044763742948602,33.00898357048207,53.79602205673814,63.849991215308734,4.765853047935661,4.928285716216411,6.05681242442535,9.788481536607298,56.49363636576541,48.18643642833487,28.932521510784873,10.620309372982366,683,LEFT,-0.8386705679454174,0.5446390350150228
93.98459053307153,47.379550096178725,59.99999999999999,85.0,85.0,6.945996550033975,6.067316198092091,6.227610136524429,7.582257692039567,12.030818933856937,46.08584196486185,54.476698387888234,12.609890477264452,4.744350323054908,5.01067059018828,6.329602257987547,10.828449704033092,54.70919200422431,47.78838636626408,23.241757439239855,9.881390607686292,684,LEFT,-0.8660254037844317,0.49999999999999606
93.98459053307153,47.379550096178725,63.0,85.0,85.0,6.751251874847971,6.034010306955705,6.324975817800617,7.91078678897764,13.250077854887904,52.78316277917952,55.32841529629026,9.932830434217092,4.735963401706394,5.110101259795414,6.647201873546355,72.9535645198995,53.175312200253,47.52605706910313,19.466273947476367,9.262341279483191,685,LEFT,-0.8910065241883608,0.4539904997395432
93.98459053307153,47.379550096178725,66.0,85.0,85.0,6.58468543256864,6.017471504123252,6.4433757351772885,8.292834303662769,14.789445626140507,52.63848779891444,56.36413147740626,8.211953857646588,4.740576742519078,5.22817817613595,7.0186113321162145,68.83015203091759,51.8633743945719,47.395791450172446,16.785567667423578,8.738823971447959,686,LEFT,-0.9135454576425937,0.406736643075797
93.98459053307153,47.379550096178725,69.00000000000001,85.0,85.0,6.443375735177244,6.017471504123252,6.584685432568684,8.73882397144803,16.785567667423564,52.63848779891444,57.60025345603282,7.015703160562662,4.758253839662641,5.366899107520607,7.45562651315994,65.31737539893899,50.75036788629667,47.39579145017244,14.789445626140513,8.292834303662744,687,LEFT,-0.9335804264971943,0.35836794954529744
93.98459053307153,47.379550096178725,72.0,85.0,85.0,6.324975817800558,6.03401030695572,6.7512518748480055,9.262341279483277,19.466273947476346,52.78316277917953,59.05731156318312,6.138343885341472,4.789239366668322,5.528749100811141,7.973984312865344,62.30823039215897,49.8178071275365,47.52605706910313,13.250077854887975,7.910786788977601,688,LEFT,-0.951056516295146,0.30901699437494495
93.98459053307153,47.379550096178725,75.0,85.0,85.0,6.227610136524385,6.067316198092107,6.945996550033999,9.881390607686372,23.241757439239898,53.074509691751295,60.76086183370088,5.469356442719372,4.833967506470051,5.7168211290298565,8.59512522122379,59.72061588445079,49.050919653120104,46.085841964861984,12.030818933857,7.582257692039541,689,LEFT,-0.9659258262890605,0.2588190451025187
93.98459053307153,47.379550096178725,78.00000000000001,85.0,85.0,6.149797292776423,6.117853489113906,7.172553439743422,10.620309372982438,28.93252151078491,53.51659015279178,62.74269291782937,4.9440775013937,4.893077000961719,5.934979297452136,9.348999142648621,57.490649794056466,48.43803742976482,33.00898357048216,11.04476374294858,7.299136406509041,690,LEFT,-0.9781476007337977,0.20791169081775765
93.98459053307153,47.379550096178725,81.0,85.0,85.0,6.090392302600108,6.186338491906808,7.435455013619411,11.512777016332539,38.45322362550651,54.11567017858881,14.59195182514416,4.75344793023331,4.967433906464505,6.188082245729726,10.278712892555937,55.568048605909446,47.97014214790659,25.767954298040905,10.234025851222473,7.055038829287848,691,LEFT,-0.9876883405951297,0.1564344650402296
93.98459053307153,47.379550096178725,84.0,85.0,85.0,6.048544023961367,6.273764763253898,7.740385674334587,12.606725408657853,52.910298052649544,54.88044101538537,11.10859542618177,4.738528820466701,5.058163600377535,6.482293452757341,11.448602043592627,53.91286698169159,47.64052990370212,21.179874887391644,9.558580259720364,6.8448934144075055,692,LEFT,-0.9945218953682652,0.10452846326765261
93.98459053307153,47.379550096178725,87.00000000000001,85.0,85.0,6.023664690036292,6.3814393104623885,8.094531860683045,13.972716409693684,52.69266336765559,55.82233585204632,8.98770606389272,4.736645262758412,5.166694316150849,6.825519782943908,70.80762656187466,52.49315595734168,47.444571232136525,18.0206286974942,8.9898883861582,6.664643852753963,693,LEFT,-0.9986295347545656,0.0523359562429434
93.98459053307153,47.379550096178725,90.00000000000001,85.0,85.0,6.015409466928475,6.511032288568447,8.5070736513578,15.719022456111015,52.62044990382128,56.95596455177283,7.564248151243034,4.747771342398279,5.2948154849821805,7.228043886550719,67.0048023251515,51.28325547746669,47.37955009617873,15.719022456111032,8.507073651357754,6.511032288568428,694,LEFT,-0.9999999999999918,-7.405108423066938e-18
93.98459053307153,47.379550096178725,93.0,85.0,85.0,6.023664690036293,6.664643852753992,8.989888386158238,18.02062869749416,52.692663367655605,58.299698450905105,6.545520358239024,4.772060496296554,5.444755578116761,7.7034576100464065,63.75547332344309,50.26253410645351,47.444571232136525,13.972716409693673,8.09453186068302,6.38143931046238,695,UP,-0.052335956242943474,0.9986295347545656
93.95318895932576,47.97872781703146,93.0,85.0,85.0,6.055109357606119,6.699434552636014,9.036817301750137,18.114699783444443,52.09266336765561,57.635852350994085,7.201909805199627,4.473748613654948,5.104392062546954,7.2218977169381535,64.56174647547348,50.89817101244043,48.04457123213651,14.045656628839229,8.136786846076479,6.414751629135513,696,UP,-0.052335956242943474,0.9986295347545656
93.92178738557999,48.5779055378842,93.0,85.0,85.0,6.086554025175946,6.734225252518091,9.083746217342023,18.208770869394648,51.492663367655624,56.972006251083066,7.858299252160282,4.175436731013363,4.7640285469771175,6.7403378238298854,65.36801962750388,51.533807918427364,48.64457123213651,14.118596847984689,8.17904183146992,6.44806394780862,697,UP,-0.052335956242943474,0.9986295347545656
93.89038581183422,49.177083258736936,93.0,85.0,85.0,6.117998692745772,6.769015952400104,9.13067513293392,18.30284195534496,50.89266336765563,56.308160151172046,8.514688699120898,4.484667717072567,4.42366503140731,6.258777930721671,66.17429277953426,52.169444824414285,49.2445712321365,14.1915370671302,8.22129681686338,6.481376266481747,698,UP,-0.052335956242943474,0.9986295347545656
93.85898423808845,49.77626097958967,93.0,85.0,85.0,6.149443360315599,6.803806652282178,9.177604048525813,18.396913041295242,50.292663367655635,55.64431405126102,9.171078146081467,4.830386587912236,4.083301515837489,5.7772180376134115,66.98056593156466,52.80508173040122,49.84457123213649,14.264477286275707,8.263551802256828,6.514688585154861,699,UP,-0.052335956242943474,0.9986295347545656
93.82758266434269,50.37543870044241,93.0,85.0,85.0,6.180888027885424,6.8385973521642045,9.224532964117705,18.490984127245486,49.69266336765564,54.98046795135,9.827467593042073,5.176105458751918,3.9181418417918996,5.295658144505178,12.23244189594679,53.44071863638815,50.44457123213648,14.337417505421218,8.305806787650294,6.54800090382799,700,UP,-0.052335956242943474,0.9986295347545656
93.79618109059692,50.974616421295146,93.0,85.0,85.0,6.212332695455251,6.873388052046275,9.271461879709602,18.585055213195755,49.09266336765565,54.31662185143897,10.483857040002757,5.521824329591578,4.1798396731302585,4.814098251396929,11.120086594467017,54.076355542375076,51.04457123213648,14.410357724566722,8.348061773043753,6.5813132225011,701,UP,-0.052335956242943474,0.9986295347545656
93.76477951685115,51.57379414214788,93.0,85.0,85.0,6.243777363025078,6.908178751928295,9.318390795301495,18.679126299146013,48.49266336765566,53.652775751527955,11.140246486963399,5.867543200431264,4.441537504468602,4.332538358288669,10.007731292987202,54.711992448362004,51.64457123213647,14.483297943712184,8.390316758437194,6.614625541174232,702,UP,-0.052335956242943474,0.9986295347545656
93.73337794310538,52.17297186300062,93.0,85.0,85.0,6.275222030594904,6.9429694518103755,9.365319710893388,18.773197385096257,47.892663367655665,52.98892965161693,71.47637200046042,6.213262071270932,4.70323533580696,4.31176222354581,8.895375991507379,55.34762935434893,52.24457123213646,14.556238162857696,8.432571743830643,6.647937859847341,703,UP,-0.052335956242943474,0.9986295347545656
93.70197636935961,52.772149583853356,93.0,85.0,85.0,6.3066666981647295,6.977760151692388,9.41224862648528,18.867268471046568,47.29266336765568,52.3250835517059,70.5809149474447,6.558980942110629,4.964933167145303,4.551677673780239,7.7830206900276195,55.98326626033585,52.84457123213645,14.629178382003207,8.474826729224104,6.6812501785204725,704,UP,-0.052335956242943474,0.9986295347545656
93.67057479561385,53.37132730470609,93.0,85.0,85.0,6.338111365734557,7.012550851574465,9.459177542077176,18.961339556996812,46.69266336765568,51.661237451794875,69.68545789442895,6.904699812950312,5.226630998483676,4.791593124014653,6.67066538854781,56.61890316632279,53.44457123213645,14.702118601148713,8.517081714617563,6.714562497193582,705,LEFT,-0.9986295347545656,-0.05233595624294341
93.67057479561385,53.37132730470609,96.00000000000001,85.0,85.0,6.364289447888307,7.202209780842991,10.057556205714853,22.285504365915163,46.8855164601753,53.05844870732455,74.0936943382807,6.557491856164209,5.1168412627961555,4.79349853209632,8.244787101183494,55.663567784243625,53.665311496176365,13.264820289461943,8.144448428349207,6.601267135220451,706,LEFT,-0.9945218953682651,-0.10452846326765262
93.67057479561385,53.37132730470609,99.00000000000001,85.0,85.0,6.4083222857246245,7.4233251833509275,10.768261333029766,27.11309018881613,47.209904965768374,54.687398793390116,10.397951986594363,6.25986762669417,5.025059051255912,4.808590712280517,10.830130324621177,54.88788390623863,40.46055453801939,12.11376572455678,7.823599811121802,6.509277047358265,707,LEFT,-0.9876883405951294,-0.1564344650402296
93.67057479561385,53.37132730470609,102.0,85.0,85.0,6.470828328605874,7.680165115210494,11.621321274211564,34.73211486779448,47.67038498107353,56.57953034262828,9.457453012271067,6.003828535869694,4.949839562067755,4.837078196792018,15.840795880009269,54.28025519540536,30.442853788025246,11.17470958432641,7.5469742784607305,6.437216998049405,708,LEFT,-0.9781476007337974,-0.20791169081775762
93.67057479561385,53.37132730470609,105.00000000000001,85.0,85.0,6.552703149788233,7.978065866670079,12.658850408772356,47.03102967388649,48.273554165575824,58.774155634331656,8.694833711502543,5.783139604828411,4.8900443627951615,4.879358916276191,61.627900372759434,53.831866384128894,24.455021081926215,10.397217863642805,7.308590691135906,6.38404156496987,709,UP,-0.2588190451025187,0.96592582628906
93.51528336855233,53.950882800479526,105.00000000000001,85.0,85.0,6.713472665246904,8.17380642661341,12.969433262895373,46.44647321658602,47.67355416557583,58.04364191952122,8.913146657687896,5.928344710207378,5.012825318387971,5.001871577915571,62.29711341574967,54.416422841429366,25.05502108192621,10.652311927855092,7.487905785569531,6.540672995633945,710,UP,-0.2588190451025187,0.96592582628906
93.35999194149082,54.53043829625296,105.00000000000001,85.0,85.0,6.874242180705578,8.36954698655672,13.280016117018429,45.86191675928555,47.073554165575835,57.313128204710765,9.131459603873228,6.073549815586334,5.13560627398077,5.124384239554962,16.342990750319238,55.000979298729845,25.655021081926204,10.90740599206738,7.66722088000313,6.697304426297994,711,UP,-0.2588190451025187,0.96592582628906
93.2047005144293,55.109993792026394,105.00000000000001,85.0,85.0,7.0350116961642515,8.565287546500052,13.590598971141421,45.27736030198507,46.47355416557584,56.582614489900294,9.349772550058619,6.218754920965333,5.2583872295735965,5.246896901194365,9.69890765516113,55.58553575603032,26.255021081926195,11.162500056279642,7.846535974436764,6.853935856962071,712,UP,-0.2588190451025187,0.96592582628906
93.04940908736779,55.68954928779983,105.00000000000001,85.0,85.0,7.195781211622928,8.761028106443378,13.90118182526444,44.6928038446846,45.87355416557585,55.852100775089845,54.209101647621466,6.363960026344287,5.381168185166394,5.369409562833737,6.317367083335424,56.17009221333079,26.855021081926278,11.417594120491959,8.025851068870363,7.01056728762612,713,UP,-0.2588190451025187,0.96592582628906
92.89411766030628,56.26910478357326,105.00000000000001,85.0,85.0,7.3565507270816,8.956768666386706,14.211764679387482,44.108247387384125,45.27355416557586,55.12158706027939,54.427414593806816,6.509165131723255,5.503949140759217,5.491922224473132,6.461509087568015,56.75464867063126,27.455021081926272,11.672688184704253,8.205166163303993,7.167198718290197,714,UP,-0.2588190451025187,0.96592582628906
92.73882623324477,56.848660279346696,105.00000000000001,85.0,85.0,7.517320242540277,9.152509226330025,14.522347533510512,43.523690930083646,44.673554165575865,54.39107334546895,54.64572753999214,6.654370237102209,5.6267300963520475,5.614434886112502,6.605651091800604,57.33920512793174,28.055021081926263,11.927782248916541,8.384481257737576,7.323830148954246,715,UP,-0.2588190451025187,0.96592582628906
92.58353480618325,57.42821577512013,105.00000000000001,85.0,85.0,7.678089757998949,9.348249786273353,14.83293038763354,42.939134472783174,44.07355416557588,53.66055963065848,54.86404048617751,6.799575342481178,5.749511051944859,5.736947547751905,6.749793096033193,57.923761585232214,28.655021081926257,12.182876313128796,8.56379635217122,7.480461579618321,716,UP,-0.2588190451025187,0.96592582628906
92.42824337912174,58.007771270893564,105.00000000000001,85.0,85.0,7.838859273457623,9.543990346216674,15.143513241756558,42.3545780154827,43.47355416557588,52.93004591584803,83.98445745821292,6.944780447860132,5.87229200753767,5.859460209391285,6.893935100265778,58.508318042532686,29.25502108192625,12.43797037734109,8.74311144660481,7.637093010282371,717,UP,-0.2588190451025187,0.96592582628906
92.27295195206023,58.587326766667,105.00000000000001,85.0,85.0,7.999628788916302,9.739730906160002,15.45409609587959,41.77002155818223,42.87355416557589,52.19953220103757,82.82534646666605,7.089985553239087,5.995072963130482,5.981972871030661,7.0380771044983605,59.09287449983316,29.855021081926242,12.693064441553378,8.922426541038435,7.7937244409464475,718,UP,-0.2588190451025187,0.96592582628906
92.11766052499871,59.16688226244043,105.00000000000001,85.0,85.0,8.160398304374972,9.935471466103326,15.764678950002631,41.18546510088176,42.273554165575895,51.46901848622712,81.66623547511921,47.349146033608825,6.117853918723297,6.104485532670041,7.182219108730938,59.67743095713363,30.455021081926237,12.948158505765667,9.101741635472024,7.950355871610497,719,UP,-0.2588190451025187,0.96592582628906
91.9623690979372,59.746437758213865,105.00000000000001,85.0,85.0,8.32116781983365,10.131212026046658,16.07526180412564,40.60090864358128,41.6735541655759,50.73850477141665,80.50712448357233,46.927961380085435,6.240634874316118,6.226998194309449,7.3263611129635215,60.26198741443411,31.05502108192623,13.203252569977955,9.281056729905663,8.106987302274574,720,UP,-0.2588190451025187,0.96592582628906
91.80707767087569,60.3259932539873,105.00000000000001,85.0,85.0,8.481937335292324,10.326952585989979,16.385844658248665,40.016352186280805,41.073554165575906,50.007991056606194,79.34801349202543,46.50677672656205,6.363415829908902,6.349510855948829,7.470503117196097,60.84654387173458,31.655021081926225,13.458346634190244,9.460371824339255,8.263618732938621,721,UP,-0.2588190451025187,0.96592582628906
91.65178624381417,60.90554874976073,105.00000000000001,85.0,85.0,8.642706850751,10.522693145933303,16.69642751237171,39.43179572898033,40.47355416557592,49.277477341795745,78.18890250047862,46.085592073038676,6.486196785501729,6.472023517588216,7.614645121428688,61.431100329035054,32.25502108192626,13.713440698402533,9.639686918772881,8.420250163602697,722,UP,-0.2588190451025187,0.96592582628906
91.49649481675266,61.48510424553417,105.00000000000001,85.0,85.0,8.803476366209672,10.718433705876626,17.007010366494725,38.84723927167986,39.873554165575925,48.54696362698529,77.02979150893174,45.66440741951529,6.608977741094559,6.594536179227592,7.758787125661278,11.559381808964506,32.85502108192634,13.968534762614821,9.819002013206468,8.576881594266746,723,UP,-0.2588190451025187,0.96592582628906
91.34120338969115,62.0646597413076,105.00000000000001,85.0,85.0,8.964245881668347,10.914174265819948,17.31759322061776,38.26268281437938,39.27355416557593,47.816449912174825,75.87068051738484,45.24322276599191,7.977232666513288,6.717048840866979,7.9029291298938595,11.774130897275363,33.45502108192633,14.223628826827081,9.998317107640109,8.733513024930822,724,UP,-0.2588190451025187,0.96592582628906
91.18591196262963,62.644215237081035,105.00000000000001,85.0,85.0,9.12501539712702,11.10991482576328,17.628176074740775,37.67812635707891,38.67355416557594,47.085936197364354,74.71156952583796,44.82203811246852,10.216463151054612,6.839561502506368,8.047071134126437,11.98887998558621,34.05502108192633,14.47872289103937,10.177632202073703,8.890144455594871,725,UP,-0.2588190451025187,0.96592582628906
91.03062053556812,63.22377073285447,105.00000000000001,85.0,85.0,9.285784912585694,11.305655385706611,17.93875892886379,37.09356989977844,38.07355416557595,46.35542248255392,73.5524585342911,44.40085345894514,12.455693635595908,6.962074164145755,8.191213138359021,12.203629073897131,34.65502108192632,14.733816955251658,10.356947296507329,9.04677588625895,726,UP,-0.2588190451025187,0.96592582628906
90.8753291085066,63.8033262286279,105.00000000000001,85.0,85.0,9.446554428044369,11.501395945649927,18.249341782986836,36.509013442477965,37.473554165575955,45.62490876774346,72.39334754274425,43.97966880542175,14.694924120137207,7.084586825785132,8.335355142591618,12.418378162208008,35.255021081926316,14.98891101946398,10.536262390940914,9.203407316922998,727,UP,-0.2588190451025187,0.96592582628906
90.72003768144509,64.38288172440134,105.00000000000001,85.0,85.0,9.607323943503047,11.69713650559324,18.559924637109866,35.92445698517748,36.873554165575946,44.89439505293299,71.23423655119737,43.55848415189837,50.58859700119413,7.20709948742452,8.479497146824219,12.63312725051884,35.85502108192631,15.244005083676214,10.71557748537456,9.360038747587073,728,UP,-0.2588190451025187,0.96592582628906
90.56474625438358,64.96243722017478,105.00000000000001,85.0,85.0,9.76809345896172,11.892877065536581,18.870507491232896,35.339900527877006,36.27355416557595,44.16388133812254,70.07512555965049,43.137299498374986,50.711377956786954,8.151694545193816,8.623639151056803,12.847876338829721,36.455021081926304,15.499099147888531,10.894892579808145,9.516670178251122,729,UP,-0.2588190451025187,0.96592582628906
90.40945482732207,65.54199271594821,105.00000000000001,85.0,85.0,9.928862974420394,12.088617625479895,19.181090345355912,34.75534407057653,35.67355416557596,43.43336762331209,68.9160145681036,42.71611484485161,50.83415891237976,9.1037185535433,8.767781155289388,13.062625427140574,37.0550210819264,15.75419321210082,11.074207674241773,9.6733016089152,730,UP,-0.2588190451025187,0.96592582628906
90.25416340026055,66.12154821172165,105.00000000000001,85.0,85.0,10.089632489879067,12.284358185423217,19.491673199478942,34.170787613276055,35.07355416557597,42.702853908501645,67.75690357655675,42.29493019132821,50.95693986797259,10.055742561892743,8.911923159521963,13.277374515451415,37.655021081926385,16.009287276313113,11.253522768675365,9.829933039579249,731,UP,-0.2588190451025187,0.96592582628906
90.09887197319904,66.70110370749508,105.00000000000001,85.0,85.0,10.250402005337744,12.480098745366558,19.802256053601972,33.58623115597558,34.473554165575976,41.972340193691174,66.5977925850099,41.87374553780484,51.079720823565395,11.007766570242223,9.056065163754553,13.492123603762298,38.255021081926365,16.264381340525368,11.432837863109004,9.986564470243326,732,UP,-0.2588190451025187,0.96592582628906
89.94358054613753,67.28065920326851,105.00000000000001,85.0,85.0,10.411171520796414,12.675839305309871,20.112838907724992,33.0016746986751,33.87355416557598,41.24182647888073,65.43868159346303,41.45256088428145,51.20250177915821,11.9597905785917,9.200207167987143,13.706872692073159,38.85502108192636,16.519475404737655,11.612152957542603,10.143195900907374,733,UP,-0.2588190451025187,0.96592582628906
89.78828911907601,67.86021469904195,105.00000000000001,85.0,85.0,10.57194103625509,12.871579865253196,20.423421761848008,32.41711824137464,33.27355416557599,40.511312764070276,64.27957060191613,41.03137623075808,51.32528273475102,12.911814586941164,9.344349172219726,13.92162178038402,39.45502108192627,16.774569468949945,11.791468051976217,10.29982733157145,734,UP,-0.2588190451025187,0.96592582628906
89.6329976920145,68.43977019481538,105.00000000000001,85.0,85.0,10.732710551713769,13.067320425196527,20.73400461597105,31.832561784074162,32.67355416557599,39.78079904925982,63.12045961036928,40.610191577234694,51.92728452224897,13.863838595290638,9.745407187750551,14.136370868694875,40.055021081926306,17.02966353316224,11.970783146409817,10.4564587622355,735,UP,-0.2588190451025187,0.96592582628906
89.47770626495299,69.01932569058881,105.00000000000001,85.0,85.0,10.893480067172439,13.26306098513985,21.04458747009407,31.248005326773686,32.073554165576,39.05028533444936,61.96134861882242,40.189006923711304,54.16651500679025,14.8158626036401,10.414620230740795,14.351119957005746,40.6550210819263,17.28475759737453,12.15009824084345,10.613090192899577,736,UP,-0.2588190451025187,0.96592582628906
89.32241483789147,69.59888118636225,105.00000000000001,85.0,85.0,11.054249582631119,13.458801545083173,21.355170324217084,30.663448869473214,31.473554165576008,38.31977161963889,60.80223762727553,39.76782227018791,56.40574549133162,15.767886611989564,11.083833273731019,14.565869045316616,41.255021081926294,17.53985166158678,12.329413335277035,10.769721623563624,737,UP,-0.2588190451025187,0.96592582628906
89.16712341082996,70.17843668213568,105.00000000000001,85.0,85.0,11.215019098089789,13.654542105026495,21.66575317834013,30.07889241217274,30.873554165576017,37.589257904828436,59.643126635728656,39.68588362504537,58.644975975872846,16.71991062033905,11.753046316721257,14.780618133627485,41.85502108192629,17.794945725799103,12.508728429710663,10.9263530542277,738,UP,-0.2588190451025187,0.96592582628906
89.01183198376845,70.75799217790912,105.00000000000001,85.0,85.0,11.375788613548462,13.85028266496982,21.976336032463145,29.494335954872266,30.273554165576027,36.85874419001798,58.484015644181824,39.83108873042433,60.88420646041414,112.19695873605677,12.4222593597115,14.99536722193835,42.45502108192628,18.050039790011393,12.688043524144257,11.08298448489175,739,UP,-0.2588190451025187,0.96592582628906
88.85654055670693,71.33754767368255,105.00000000000001,85.0,85.0,11.536558129007139,14.046023224913151,22.286918886586164,28.909779497571794,29.673554165576032,36.12823047520754,57.32490465263495,39.97629383580328,91.9910599120012,112.00121817611345,13.091472402701745,15.210116310249212,43.05502108192627,18.305133854223655,12.867358618577898,11.239615915555827,740,UP,-0.2588190451025187,0.96592582628906
88.70124912964542,71.91710316945598,105.00000000000001,85.0,85.0,11.697327644465814,14.24176378485648,22.597501740709205,28.325223040271318,29.073554165576038,35.39771676039706,56.16579366108808,40.12149894118225,91.83029039654254,111.80547761617011,13.760685445691983,15.424865398560064,43.655021081926265,18.56022791843594,13.04667371301149,11.396247346219877,741,UP,-0.2588190451025187,0.96592582628906
88.5459577025839,72.49665866522942,105.00000000000001,85.0,85.0,11.858097159924487,14.437504344799796,22.908084594832236,27.740666582970846,28.473554165576047,34.667203045586625,55.006682669541206,40.2667040465612,91.66952088108386,60.939256716094654,14.429898488682221,15.639614486870936,44.25502108192626,18.815321982648232,13.225988807445118,11.552878776883952,742,UP,-0.2588190451025187,0.96592582628906
88.39066627552239,73.07621416100285,105.00000000000001,85.0,85.0,12.01886667538316,14.633244904743119,23.21866744895524,27.15611012567037,27.873554165576053,33.936689330776176,53.847571677994374,40.411909151940186,91.50875136562519,60.02904385043166,15.099111531672458,15.854363575181802,44.85502108192634,19.070416046860547,13.40530390187871,11.709510207548,743,UP,-0.2588190451025187,0.96592582628906
88.23537484846088,73.65576965677629,105.00000000000001,85.0,85.0,12.179636190841837,14.82898546468645,23.529250303078282,26.5715536683699,27.27355416557606,33.20617561596572,52.6884606864475,40.55711425731915,91.3479818501665,59.11883098476865,15.768324574662696,16.069112663492668,45.455021081926326,19.325510111072806,13.584618996312352,11.866141638212078,744,UP,-0.2588190451025187,0.96592582628906
88.08008342139937,74.23532515254972,105.00000000000001,85.0,85.0,12.34040570630051,15.024726024629775,23.839833157201316,25.986997211069426,26.673554165576064,32.47566190115524,51.52934969490058,40.70231936269812,91.18721233470784,58.20861811910568,16.43753761765294,16.283861751803528,46.05502108192632,19.580604175285096,13.76393409074593,12.022773068876127,745,UP,-0.2588190451025187,0.96592582628906
87.92479199433785,74.81488064832315,105.00000000000001,85.0,85.0,12.501175221759185,15.220466584573096,24.15041601132433,25.40244075376895,26.07355416557608,31.745148186344796,50.37023870335371,40.84752446807706,91.02644281924917,57.298405253442645,17.106750660643165,16.49861084011438,46.655021081926314,19.835698239497386,13.943249185179559,12.179404499540203,746,UP,-0.2588190451025187,0.96592582628906
87.76950056727634,75.39443614409659,105.00000000000001,85.0,85.0,12.661944737217858,15.416207144516429,24.460998865447362,24.817884296468478,25.473554165576086,31.014634471534357,49.21112771180688,40.99272957345604,90.86567330379049,56.38819238777969,17.77596370363341,16.713359928425277,47.25502108192631,20.090792303709673,14.122564279613156,12.336035930204252,747,UP,-0.2588190451025187,0.96592582628906
87.61420914021483,75.97399163987002,105.00000000000001,85.0,85.0,12.822714252676535,15.611947704459752,24.771581719570392,24.233327839168002,24.873554165576092,30.284120756723887,48.05201672026,41.137934678834995,90.7049037883318,55.47797952211668,18.445176746623652,16.928109016736133,47.8550210819263,20.345886367921935,14.301879374046791,12.492667360868328,748,UP,-0.2588190451025187,0.96592582628906
87.45891771315331,76.55354713564346,105.00000000000001,85.0,85.0,12.983483768135212,15.807688264403065,25.082164573693422,23.64877138186753,24.2735541655761,29.55360704191343,46.89290572871313,41.28313978421397,43.85108094298303,54.56776665645369,19.11438978961387,17.142858105047004,48.4550210819263,20.60098043213422,14.481194468480377,12.649298791532377,749,UP,-0.2588190451025187,0.96592582628906
87.3036262860918,77.13310263141689,105.00000000000001,85.0,85.0,13.144253283593885,16.003428824346397,25.39274742781644,23.064214924567057,23.673554165576107,28.823093327102974,45.733794737166264,41.42834488959294,43.31903013541416,53.657553790790665,19.783602832604128,17.357607193357868,49.05502108192634,20.856074496346544,14.660509562914012,12.805930222196453,750,UP,-0.2588190451025187,0.96592582628906
87.14833485903029,77.71265812719032,105.00000000000001,85.0,85.0,13.305022799052558,16.19916938428972,25.70333028193947,22.47965846726658,23.073554165576112,28.09257961229252,44.57468374561938,41.5735499949719,42.78697932784529,53.29584489707699,20.452815875594368,17.86549995593961,49.655021081926336,21.1111685605588,14.839824657347597,12.962561652860503,751,UP,-0.2588190451025187,0.96592582628906
86.99304343196877,78.29221362296376,105.00000000000001,85.0,85.0,13.46579231451123,16.39490994423305,25.065992616585607,21.895102009966106,22.47355416557612,27.362065897482076,43.41557275407255,41.71875510035087,42.25492852027644,53.41835755871636,21.122028918584597,18.450056413240084,50.25502108192632,21.366262624771093,15.019139751781239,13.11919308352458,752,UP,-0.2588190451025187,0.96592582628906
86.83775200490726,78.87176911873719,105.00000000000001,85.0,85.0,13.626561829969907,16.590650504176374,24.396779573595374,21.310545552665634,21.87355416557613,26.6315521826716,42.256461762525674,41.863960205729825,41.72287771270754,53.540870220355764,21.791241961574844,19.034612870540563,50.85502108192632,21.621356688983383,15.198454846214831,13.275824514188628,753,UP,-0.2588190451025187,0.96592582628906
86.68246057784575,79.45132461451063,105.00000000000001,85.0,85.0,13.787331345428584,16.78639106411969,23.72756653060513,20.72598909536516,21.27355416557614,25.901038467861145,41.097350770978764,42.00916531110879,41.19082690513867,53.66338288199514,22.46045500456508,19.619169327841043,51.45502108192631,21.876450753195673,15.377769940648445,13.432455944852704,754,UP,-0.2588190451025187,0.96592582628906
86.52716915078423,80.03088011028406,105.00000000000001,85.0,85.0,13.948100860887257,16.982131624063022,23.058353487614895,20.141432638064686,20.673554165576146,25.17052475305069,39.93823977943193,87.2738086824985,40.658776097569785,53.78589554363454,92.4117003503104,20.20372578514151,52.055021081926306,22.13154481740796,15.557085035082052,13.589087375516756,755,UP,-0.2588190451025187,0.96592582628906
86.37187772372272,80.6104356060575,105.00000000000001,85.0,85.0,14.108870376345928,17.177872184006354,22.389140444624662,19.556876180764213,20.073554165576155,24.440011038240254,38.77912878788505,87.11717725183443,40.12672529000092,53.90840820527392,93.08091339330063,20.788282242441987,52.65502108192629,22.386638881620247,15.73640012951568,13.745718806180829,756,UP,-0.2588190451025187,0.96592582628906
86.2165862966612,81.18999110183093,105.00000000000001,85.0,85.0,14.269639891804605,17.373612743949664,21.71992740163442,18.97231972346374,19.47355416557616,23.709497323429762,37.62001779633818,86.96054582117037,39.59467448243205,54.030920866913306,93.75012643629088,21.372838699742463,53.255021081926294,22.64173294583251,15.915715223949286,13.902350236844882,757,UP,-0.2588190451025187,0.96592582628906
86.06129486959969,81.76954659760436,105.00000000000001,85.0,85.0,14.430409407263282,17.569353303892996,21.05071435864418,18.387763266163265,18.873554165576166,22.978983608619327,36.46090680479131,86.8039143905063,39.062623674863175,54.153433528552696,94.41933947928112,21.957395157042924,53.855021081926374,22.896827010044795,16.095030318382896,14.058981667508956,758,UP,-0.2588190451025187,0.96592582628906
85.90600344253818,82.3491020933778,105.00000000000001,85.0,85.0,14.591178922721959,17.76509386383632,20.381501315653942,17.803206808862793,18.27355416557618,22.248469893808878,35.30179581324443,86.64728295984224,38.5305728672943,54.27594619019208,95.08855252227136,22.5419516143434,54.45502108192637,23.151921074257114,16.27434541281649,14.215613098173005,759,UP,-0.2588190451025187,0.96592582628906
85.75071201547667,82.92865758915123,105.00000000000001,85.0,85.0,14.751948438180628,17.960834423779644,19.712288272663713,17.218650351562317,17.673554165576185,21.517956178998425,34.14268482169761,86.49065152917818,37.99852205972543,54.398458851831464,95.7577655652616,23.126508071643883,55.05502108192636,23.407015138469372,16.453660507250135,14.372244528837081,760,UP,-0.2588190451025187,0.96592582628906
85.59542058841515,83.50821308492466,105.00000000000001,85.0,85.0,14.912717953639305,18.15657498372297,19.043075229673466,16.634093894261845,17.07355416557619,20.78744246418795,32.98357383015073,86.33402009851412,37.46647125215655,54.520971513470855,96.42697860825183,23.71106452894436,55.6550210819264,23.662109202681663,16.632975601683725,14.52887595950113,761,UP,-0.2588190451025187,0.96592582628906
85.44012916135364,84.0877685806981,105.00000000000001,85.0,85.0,15.073487469097975,18.3523155436663,18.373862186683223,16.049537436961373,16.473554165576196,20.056928749377494,31.82446283860381,86.17738866785007,36.93442044458769,54.643484175110224,97.09619165124207,24.29562098624483,56.25502108192639,23.91720326689395,16.812290696117337,14.685507390165206,762,UP,-0.2588190451025187,0.96592582628906
85.28483773429213,84.66732407647153,105.00000000000001,85.0,85.0,15.234256984556657,18.54805610360962,17.70464914369299,15.464980979660895,15.873554165576204,19.326415034567056,30.665351847056986,86.02075723718599,36.6266822439382,54.76599683674961,97.7654046942323,24.880177443545303,56.85502108192638,24.17229733110624,16.991605790550945,14.842138820829256,763,STOP,0.0,0.0
85.28483773429213,84.66732407647153,105.00000000000001,85.0,85.0,15.234256984556657,18.54805610360962,17.70464914369299,15.464980979660895,15.873554165576204,19.326415034567056,30.665351847056986,86.02075723718599,36.6266822439382,54.76599683674961,97.7654046942323,24.880177443545303,56.85502108192638,24.17229733110624,16.991605790550945,14.842138820829256,764,STOP,0.0,0.0
85.28483773429213,84.66732407647153,105.00000000000001,85.0,85.0,15.234256984556657,18.54805610360962,17.70464914369299,15.464980979660895,15.873554165576204,19.326415034567056,30.665351847056986,86.02075723718599,36.6266822439382,54.76599683674961,97.7654046942323,24.880177443545303,56.85502108192638,24.17229733110624,16.991605790550945,14.842138820829256,765,STOP,0.0,0.0
85.28483773429213,84.66732407647153,105.00000000000001,85.0,85.0,15.234256984556657,18.54805610360962,17.70464914369299,15.464980979660895,15.873554165576204,19.326415034567056,30.665351847056986,86.02075723718599,36.6266822439382,54.76599683674961,97.7654046942323,24.880177443545303,56.85502108192638,24.17229733110624,16.991605790550945,14.842138820829256,766,STOP,0.0,0.0
85.28483773429213,84.66732407647153,105.00000000000001,85.0,85.0,15.234256984556657,18.54805610360962,17.70464914369299,15.464980979660895,15.873554165576204,19.326415034567056,30.665351847056986,86.02075723718599,36.6266822439382,54.76599683674961,97.7654046942323,24.880177443545303,56.85502108192638,24.17229733110624,16.991605790550945,14.842138820829256,767,STOP,0.0,0.0
85.28483773429213,84.66732407647153,105.00000000000001,85.0,85.0,15.234256984556657,18.54805610360962,17.70464914369299,15.464980979660895,15.873554165576204,19.326415034567056,30.665351847056986,86.02075723718599,36.6266822439382,54.76599683674961,97.7654046942323,24.880177443545303,56.85502108192638,24.17229733110624,16.991605790550945,14.842138820829256,768,STOP,0.0,0.0
85.28483773429213,84.66732407647153,105.00000000000001,85.0,85.0,15.234256984556657,18.54805610360962,17.70464914369299,15.464980979660895,15.873554165576204,19.326415034567056,30.665351847056986,86.02075723718599,36.6266822439382,54.76599683674961,97.7654046942323,24.880177443545303,56.85502108192638,24.17229733110624,16.991605790550945,14.842138820829256,769,STOP,0.0,0.0
85.28483773429213,84.66732407647153,105.00000000000001,85.0,85.0,15.234256984556657,18.54805610360962,17.70464914369299,15.464980979660895,15.873554165576204,19.326415034567056,30.665351847056986,86.02075723718599,36.6266822439382,54.76599683674961,97.7654046942323,24.880177443545303,56.85502108192638,24.17229733110624,16.991605790550945,14.842138820829256,770,STOP,0.0,0.0
85.28483773429213,84.66732407647153,105.00000000000001,85.0,85.0,15.234256984556657,18.54805610360962,17.70464914369299,15.464980979660895,15.873554165576204,19.326415034567056,30.665351847056986,86.02075723718599,36.6266822439382,54.76599683674961,97.7654046942323,24.880177443545303,56.85502108192638,24.17229733110624,16.991605790550945,14.842138820829256,771,STOP,0.0,0.0
85.28483773429213,84.66732407647153,105.00000000000001,85.0,85.0,15.234256984556657,18.54805610360962,17.70464914369299,15.464980979660895,15.873554165576204,19.326415034567056,30.665351847056986,86.02075723718599,36.6266822439382,54.76599683674961,97.7654046942323,24.880177443545303,56.85502108192638,24.17229733110624,16.991605790550945,14.842138820829256,772,STOP,0.0,0.0
85.28483773429213,84.66732407647153,105.00000000000001,85.0,85.0,15.234256984556657,18.54805610360962,17.70464914369299,15.464980979660895,15.873554165576204,19.326415034567056,30.665351847056986,86.02075723718599,36.6266822439382,54.76599683674961,97.7654046942323,24.880177443545303,56.85502108192638,24.17229733110624,16.991605790550945,14.842138820829256,773,STOP,0.0,0.0
8.6860377169376,14.853776562171268,105.00000000000001,85.0,85.0,94.53517009051926,33.09379089709063,33.640564526422295,85.88094684342268,33.560272635643884,14.268377237831215,10.029772428130352,8.7609891939948,8.992447950489098,10.94851092925257,17.151663793304337,14.981949214592692,15.377761063949496,18.72277560048915,29.707553124342557,92.1019068640205,774,RIGHT,0.96592582628906,0.25881904510251874
8.6860377169376,14.853776562171268,102.00000000000001,85.0,85.0,93.3539705199489,35.56850564924528,32.56007279834603,86.59628625580041,41.777533926897696,15.335349702532222,10.356912533864971,8.833963248103746,8.880088966554087,10.5396938440473,15.948246744190822,15.106740325326243,15.185618766562415,18.023667694637442,27.272699177284366,81.50867687327882,775,RIGHT,0.9781476007337971,0.20791169081775773
8.6860377169376,14.853776562171268,99.00000000000001,85.0,85.0,92.45220230912173,73.96267324330401,31.63082909514096,87.5656698666758,55.52508978570536,16.624041295998026,10.736533073261969,8.932853160847706,8.794310269678586,10.187225608258355,14.777570010578621,15.275849499845156,15.038930755445634,17.420920551430527,25.27075407938317,63.62849240964177,776,RIGHT,0.9876883405951291,0.1564344650402297
8.6860377169376,14.853776562171268,96.00000000000001,85.0,85.0,91.81694511536993,70.5989991116588,30.835326049074922,88.80316115889464,83.09734444958126,18.20366393820749,11.176842121978327,9.059093592949111,8.733882840981762,9.883783089552427,13.802250555472266,15.491730115685657,14.935595316049724,16.902011064826382,23.60288459331834,52.299204388608295,777,RIGHT,0.9945218953682646,0.10452846326765275
8.6860377169376,14.853776562171268,93.00000000000001,85.0,85.0,91.43927663375588,70.57093612122208,30.15949163786812,90.32726040859426,85.26307351680173,20.176106449598635,11.688216642506696,9.2145718165595,8.697957966036252,9.623509121572091,12.981079679202834,15.757609549905556,14.874161082990387,16.456923040652725,22.198620749093532,44.49811665424493,778,RIGHT,0.9986295347545652,0.052335956242943564
8.6860377169376,14.853776562171268,90.00000000000001,85.0,85.0,91.31396228306241,70.73670277926537,29.592017157869073,60.84023513194018,85.14622343782875,22.697710384940116,12.283912342577405,9.401699476258816,8.686037716937623,9.401699476258834,12.283912342577457,16.077611895780212,14.85377656217128,16.0776118957802,21.006412266682233,38.81478868936388,779,RIGHT,0.9999999999999913,1.797167986719401e-16
8.6860377169376,14.853776562171268,87.00000000000001,85.0,85.0,91.43927663375588,75.33165584299218,30.108058496167878,58.274955900311,85.26307351680174,26.02114808807639,12.981079679202782,9.623509121572067,8.697957966036252,9.214571816559513,11.688216642506747,16.45692304065274,14.874161082990387,15.757609549905546,19.987727900317758,34.502656661567414,780,RIGHT,0.9986295347545652,-0.0523359562429432
8.6860377169376,14.853776562171268,84.0,85.0,85.0,91.81694511536993,95.23579768163121,32.012665923982986,34.24415581250392,85.61523264030193,30.582987429755082,13.802250555472215,9.883783089552393,8.733882840981764,9.059093592949122,11.176842121978376,16.9020110648264,14.935595316049728,15.491730115685648,19.113239081013628,31.12963189461279,781,RIGHT,0.9945218953682646,-0.1045284632676524
8.6860377169376,14.853776562171268,81.00000000000001,85.0,85.0,92.45220230912173,93.90866620567324,34.274802505259736,33.08016142469064,86.20758182335469,37.208011217130434,14.777570010578573,10.187225608258316,8.794310269678586,8.93285316084771,10.736533073262018,16.624041295997955,15.038930755445636,15.275849499845151,18.360277553436838,28.428358593188666,782,RIGHT,0.9876883405951291,-0.15643446504022934
8.6860377169376,14.853776562171268,78.00000000000001,85.0,85.0,71.44271928023059,92.8690633330229,36.99004687989894,32.07772895889732,87.04844071994053,47.66380042244784,15.948246744190772,10.539693844047253,8.880088966554087,8.833963248103748,10.35691253386502,15.33534970253217,15.185618766562417,15.106740325326241,17.711097932719976,26.224599225489474,783,RIGHT,0.978147600733797,-0.20791169081775737
8.6860377169376,14.853776562171268,75.0,85.0,85.0,57.39058559731394,92.10190686402055,71.00494605487727,31.217311168510623,88.14985697705883,66.54631970182662,17.372075433875217,10.948510929252512,8.992447950489098,8.760989193994796,10.0297724281304,14.268377237831169,15.377761063949498,14.981949214592692,17.151663793304294,24.399996212569814,784,RIGHT,0.9659258262890597,-0.25881904510251835
8.6860377169376,14.853776562171268,72.0,85.0,85.0,48.067830677779384,91.59632317869492,70.56077712259011,30.483215238006135,89.52803748142789,85.40951246076156,19.13264203088118,11.422895282105628,9.133040537668712,8.712896669587703,9.748568030800797,13.37449198480241,15.618184942398857,14.899707387521092,16.670783163683154,22.87138532537341,785,RIGHT,0.951056516295145,-0.30901699437494456
8.6860377169376,14.853776562171268,69.00000000000001,85.0,85.0,41.4483956531767,91.34526402364448,70.62951095460355,29.86282292546063,62.275423450924116,85.17541092384903,21.35543444340927,11.974558330225902,9.304005815040142,8.689015225442384,9.508052001431802,12.618551577409711,15.910548401172807,14.858868325237863,16.25948269777552,21.578670479819316,786,RIGHT,0.9335804264971932,-0.35836794954529694
8.6860377169376,14.853776562171268,66.0,85.0,85.0,36.51939606386311,91.34526402364446,70.8928807499174,29.346010304407162,59.5095729987054,85.17541092384904,24.237763806608562,12.618551577409626,9.508052001431757,8.689015225442384,9.304005815040188,11.97455833022598,16.25948269777551,14.858868325237863,15.910548401172816,20.4773936821649,787,RIGHT,0.9135454576425924,-0.40673664307579643
8.6860377169376,14.853776562171268,63.0,85.0,85.0,32.71825417204292,91.59632317869487,96.01318188615811,31.02053118740961,57.12888313668544,85.40951246076156,28.108608507137156,13.374491984802312,9.748568030800755,8.712896669587701,9.133040537668757,11.422895282105696,16.670783163683144,14.899707387521095,15.618184942398868,19.534008456193977,788,RIGHT,0.8910065241883596,-0.4539904997395426
8.6860377169376,14.853776562171268,59.99999999999999,85.0,85.0,29.707553124342564,92.10190686402049,94.53517009051926,33.093790897090756,33.64056452642225,85.88094684342269,33.56027263564387,14.268377237831055,10.029772428130354,8.760989193994796,8.992447950489144,10.948510929252572,17.151663793304287,14.981949214592692,15.377761063949507,18.722775600489207,789,RIGHT,0.8660254037844306,-0.49999999999999534
8.6860377169376,14.853776562171268,57.0,85.0,85.0,27.272699177284363,81.50867687327805,93.35397051994893,35.56850564924544,32.560072798346,86.59628625580042,41.777533926897675,15.335349702532033,10.356912533864978,8.833963248103746,8.880088966554133,10.539693844047305,15.948246744190763,15.106740325326243,15.185618766562426,18.02366769463749,790,RIGHT,0.8386705679454163,-0.5446390350150221
8.6860377169376,14.853776562171268,54.0,85.0,85.0,25.27075407938317,63.62849240964131,92.45220230912179,73.96267324330375,31.630829095140914,87.56566986667582,55.52508978570531,16.6240412959978,10.736533073261977,8.93285316084771,8.794310269678633,10.187225608258366,14.777570010578563,15.275849499845155,15.038930755445646,17.42092055143057,791,RIGHT,0.8090169943749399,-0.5877852522924677
8.6860377169376,14.853776562171268,51.0,85.0,85.0,23.60288459331834,52.29920438860799,91.81694511536996,70.59899911165881,30.835326049074872,88.80316115889467,83.09734444958117,18.203663938207207,11.176842121978328,9.059093592949118,8.733882840981806,9.88378308955244,13.802250555472208,15.491730115685654,14.935595316049739,16.90201106482641,792,RIGHT,0.7771459614569637,-0.6293203910498316
8.6860377169376,14.853776562171268,48.00000000000001,85.0,85.0,22.19862074909352,44.49811665424472,91.43927663375592,70.57093612122209,30.159491637868072,90.32726040859427,85.26307351680175,20.17610644959829,11.688216642506703,9.214571816559507,8.697957966036297,9.623509121572104,12.981079679202777,15.75760954990555,14.8741610829904,16.456923040652747,793,RIGHT,0.7431448254773874,-0.669130606358852
8.6860377169376,14.853776562171268,45.0,85.0,85.0,21.006412266682236,38.81478868936371,91.31396228306247,70.73670277926543,29.592017157869023,60.84023513194016,85.14622343782877,22.69771038493966,12.283912342577414,9.40169947625883,8.686037716937667,9.401699476258852,12.283912342577398,16.07761189578021,14.85377656217129,16.077611895780223,794,RIGHT,0.7071067811865409,-0.7071067811865409
8.6860377169376,14.853776562171268,42.0,85.0,85.0,19.987727900317758,34.50265666156727,91.43927663375594,75.33165584299273,30.10805849616781,58.274955900310964,85.26307351680175,26.02114808807578,12.981079679202793,9.623509121572084,8.697957966036297,9.214571816559532,11.688216642506688,16.456923040652732,14.8741610829904,15.757609549905562,795,RIGHT,0.6691306063588519,-0.7431448254773872
8.6860377169376,14.853776562171268,39.0,85.0,85.0,19.113239081013628,31.129631894612682,91.81694511536998,95.23579768163114,32.01266592398294,34.244155812503905,85.61523264030195,30.582987429754244,13.802250555472222,9.88378308955242,8.733882840981806,9.059093592949141,11.176842121978316,16.90201106482639,14.93559531604974,15.491730115685659,796,RIGHT,0.6293203910498315,-0.7771459614569636
8.6860377169376,14.853776562171268,36.0,85.0,85.0,18.36027755343684,28.42835859318858,92.4522023091218,93.90866620567321,34.27480250525967,33.08016142469062,86.20758182335469,37.20801121712917,14.777570010578582,10.187225608258348,8.794310269678633,8.932853160847735,10.736533073261961,16.62404129599801,15.038930755445646,15.275849499845156,797,RIGHT,0.5877852522924676,-0.8090169943749398
8.6860377169376,14.853776562171268,33.0,85.0,85.0,17.711097932719976,26.224599225489403,71.44271928023042,92.86906333302286,36.9900468798989,32.07772895889731,87.04844071994054,47.66380042244578,15.948246744190783,10.539693844047292,8.880088966554133,8.833963248103771,10.356912533864962,15.33534970253221,15.185618766562426,15.106740325326244,798,RIGHT,0.5446390350150219,-0.8386705679454161
8.6860377169376,14.853776562171268,30.000000000000004,85.0,85.0,17.151663793304294,24.39999621256975,57.39058559731386,92.10190686402055,71.00494605487721,31.217311168510623,88.14985697705886,66.5463197018226,17.372075433875224,10.948510929252558,8.992447950489144,8.76098919399482,10.029772428130343,14.26837723783121,15.377761063949508,14.98194921459269,799,UP,0.8660254037844304,0.4999999999999952
9.205652959208258,15.153776562171265,30.000000000000004,85.0,85.0,17.498073954818068,24.89280010208112,58.549696588860726,91.57780788230748,70.40494605487721,30.55131766494849,87.83927412293583,70.52724669764439,18.411305918416545,11.603471608033987,9.53039323378997,9.28508817570788,10.62977242813034,15.121938612632457,15.688343918072531,15.284537902766733,800,UP,0.8660254037844304,0.4999999999999952
9.725268201478917,15.453776562171262,30.000000000000004,85.0,85.0,17.844484116331838,25.385603991592493,59.70880758040759,91.05370890059443,69.80494605487722,29.885324161386343,87.5286912688128,74.50817369346616,19.450536402957862,12.258432286815408,10.068338517090798,9.809187157420938,11.229772428130332,15.97549998743371,15.998926772195553,15.587126590940777,801,UP,0.8660254037844304,0.4999999999999952
10.244883443749575,15.753776562171259,30.000000000000004,85.0,85.0,18.19089427784561,25.878407881103865,60.86791857195447,90.52960991888136,69.20494605487721,29.219330657824198,87.2181084146898,78.48910068928797,20.48976688749918,12.913392965596836,10.606283800391623,10.333286139133996,11.829772428130328,16.82906136223496,16.309509626318572,15.88971527911482,802,UP,0.8660254037844304,0.4999999999999952
10.764498686020234,16.053776562171258,30.000000000000004,85.0,85.0,18.537304439359385,26.37121177061524,62.02702956350134,90.00551093716831,68.60494605487725,28.553337154262064,86.90752556056677,82.47002768510978,21.528997372040497,13.568353644378261,11.144229083692451,10.857385120847054,12.42977242813032,17.682622737036215,16.6200924804416,16.192303967288865,803,UP,0.8660254037844304,0.4999999999999952
11.284113928290893,16.353776562171255,30.000000000000004,85.0,85.0,18.883714600873155,26.86401566012661,63.1861405550482,89.48141195545526,68.00494605487725,27.88734365069992,86.59694270644376,84.36800340255253,22.56822785658181,14.223314323159686,11.68217436699328,11.381484102560114,13.029772428130316,18.536184111837464,16.930675334564622,16.494892655462905,804,UP,0.8660254037844304,0.4999999999999952
11.803729170561551,16.653776562171252,30.000000000000004,85.0,85.0,19.23012476238693,27.356819549637983,64.34525154659508,88.9573129737422,67.40494605487727,27.221350147137766,86.28635985232073,84.06541471437849,23.607458341123127,14.87827500194111,12.220119650294105,11.905583084273172,13.62977242813031,19.389745486638716,17.24125818868764,16.797481343636953,805,UP,0.8660254037844304,0.4999999999999952
12.32334441283221,16.95377656217125,30.000000000000004,85.0,85.0,19.576534923900702,27.849623439149354,65.50436253814193,88.43321399202915,66.80494605487725,26.55535664357563,85.9757769981977,83.76282602620445,24.646688825664445,15.533235680722534,12.758064933594932,12.429682065986231,14.229772428130307,20.24330686143997,17.551841042810665,17.100070031810993,806,UP,0.8660254037844304,0.4999999999999952
12.842959655102868,17.253776562171247,30.000000000000004,85.0,85.0,19.922945085414472,28.342427328660726,66.66347352968882,87.90911501031607,66.20494605487727,25.889363140013494,85.66519414407469,83.46023733803041,25.68591931020576,16.188196359503962,13.29601021689576,12.95378104769929,14.8297724281303,21.096868236241225,17.862423896933684,17.402658719985038,807,UP,0.8660254037844304,0.4999999999999952
13.362574897373527,17.553776562171244,30.000000000000004,85.0,85.0,20.269355246928246,28.835231218172105,67.82258452123568,87.38501602860302,65.60494605487727,25.223369636451352,85.35461128995166,83.15764864985636,26.72514979474708,16.843157038285387,13.83395550019659,13.477880029412347,15.429772428130294,21.950429611042473,18.17300675105671,17.70524740815908,808,UP,0.8660254037844304,0.4999999999999952
13.882190139644186,17.85377656217124,30.000000000000004,85.0,85.0,20.615765408442016,29.328035107683473,68.98169551278255,86.86091704688995,65.00494605487728,24.557376132889218,85.04402843582864,82.85505996168231,27.764380279288396,17.498117717066812,14.371900783497416,14.001979011125405,16.02977242813029,22.504192842519924,18.48358960517973,18.007836096333122,809,UP,0.8660254037844304,0.4999999999999952
14.401805381914844,18.153776562171238,30.000000000000004,85.0,85.0,20.96217556995579,29.820838997194848,70.14080650432942,86.3368180651769,64.40494605487729,23.891382629327076,84.73344558170562,82.55247127350827,28.80361076382971,18.153078395848237,14.909846066798243,14.526077992838465,16.629772428130288,22.882334566723003,18.794172459302754,18.310424784507166,810,UP,0.8660254037844304,0.4999999999999952
14.921420624185503,18.453776562171235,30.000000000000004,85.0,85.0,21.308585731469563,30.31364288670622,71.2999174958763,85.81271908346386,63.804946054877284,23.225389125764934,58.44263346223144,82.24988258533423,29.842841248371034,18.808039074629665,15.44779135009907,15.050176974551523,17.229772428130282,23.26047629092608,19.104755313425773,18.613013472681207,811,UP,0.8660254037844304,0.4999999999999952
15.441035866456161,18.753776562171232,30.000000000000004,85.0,85.0,21.654995892983333,30.806446776217598,72.45902848742315,85.28862010175078,63.2049460548773,22.55939562220279,57.53992177610059,81.9472938971602,30.88207173291235,19.46299975341109,15.985736633399897,15.574275956264582,17.829772428130273,23.638618015129154,19.415338167548796,18.915602160855254,812,UP,0.8660254037844304,0.4999999999999952
15.96065110872682,19.05377656217123,30.000000000000004,85.0,85.0,22.001406054497103,31.299250665728955,73.61813947897002,84.76452112003774,62.60494605487729,21.893402118640644,56.63721008996972,81.64470520898614,31.92130221745367,20.117960432192515,16.523681916700724,16.09837493797764,18.429772428130267,24.01675973933223,19.72592102167182,19.218190849029295,813,UP,0.8660254037844304,0.4999999999999952
16.48026635099748,19.353776562171227,30.000000000000004,85.0,85.0,22.347816216010873,31.79205455524033,74.77725047051689,84.24042213832467,62.0049460548773,21.227408615078513,55.73449840383884,81.3421165208121,32.96053270199498,20.772921110973936,17.061627200001553,16.622473919690698,19.029772428130265,24.394901463535305,20.03650387579484,19.52077953720334,814,UP,0.8660254037844304,0.4999999999999952
16.999881593268135,19.653776562171224,30.000000000000004,85.0,85.0,22.694226377524647,32.284858444751706,75.93636146206376,83.71632315661161,61.404946054877335,20.561415111516375,54.83178671770798,81.03952783263806,33.9997631865363,21.427881789755364,17.599572483302378,17.146572901403754,19.629772428130256,24.77304318773838,20.347086729917862,19.823368225377383,815,UP,0.8660254037844304,0.4999999999999952
17.519496835538792,19.95377656217122,30.000000000000004,85.0,85.0,23.04063653903842,32.777662334263084,77.09547245361064,83.19222417489856,60.80494605487731,19.895421607954226,53.9290750315771,80.73693914446402,35.03899367107761,22.082842468536786,18.137517766603203,17.67067188311681,20.22977242813025,25.151184911941456,20.657669584040885,20.125956913551427,816,UP,0.8660254037844304,0.4999999999999952
18.03911207780945,20.25377656217122,30.000000000000004,85.0,85.0,23.387046700552194,33.27046622377445,78.25458344515751,82.66812519318549,60.20494605487735,19.229428104392092,53.02636334544624,80.43435045628998,36.078224155618926,22.737803147318207,18.675463049904028,18.19477086482987,20.82977242813024,25.529326636144532,20.96825243816391,20.428545601725467,817,UP,0.8660254037844304,0.4999999999999952
18.558727320080106,20.553776562171215,30.000000000000004,85.0,85.0,23.733456862065964,33.76327011328581,79.41369443670436,82.14402621147245,59.60494605487736,18.563434600829947,25.1615507647842,80.13176176811594,37.117454640160226,23.392763826099632,19.213408333204853,18.718869846542926,21.42977242813023,25.90746836034761,21.278835292286928,20.73113428989951,818,UP,0.8660254037844304,0.4999999999999952
19.078342562350763,20.853776562171213,30.000000000000004,85.0,85.0,24.079867023579737,34.25607400279719,80.57280542825126,81.61992722975938,59.004946054877344,17.89744109726782,24.258839078653327,79.82917307994188,38.15668512470156,24.047724504881057,19.75135361650568,19.242968828255982,22.029772428130226,26.285610084550683,21.58941814640995,21.033722978073556,819,UP,0.8660254037844304,0.4999999999999952
19.59795780462142,21.15377656217121,30.000000000000004,85.0,85.0,24.42627718509351,34.74887789230856,81.7319164197981,81.09582824804632,58.404946054877335,17.45278268160562,23.356127392522467,79.52658439176784,39.195915609242874,24.702685183662478,20.289298899806504,19.76706780996904,22.629772428130217,26.663751808753762,21.90000100053297,21.336311666247596,820,UP,0.8660254037844304,0.4999999999999952
20.117573046892076,21.453776562171207,30.000000000000004,85.0,85.0,24.77268734660728,35.24168178181993,82.70037385790111,80.57172926633328,57.80494605487739,17.074640957402536,22.453415706391603,79.2239957035938,40.23514609378419,25.357645862443903,20.827244183107332,20.291166791682098,23.22977242813021,27.041893532956838,22.210583854655994,21.63890035442164,821,UP,0.8660254037844304,0.4999999999999952
20.637188289162733,21.753776562171204,30.000000000000004,85.0,85.0,25.11909750812105,35.7344856713313,82.16242857460028,80.04763028462021,57.20494605487735,16.69649923319946,21.550704020260735,78.92140701541976,41.27437657832549,26.01260654122532,21.36518946640816,20.81526577339515,23.829772428130205,27.420035257159913,22.521166708779017,21.941489042595684,822,UP,0.8660254037844304,0.4999999999999952
21.15680353143339,22.0537765621712,30.000000000000004,85.0,85.0,25.465507669634828,36.22728956084267,81.62448329129947,79.52353130290716,56.604946054877395,16.31835750899639,20.647992334129864,78.61881832724572,42.31360706286682,26.667567220006745,21.903134749708983,21.33936475510821,24.429772428130196,27.798176981362985,22.831749562902036,22.244077730769725,823,UP,0.8660254037844304,0.4999999999999952
21.676418773704047,22.3537765621712,30.000000000000004,85.0,85.0,25.811917831148595,36.72009345035406,81.08653800799864,78.99943232119409,56.00494605487736,15.940215784793315,19.745280647999003,78.31622963907166,43.35283754740812,27.322527898788177,22.441080033009808,21.863463736821267,25.02977242813019,28.176318705566064,23.14233241702506,22.54666641894377,824,UP,0.8660254037844304,0.4999999999999952
22.196034015974703,22.653776562171196,30.000000000000004,85.0,85.0,26.15832799266237,37.212897339865414,80.54859272469781,78.47533333948104,55.40494605487739,15.562074060590243,18.84256896186813,78.01364095089762,44.392068031949435,27.97748857756959,22.979025316310633,22.387562718534323,25.62977242813018,28.55446042976914,23.452915271148083,22.849255107117813,825,UP,0.8660254037844304,0.4999999999999952
22.71564925824536,22.953776562171193,30.000000000000004,85.0,85.0,26.50473815417614,37.705701229376785,80.01064744139698,77.95123435776799,54.80494605487739,15.18393233638716,17.939857275737253,77.71105226272358,45.43129851649074,28.63244925635101,23.516970599611458,22.91166170024738,26.229772428130172,28.93260215397222,23.763498125271106,23.151843795291857,826,UP,0.8660254037844304,0.4999999999999952
23.235264500516017,23.25377656217119,30.000000000000004,85.0,85.0,26.851148315689912,38.19850511888816,79.47270215809617,77.42713537605493,54.204946054877425,14.805790612184076,17.037145589606396,77.40846357454954,46.470529001032055,29.287409935132438,24.054915882912287,23.435760681960435,26.829772428130166,29.31074387817529,24.074080979394125,23.454432483465897,827,UP,0.8660254037844304,0.4999999999999952
23.754879742786674,23.553776562171187,30.000000000000004,85.0,85.0,27.197558477203685,38.69130900839953,78.93475687479534,76.90303639434187,53.60494605487744,14.427648887981013,16.134433903475536,77.1058748863755,47.50975948557338,29.942370613913862,24.592861166213112,23.959859663673495,27.429772428130157,29.688885602378367,24.38466383351715,23.75702117163994,828,UP,0.8660254037844304,0.4999999999999952
24.27449498505733,23.853776562171184,30.000000000000004,85.0,85.0,27.54396863871746,39.1841128979109,78.39681159149451,76.37893741262882,53.004946054877436,14.049507163777939,15.23172221734467,76.80328619820145,48.548989970114704,30.597331292695277,25.130806449513937,24.48395864538655,28.02977242813015,30.067027326581446,24.69524668764017,24.059609859813985,829,UP,0.8660254037844304,0.4999999999999952
24.794110227327987,24.15377656217118,30.000000000000004,85.0,85.0,27.890378800231233,39.67691678742228,77.85886630819368,75.85483843091576,52.40494605487745,13.671365439574865,14.329010531213795,76.50069751002741,49.588220454656,31.25229197147671,25.668751732814762,25.008057627099607,28.629772428130146,30.445169050784518,25.00582954176319,24.36219854798803,830,UP,0.8660254037844304,0.4999999999999952
25.313725469598644,24.45377656217118,30.000000000000004,85.0,85.0,28.236788961745,40.16972067693365,77.32092102489285,75.3307394492027,51.80494605487746,13.293223715371782,13.42629884508292,76.19810882185337,50.62745093919732,31.907252650258126,26.206697016115587,25.532156608812663,29.229772428130136,30.823310774987593,25.316412395886214,24.664787236162073,831,UP,0.8660254037844304,0.4999999999999952
25.8333407118693,24.753776562171176,30.000000000000004,85.0,85.0,28.583199123258773,40.66252456644502,76.78297574159204,74.80664046748964,51.20494605487744,12.915081991168705,12.523587158952056,75.89552013367933,51.66668142373862,32.56221332903955,26.744642299416412,26.05625559052572,29.82977242813013,31.201452499190673,25.626995250009237,24.967375924336114,832,UP,0.8660254037844304,0.4999999999999952
26.352955954139958,25.053776562171173,30.000000000000004,85.0,85.0,28.929609284772543,41.15532845595638,76.24503045829121,74.28254148577658,50.604946054877466,12.536940266965631,11.620875472821188,75.59293144550527,52.70591190827995,33.21717400782097,27.282587582717237,26.58035457223878,30.429772428130118,31.579594223393748,25.937578104132257,25.269964612510158,833,UP,0.8660254037844304,0.4999999999999952
26.872571196410615,25.35377656217117,30.000000000000004,85.0,85.0,29.276019446286316,41.64813234546776,75.70708517499038,73.75844250406354,50.00494605487748,12.158798542762554,10.71816378669032,75.29034275733125,53.745142392821265,33.872134686602394,27.820532866018063,27.104453553951835,31.029772428130116,31.957735947596824,26.248160958255276,25.572553300684202,834,UP,0.8660254037844304,0.4999999999999952
27.39218643868127,25.653776562171167,30.000000000000004,85.0,85.0,29.622429607800093,42.14093623497913,75.16913989168957,73.23434352235049,49.40494605487748,11.78065681855948,9.815452100559462,74.98775406915719,54.784372877362586,34.52709536538382,28.358478149318888,27.628552535664888,31.629772428130106,32.3358776717999,26.558743812378303,25.875141988858243,835,UP,0.8660254037844304,0.4999999999999952
27.91180168095193,25.953776562171164,30.000000000000004,85.0,85.0,29.968839769313863,42.6337401244905,74.63119460838874,72.71024454063742,48.80494605487748,11.402515094356403,9.36533964785164,18.103445056602684,55.823603361903885,35.18205604416525,28.896423432619713,28.152651517377944,32.2297724281301,32.714019396002975,26.869326666501326,26.177730677032287,836,UP,0.8660254037844304,0.4999999999999952
28.431416923222585,26.25377656217116,30.000000000000004,85.0,85.0,30.315249930827633,43.12654401400187,74.09324932508791,72.18614555892437,48.20494605487752,11.024373370153329,9.05475679372861,16.269868552414646,56.86283384644521,35.837016722946665,29.43436871592054,28.676750499091003,32.82977242813009,33.09216112020605,27.179909520624346,26.48031936520633,837,UP,0.8660254037844304,0.4999999999999952
28.951032165493242,26.55377656217116,30.000000000000004,85.0,85.0,30.66166009234141,43.61934790351325,73.55530404178708,71.6620465772113,47.60494605487749,10.646231645950252,8.744173939605595,14.436292048226601,57.902064330986505,36.4919774017281,29.972313999221363,29.200849480804063,33.42977242813008,33.470302844409126,27.49049237474737,26.782908053380375,838,UP,0.8660254037844304,0.4999999999999952
29.4706474077639,26.853776562171156,30.000000000000004,85.0,85.0,31.008070253855177,44.112151793024616,73.01735875848625,71.13794759549825,47.004946054877514,10.268089921747174,8.433591085482565,12.602715544038583,58.94129481552783,37.146938080509514,30.51025928252219,29.724948462517116,34.02977242813007,33.848444568612194,27.801075228870392,27.085496741554415,839,UP,0.8660254037844304,0.4999999999999952
29.990262650034555,27.153776562171153,30.000000000000004,85.0,85.0,31.35448041536895,44.604955682535994,72.47941347518544,70.6138486137852,46.404946054877534,9.8899481975441,8.123008231359542,10.769139039850565,59.98052530006914,37.801898759290935,31.048204565823017,30.249047444230172,34.629772428130075,34.22658629281528,28.11165808299341,27.38808542972846,840,UP,0.8660254037844304,0.4999999999999952
30.509877892305212,27.45377656217115,30.000000000000004,85.0,85.0,31.700890576882724,45.09775957204736,71.94146819188461,70.08974963207213,45.80494605487754,9.511806473341025,7.81242537723652,8.935562535662534,61.01975578461045,38.456859438072364,31.586149849123842,30.773146425943228,35.22977242813006,34.60472801701835,28.422240937116435,27.690674117902503,841,UP,0.8660254037844304,0.4999999999999952
31.02949313457587,27.753776562171147,30.000000000000004,85.0,85.0,32.047300738396494,45.59056346155873,71.40352290858378,69.56565065035909,45.20494605487755,9.13366474913795,7.501842523113507,7.308750814228902,62.05898626915178,39.11182011685378,32.12409513242467,31.297245407656288,35.829772428130056,34.98286974122143,28.732823791239454,27.993262806076544,842,UP,0.8660254037844304,0.4999999999999952
31.549108376846526,28.053776562171144,30.000000000000004,85.0,85.0,32.393710899910275,46.0833673510701,70.86557762528297,69.04155166864602,44.60494605487756,8.755523024934874,7.191259668990478,7.006162126054858,63.09821675369309,39.766780795635206,32.66204041572549,31.821344389369344,36.42977242813004,35.361011465424504,29.043406645362477,28.295851494250588,843,UP,0.8660254037844304,0.4999999999999952
32.068723619117186,28.35377656217114,30.000000000000004,85.0,85.0,32.74012106142404,46.57617124058147,70.32763234198212,68.51745268693297,44.00494605487756,8.377381300731798,6.880676814867456,6.703573437880815,64.13744723823443,40.42174147441663,33.19998569902632,32.3454433710824,37.029772428130045,35.73915318962758,29.3539894994855,28.598440182424632,844,UP,0.8660254037844304,0.4999999999999952
32.58833886138785,28.65377656217114,30.000000000000004,85.0,85.0,33.08653122293782,47.068975130092845,69.78968705868131,67.9933537052199,43.40494605487755,7.999239576528713,6.570093960744433,6.400984749706772,65.17667772277572,41.076702153198056,33.73793098232715,32.86954235279546,37.62977242813004,36.11729491383066,29.664572353608524,28.901028870598676,845,UP,0.8660254037844304,0.4999999999999952
33.10795410365851,28.953776562171136,30.000000000000004,85.0,85.0,33.43294138445158,47.56177901960421,69.25174177538047,67.46925472350685,42.80494605487755,7.621097852325643,6.259511106621412,6.098396061532728,66.21590820731706,41.731662831979484,34.275876265627986,33.39364133450852,38.22977242813003,36.49543663803373,29.975155207731543,29.20361755877272,846,UP,0.8660254037844304,0.4999999999999952
33.62756934592917,29.253776562171133,30.000000000000004,85.0,85.0,33.779351545965355,48.05458290911559,68.71379649207964,66.94515574179378,42.204946054877546,7.242956128122577,5.948928252498391,5.795807373358685,6.635167297308488,42.38662351076092,34.813821548928814,33.91774031622158,38.829772428130035,36.873578362236806,30.285738061854566,29.50620624694676,847,UP,0.8660254037844304,0.4999999999999952
34.14718458819983,29.55377656217113,30.000000000000004,85.0,85.0,34.12576170747913,48.54738679862696,68.17585120877881,66.42105676008072,41.60494605487756,6.864814403919496,5.6383453983753675,5.4932186851846305,6.288757135794718,43.04158418954234,35.351766832229636,34.44183929793465,39.42977242813003,37.25172008643989,30.59632091597759,29.808794935120805,848,UP,0.8660254037844304,0.4999999999999952
34.66679983047049,29.853776562171127,30.000000000000004,85.0,85.0,34.4721718689929,49.04019068813833,67.63790592547797,65.89695777836766,41.00494605487755,6.486672679716422,5.327762544252343,5.190629997010595,5.942346974280936,43.69654486832377,35.889712115530465,34.96593827964771,40.02977242813002,37.629861810642964,30.90690377010061,30.11138362329485,849,UP,0.8660254037844304,0.4999999999999952
35.18641507274115,30.153776562171124,30.000000000000004,85.0,85.0,34.81858203050667,49.532994577649696,67.09996064217715,65.3728587966546,40.40494605487758,6.108530955513338,5.017179690129321,4.888041308836551,5.595936812767176,44.3515055471052,36.42765739883129,35.49003726136077,40.629772428130025,38.00800353484603,31.217486624223632,30.41397231146889,850,UP,0.8660254037844304,0.4999999999999952
35.70603031501181,30.45377656217112,30.000000000000004,85.0,85.0,35.16499219202045,50.02579846716108,66.56201535887632,64.84875981494153,39.80494605487757,5.730389231310258,4.7065968360063,4.585452620662509,5.249526651253397,45.00646622588663,36.96560268213212,36.01413624307383,41.22977242813002,38.386145259049115,31.52806947834665,30.716560999642933,851,RIGHT,0.4999999999999953,-0.8660254037844304
35.70603031501181,30.45377656217112,27.0,85.0,85.0,34.17907247077902,46.891782399642125,67.60268037008548,64.492779400503,39.41593155433666,5.978679341687607,4.7801822078237155,4.560281263045962,5.102345846423663,7.000134113140919,37.543542053741376,35.81644044777965,40.07381466430564,40.04936565448999,32.020995640515686,30.547945683853026,852,RIGHT,0.4539904997395425,-0.8910065241883594
35.70603031501181,30.45377656217112,24.0,85.0,85.0,33.335808642469686,44.24140935139214,68.86816374912608,64.31600917500435,39.45432693670897,93.40240038382821,4.8696644753857505,4.547781849085213,4.976461105241995,6.604479142521875,38.24633561457696,35.71827007408254,39.08511614424862,41.983529855999414,32.62041030191031,30.46421588809525,853,RIGHT,0.4067366430757963,-0.9135454576425921
35.70603031501181,30.45377656217112,20.999999999999996,85.0,85.0,32.62041030191031,41.98352985599948,70.37851170635614,64.31600917500435,39.60144784791342,88.63556841036927,4.976461105241995,4.547781849085213,4.869664475385749,6.267416687860749,39.08511614424868,35.718270074082554,38.24633561457691,44.24140935139207,33.33580864246969,30.464215888095243,854,RIGHT,0.3583679495452968,-0.9335804264971928
35.70603031501181,30.45377656217112,18.0,85.0,85.0,32.02099564051568,40.04936565449004,67.08020669957273,64.492779400503,39.859330628677775,84.5521637041002,5.10234584642365,4.560281263045952,4.780182207823719,5.978679341687581,40.0738146643057,35.81644044777966,37.54354205374133,46.89178239964204,34.17907247077902,30.54794568385301,855,RIGHT,0.30901699437494445,-0.9510565162951443
35.70603031501181,30.45377656217112,15.000000000000002,85.0,85.0,31.52806947834665,38.38614525904916,60.90755312434225,64.84875981494153,40.23158884679296,81.04077517513983,5.249526651253401,4.585452620662505,4.7065968360063,5.7303892313102365,41.22977242813007,36.01413624307384,36.96560268213207,45.00646622588665,35.16499219202045,30.7165609996429,856,RIGHT,0.2588190451025183,-0.9659258262890589
35.70603031501181,30.45377656217112,12.000000000000002,85.0,85.0,31.134132046456738,36.95280769209821,55.91552313420003,65.38891307878504,45.91479873152698,45.331507045611666,5.420749948297623,4.62364683141255,4.647788773819343,5.516416661179566,42.5745598805077,36.31411350234163,36.50372427251795,43.32592606323346,36.31196530096059,30.9724124719818,857,UP,0.978147600733796,0.20791169081775732
36.29291887545209,30.578523576661777,12.000000000000002,85.0,85.0,31.261665983458748,37.10417651912122,56.14456844030303,64.79202965015887,45.31479873152702,44.361840410686675,5.272006187328098,4.496775342105947,4.520254836817326,5.365047834156554,43.27434425696202,36.91099693096779,37.10372427251795,44.03806040448233,36.46070906193012,31.099283961288393,858,UP,0.978147600733796,0.20791169081775732
36.87980743589237,30.70327059115243,12.000000000000002,85.0,85.0,31.38919992046076,37.25554534614422,56.37361374640601,64.1951462215327,44.714798731527,43.39217377576168,5.123262426358563,4.369903852799357,4.392720899815311,5.213679007133559,7.889132310777263,37.50788035959396,37.703724272517945,44.75019474573119,36.60945282289965,31.226155450594984,859,UP,0.978147600733796,0.20791169081775732
37.466695996332646,30.828017605643087,12.000000000000002,85.0,85.0,31.516733857462775,37.40691417316723,56.602659052509,63.59826279290653,44.114798731527,42.422507140836714,82.47813269972562,4.24303236349276,4.265186962813301,5.0623101801105514,7.660087004674295,38.10476378822013,38.30372427251794,45.46232908698006,36.75819658386918,31.35302693990158,860,UP,0.978147600733796,0.20791169081775732
38.053584556772925,30.952764620133742,12.000000000000002,85.0,85.0,31.64426779446479,37.55828300019024,56.831704358611994,63.00137936428037,43.51479873152705,41.452840505911716,82.32938893875608,4.116160874186171,4.137653025811292,4.910941353087535,7.431041698571296,38.701647216846304,38.903724272517934,46.174463428228925,36.90694034483871,31.47989842920817,861,UP,0.978147600733796,0.20791169081775732
38.640473117213205,31.077511634624397,12.000000000000002,85.0,85.0,31.771801731466798,37.709651827213236,57.060749664715,62.4044959356542,42.914798731527085,40.48317387098671,82.18064517778656,3.9892893848795836,4.010119088809283,4.759572526064544,7.201996392468302,39.29853064547247,39.50372427251793,46.886597769477795,37.05568410580824,31.606769918514765,862,UP,0.978147600733796,0.20791169081775732
39.227361677653484,31.202258649115052,12.000000000000002,85.0,85.0,31.89933566846881,37.86102065423625,57.28979497081797,61.807612507028026,42.31479873152698,39.51350723606173,82.03190141681702,3.862417895572987,3.882585151807259,4.6082036990415265,6.972951086365312,39.89541407409864,40.10372427251793,47.598732110726665,37.20442786677777,31.733641407821356,863,UP,0.978147600733796,0.20791169081775732
39.81425023809376,31.327005663605707,12.000000000000002,85.0,85.0,32.02686960547082,38.01238948125925,57.51884027692098,61.21072907840186,41.714798731527,38.543840601136736,81.88315765584748,5.33545724807824,3.755051214805248,4.456834872018521,6.743905780262315,40.4922975027248,40.703724272517924,48.31086645197553,37.35317162774731,31.86051289712795,864,UP,0.978147600733796,0.20791169081775732
40.40113879853404,31.451752678096362,12.000000000000002,85.0,85.0,32.154403542472835,38.16375830828226,57.74788558302397,60.61384564977569,41.114798731527024,37.574173966211745,81.73441389487795,7.030766676783144,3.627517277803242,4.305466044995514,6.514860474159313,41.089180931350974,41.30372427251792,49.0230007932244,37.50191538871683,31.98738438643454,865,UP,0.978147600733796,0.20791169081775732
40.98802735897432,31.576499692587017,12.000000000000002,85.0,85.0,32.28193747947485,38.31512713530527,57.97693088912695,60.01696222114953,40.51479873152703,36.604507331286776,81.58567013390842,8.726076105488001,3.8735060439953104,4.15409721797251,6.28581516805634,41.686064359977145,41.90372427251791,49.73513513447327,37.65065914968636,32.11425587574114,866,UP,0.978147600733796,0.20791169081775732
41.5749159194146,31.701246707077672,12.000000000000002,85.0,85.0,32.40947141647686,38.46649596232827,58.205976195229944,59.420078792523356,39.914798731527064,35.63484069636179,81.4369263729389,10.421385534192936,4.626054066628375,4.002728390949505,6.056769861953333,42.28294778860331,42.50372427251791,50.44726947572213,37.7994029106559,32.24112736504773,867,UP,0.978147600733796,0.20791169081775732
42.16180447985488,31.825993721568327,12.000000000000002,85.0,85.0,32.537005353478875,38.61786478935127,58.43502150133293,58.823195363897185,39.31479873152704,34.665174061436815,81.28818261196936,12.116694962897816,5.378602089261435,3.8513595639264975,5.827724555850365,42.87983121722948,43.10372427251791,51.159403816971,37.94814667162542,32.36799885435432,868,UP,0.978147600733796,0.20791169081775732
42.74869304029516,31.950740736058982,12.000000000000002,85.0,85.0,32.66453929048089,38.76923361637429,58.66406680743594,58.22631193527101,38.71479873152704,33.69550742651182,81.13943885099982,69.20815623746559,6.131150111894502,4.367354740560274,5.598679249747358,43.476714645855644,43.7037242725179,51.87153815821986,38.09689043259496,32.49487034366091,869,UP,0.978147600733796,0.20791169081775732
43.33558160073544,32.075487750549634,12.000000000000002,85.0,85.0,32.7920732274829,38.920602443397286,58.89311211353893,57.62942850664485,38.11479873152706,32.72584079158682,80.99069509003031,69.08128474815899,6.883698134527563,4.903411453275495,5.369633943644365,44.073598074481815,44.3037242725179,52.58367249946873,38.245634193564484,32.6217418329675,870,UP,0.978147600733796,0.20791169081775732
43.92247016117572,32.200234765040285,12.000000000000002,85.0,85.0,32.91960716448491,39.07197127042029,59.1221574196419,57.032545078018686,37.51479873152705,31.75617415666182,80.84195132906078,68.95441325885241,7.63624615716063,5.439468165990734,5.14058863754138,44.670481503107986,44.90372427251789,53.2958068407176,38.394377954534015,32.74861332227409,871,UP,0.978147600733796,0.20791169081775732
44.509358721615996,32.32498177953094,12.000000000000002,85.0,85.0,33.047141101486915,39.223340097443284,59.35120272574489,56.435661649392515,36.914798731527085,31.000850577145552,80.69320756809125,68.82754176954582,8.388794179793702,5.975524878705956,5.262754284136479,14.678906394594808,45.503724272517886,54.007941181966466,38.54312171550354,32.87548481158068,872,UP,0.978147600733796,0.20791169081775732
45.096247282056275,32.44972879402159,12.000000000000002,85.0,85.0,33.17467503848893,39.37470892446629,59.58024803184788,55.83877822076634,36.31479873152705,30.41451906444036,80.54446380712173,68.70067028023924,9.14134220242677,6.511581591421186,5.734869256234649,13.994369095109741,46.10372427251789,54.720075523215336,38.69186547647307,33.00235630088727,873,UP,0.978147600733796,0.20791169081775732
45.683135842496554,32.57447580851224,12.000000000000002,85.0,85.0,33.302208975490935,39.5260777514893,59.809293337950855,55.24189479214018,35.7147987315271,29.828187551735176,80.39572004615219,68.57379879093264,9.893890225059835,7.047638304136417,6.206984228332806,13.309831795624566,46.70372427251788,55.432209864464205,38.84060923744259,33.12922779019386,874,UP,0.978147600733796,0.20791169081775732
46.27002440293683,32.69922282300289,12.000000000000002,85.0,85.0,33.42974291249294,39.677446578512296,60.03833864405383,54.64501136351401,35.11479873152716,29.241856039029976,80.24697628518267,68.44692730162606,10.64643824769289,7.583695016851639,6.679099200430979,12.62529449613939,47.303724272517876,56.14434420571307,38.989352998412116,33.25609927950045,875,UP,0.978147600733796,0.20791169081775732
46.85691296337711,32.82396983749354,12.000000000000002,85.0,85.0,33.557276849494954,39.828815405535295,60.26738395015682,54.048127934887845,34.5147987315272,28.655524526324783,80.09823252421316,68.32005581231947,11.398986270325981,8.119751729566875,7.15121417252914,11.940757196654333,47.90372427251787,56.85647854696194,39.13809675938164,33.382970768807034,876,UP,0.978147600733796,0.20791169081775732
47.44380152381739,32.948716851984194,12.000000000000002,85.0,85.0,33.68481078649696,39.98018423255831,60.49642925625981,53.45124450626167,33.91479873152723,28.069193013619604,79.94948876324361,68.19318432301287,12.151534292959012,8.655808442282098,7.623329144627311,11.256219897169185,48.503724272517864,57.56861288821081,39.28684052035117,33.50984225811362,877,UP,0.978147600733796,0.20791169081775732
48.03069008425767,33.073463866474846,12.000000000000002,85.0,85.0,33.81234472349897,40.1315530595813,60.725474562362805,52.85436107763551,33.31479873152721,27.482861500914407,79.8007450022741,68.06631283370628,32.639793942727984,9.191865154997334,8.09544411672548,10.571682597684037,49.10372427251786,58.28074722945967,39.4355842813207,33.63671374742022,878,UP,0.978147600733796,0.20791169081775732
48.61757864469795,33.1982108809655,12.000000000000002,85.0,85.0,33.93987866050098,40.2829218866043,60.95451986846577,52.25747764900934,32.71479873152726,26.89652998820923,79.65200124130457,67.9394413443997,32.51226000572598,9.72792186771256,8.567559088823648,9.887145298198881,49.70372427251786,58.61201504631605,39.584328042290224,33.7635852367268,879,LEFT,-0.20791169081775726,0.978147600733796
48.61757864469795,33.1982108809655,15.000000000000002,85.0,85.0,34.369316957294444,41.84542900995251,59.331309602196924,51.82579824368978,27.191047879858907,27.131631550198364,77.1360618604464,67.3782191240263,32.92363476936101,9.466990769716299,8.52890370769175,13.804042609293944,50.332621120069724,54.534024823195516,38.33399197747881,33.484676933988965,880,LEFT,-0.2588190451025182,0.9659258262890588
48.61757864469795,33.1982108809655,18.000000000000004,85.0,85.0,34.90666465363105,43.65853554919064,57.66783964023968,51.54130600066087,26.939452272462244,29.7958798866658,74.97340064920998,67.0083535099984,12.132471866486679,9.244368156235662,8.51382656546685,48.76791384762179,51.119547378833005,51.11757740487868,37.25922311422613,33.30086633828417,881,LEFT,-0.30901699437494434,0.9510565162951442
48.61757864469795,33.1982108809655,21.000000000000004,85.0,85.0,35.56009738285256,45.76700281626467,56.24506249299754,51.40003486350531,26.765158807049847,34.05463307323313,73.12366183880567,41.208492695967045,11.535331810796896,9.056227407509173,8.522119953788325,48.63424438558159,52.076475968022756,48.22835796145748,36.33996601179904,33.20959097836578,882,LEFT,-0.3583679495452967,0.9335804264971925
48.61757864469795,33.1982108809655,24.000000000000004,85.0,85.0,36.33996601179905,48.228357961457554,55.03802339568023,51.40003486350531,26.665725206355546,74.64528190797104,71.55440198085037,37.106967689357354,11.023010883255916,8.899498332196586,8.553898015926007,48.63424438558158,53.218565357607226,45.76700281626462,35.56009738285256,33.20959097836579,883,LEFT,-0.40673664307579616,0.9135454576425919
48.61757864469795,33.1982108809655,27.000000000000004,85.0,85.0,37.25922311422613,51.11757740487876,54.02667504499381,51.54130600066087,26.639775182745332,79.11706176870196,70.23955777019572,33.832331867266625,10.582033592774035,8.771735454731562,8.609600600720205,48.76791384762178,54.5647841231965,43.65853554919059,34.90666465363105,33.300866338284195,884,LEFT,-0.45399049973954225,0.891006524188359
48.61757864469795,33.1982108809655,30.000000000000004,85.0,85.0,38.3339919774788,54.534024823195644,53.19499692093867,51.82579824368978,26.68695158176882,84.20181239107413,69.15830108371391,32.07620550372105,10.201868832987007,8.671019326249862,8.690008237470673,49.03709781432556,56.13874423572833,41.845429009952475,34.369316957294444,33.48467693398901,885,LEFT,-0.499999999999995,0.86602540378443
48.61757864469795,33.1982108809655,33.0,85.0,85.0,39.58432804229023,58.61201504631619,52.530335213985154,52.25747764900934,26.807904323175848,81.0577191227606,68.29418082600202,32.34338204100554,9.87419790831201,8.595883034358682,8.796269190478277,49.44554893211729,57.96981616250269,40.282921886604264,33.93987866050098,33.763585236726854,886,LEFT,-0.5446390350150216,0.8386705679454156
48.61757864469795,33.1982108809655,36.00000000000001,85.0,85.0,41.03524538024657,60.2627268845893,52.02290970078814,29.13653544746742,27.004312375791137,78.34698846217206,67.63448182326694,32.70544311575209,9.592394600090726,8.54525844760579,11.517852658435284,49.99905655742057,56.48016984346961,38.935781199228956,33.612030755533404,34.14154447248664,887,LEFT,-0.5877852522924673,0.8090169943749392
48.61757864469795,33.1982108809655,39.0,85.0,85.0,42.71811542162102,58.4677068925786,51.665450096777526,27.055390989972867,28.069029907597248,76.0133003289954,67.16975204884523,33.16764138506842,9.351149607729408,8.518438410732532,17.237306114611936,50.70565078782126,52.75247926669592,37.776017788737754,33.38107590750646,34.6240379434089,888,LEFT,-0.6293203910498311,0.777145961456963
48.61757864469795,33.1982108809655,41.99999999999999,85.0,85.0,44.67259912580171,56.928051283611616,51.452935815612555,26.84282119536548,31.772338277682348,74.01160896075591,66.89346428698602,11.822316298318603,9.146195436685826,8.515052344943161,48.68429878417968,51.57589508219915,49.61394765906305,36.78124544749086,33.24377031280615,35.218278841620844,889,LEFT,-0.6691306063588514,0.7431448254773867
48.61757864469795,33.1982108809655,45.0,85.0,85.0,46.94936007438349,55.61593210711626,51.382421355302114,26.706194801885403,36.717302509817216,72.30573550802033,39.03694640843042,11.269490608070916,8.974102598990719,8.535053663444309,48.61757864469802,52.623287922123126,46.949360074383485,35.9334845212192,33.19821088096552,35.93348452121924,890,LEFT,-0.7071067811865402,0.7071067811865404
48.61757864469795,33.1982108809655,48.0,85.0,85.0,49.61394765906307,54.50897487630055,51.452935815612555,26.643610648434304,76.78982379076139,70.86659111687902,35.38194072532783,10.794321665261453,8.832127444212048,8.578718199288748,48.68429878417968,53.86480312463501,44.672599125801725,35.21827884162081,33.24377031280615,36.781245447490925,891,LEFT,-0.7431448254773866,0.6691306063588514
48.61757864469795,33.1982108809655,51.0,85.0,85.0,52.752479266695914,53.589240486758946,51.665450096777526,26.654205653005913,81.6474757310588,69.67085333117146,32.43405890666105,10.384914486828528,8.718098119658357,8.646653546037335,48.88537785957426,55.32161122515437,42.718115421621015,34.62403794340887,33.38107590750646,37.77601778873781,892,LEFT,-0.7771459614569628,0.629320391049831
48.61757864469795,33.1982108809655,54.0,85.0,85.0,56.4801698434696,52.842462809100304,52.02290970078811,26.738125585741493,82.57155236973247,68.69997489403434,32.19820242068684,10.03192046803087,8.630329291821056,8.739819905019683,49.22360287801231,57.02004277681151,41.03524538024656,34.14154447248663,33.61203075553341,38.93578119922904,893,LEFT,-0.809016994374939,0.587785252292467
48.61757864469795,33.1982108809655,57.00000000000001,85.0,85.0,60.954519868465816,52.2574776490093,32.714798731527324,26.89652998820922,79.65200124130456,67.93944134439982,32.51226000572598,9.727921867712539,8.567559088823618,9.88714529819905,49.70372427251792,58.61201504631619,39.584328042290224,33.76358523672684,33.93987866050098,40.28292188660436,894,RIGHT,0.8386705679454153,-0.5446390350150214
48.61757864469795,33.1982108809655,54.0,85.0,85.0,56.4801698434696,52.842462809100304,52.02290970078811,26.738125585741493,82.57155236973246,68.69997489403436,32.19820242068684,10.03192046803087,8.630329291821075,8.739819905019683,49.22360287801231,57.02004277681151,41.03524538024655,34.14154447248663,33.612030755533404,38.93578119922904,895,UP,0.587785252292467,0.8090169943749389
48.97024979607343,33.68362107759046,54.0,85.0,85.0,57.30599899575228,52.479770438658356,51.665842459148934,26.203623484617037,81.97155236973246,68.20077167266523,31.706741524902167,10.147818330518188,8.730034699242422,8.840790247512317,49.58067011965149,57.43366527094142,41.635245380246545,34.64074769385575,34.10349165131807,39.50508372204964,896,UP,0.587785252292467,0.8090169943749389
49.322920947448914,34.16903127421542,54.0,85.0,85.0,58.13182814803499,52.11707806821641,51.30877521750978,25.66912138349259,81.37155236973247,67.7015684512961,31.215280629117494,10.263716193005486,8.829740106663792,8.941760590004938,49.93773736129066,57.847287765071336,42.23524538024654,35.13995091522488,34.59495254710275,40.07438624487024,897,UP,0.587785252292467,0.8090169943749389
49.675592098824396,34.65444147084038,54.0,85.0,85.0,58.957657300317656,51.75438569777446,34.171232840441576,25.134619282368114,80.77155236973248,67.20236522992698,30.723819733332828,10.379614055492809,8.929445514085138,9.042730932497571,50.29480460292984,58.26091025920125,42.835245380246526,35.63915413659401,35.08641344288742,40.643688767690875,898,UP,0.587785252292467,0.8090169943749389
50.02826325019988,35.139851667465344,54.0,85.0,85.0,59.78348645260036,51.39169332733251,31.068270865277537,24.600117181243665,80.1715523697325,66.70316200855784,30.691977764423214,10.495511917980103,9.02915092150651,9.143701274990182,50.651871844569015,58.67453275333117,43.43524538024652,36.13835735796314,35.57787433867209,41.21299129051147,899,UP,0.587785252292467,0.8090169943749389
50.38093440157536,35.625261864090305,54.0,85.0,85.0,60.60931560488304,51.02900095689057,27.965308890113505,24.065615080119205,79.5715523697325,66.20395878718872,30.86108381694772,10.611409780467428,9.128856328927856,9.244671617482807,51.008939086208194,59.08815524746108,44.03524538024651,36.637560579332266,36.06933523445676,41.782293813332075,900,UP,0.587785252292467,0.8090169943749389
50.73360555295084,36.11067206071527,54.0,85.0,85.0,60.89661254287095,50.666308586448615,24.862346914949473,23.53111297899474,78.9715523697325,65.7047555658196,31.03018986947225,13.401558740407404,9.22856173634923,9.345641959975435,51.366006327847366,59.501777741591006,44.6352453802465,37.13676380070139,36.56079613024143,42.35159633615268,901,UP,0.587785252292467,0.8090169943749389
51.08627670432632,36.59608225734023,54.0,85.0,85.0,60.46068702606774,50.30361621600667,24.0318493617951,22.9966108778703,78.37155236973251,65.20555234445047,31.19929592199676,19.591885661474123,9.328267143770574,9.446612302468054,51.723073569486544,59.915400235720924,45.23524538024649,37.63596702207052,37.052257026026105,42.920898858973295,902,UP,0.587785252292467,0.8090169943749389
51.438947855701805,37.08149245396519,54.0,85.0,85.0,60.02476150926452,49.940923845564726,23.473285578374874,22.462108776745826,77.77155236973253,64.70634912308134,31.36840197452125,73.79256827960752,9.427972551191942,9.547582644960677,11.433240194653367,60.32902272985084,45.835245380246484,38.13517024343964,37.543717921810774,43.4902013817939,903,UP,0.587785252292467,0.8090169943749389
51.79161900707729,37.56690265059015,54.0,85.0,85.0,59.588835992461306,49.57823147512278,22.91472179495465,21.927606675621366,77.17155236973254,64.20714590171221,31.537508027045767,73.22326575678692,9.527677958613296,9.648552987453293,11.554152285303223,60.74264522398076,46.43524538024648,38.63437346480877,38.035178817595444,44.05950390461451,904,UP,0.587785252292467,0.8090169943749389
52.14429015845277,38.05231284721511,54.0,85.0,85.0,59.152910475658096,49.21553910468083,22.356158011534397,21.393104574496906,76.57155236973254,63.70794268034309,31.706614079570254,31.604993852475832,9.62738336603466,9.74952332994592,11.675064375953093,61.15626771811067,47.035245380246465,39.133576686177896,38.52663971338011,44.628806427435116,905,UP,0.587785252292467,0.8090169943749389
52.49696130982825,38.537723043840074,54.0,85.0,85.0,58.716984958854894,48.85284673423888,21.79759422811419,20.858602473372436,75.97155236973255,63.20873945897396,31.8757201320948,31.035691329655208,9.72708877345601,9.850493672438546,11.795976466602957,61.56989021224059,47.63524538024646,39.632779907547025,39.01810060916478,45.19810895025574,906,UP,0.587785252292467,0.8090169943749389
52.84963246120373,39.023133240465036,54.0,85.0,85.0,58.281059442051664,48.49015436379693,21.239030444693967,20.32410037224798,75.37155236973256,62.70953623760483,32.044826184619275,30.46638880683458,9.826794180877371,9.951464014931172,11.916888557252818,61.983512706370504,48.235245380246454,40.13198312891615,39.50956150494945,45.76741147307633,907,UP,0.587785252292467,0.8090169943749389
53.202303612579215,39.50854343709,54.0,85.0,85.0,57.84513392524845,48.12746199335498,20.68046666127374,19.78959827112352,74.77155236973258,62.21033301623571,32.21393223714378,29.897086284013994,10.592733847725018,10.052434357423799,12.03780064790269,62.39713520050042,48.835245380246434,40.631186350285276,40.00102240073413,46.33671399589695,908,UP,0.587785252292467,0.8090169943749389
53.5549747639547,39.99395363371496,54.0,85.0,85.0,57.40920840844524,47.76476962291303,20.121902877853504,19.347613230496048,74.17155236973258,61.71112979486658,32.38303828966832,29.32778376119338,11.748525121461894,10.153404699916422,12.15871273855256,62.81075769463033,49.43524538024643,41.130389571654405,40.4924832965188,46.90601651871755,909,UP,0.587785252292467,0.8090169943749389
53.90764591533018,40.47936383033992,54.0,85.0,85.0,56.97328289164203,47.40207725247108,19.563339094433264,19.161668440999396,73.5715523697326,61.21192657349746,32.55214434219283,28.75848123837276,12.904316395198759,10.254375042409041,12.279624829202415,63.22438018876025,50.03524538024642,41.629592793023534,40.98394419230347,47.47531904153816,910,UP,0.587785252292467,0.8090169943749389
54.26031706670566,40.96477402696488,54.0,85.0,85.0,56.53735737483881,47.03938488202913,19.00477531101304,18.97572365150277,72.9715523697326,60.71272335212832,32.721250394717345,28.189178715552153,14.060107668935643,10.355345384901664,12.400536919852287,63.63800268289017,50.63524538024641,42.128796014392655,41.47540508808814,48.04462156435876,911,UP,0.587785252292467,0.8090169943749389
54.61298821808114,41.450184223589844,54.0,85.0,85.0,56.101431858035596,46.67669251158719,18.44621152759283,18.789778862006116,72.3715523697326,60.2135201307592,32.89035644724186,27.61987619273155,15.215898942672505,10.456315727394287,12.521449010502149,64.05162517702009,51.235245380246404,42.627999235761784,41.966865983872815,48.613924087179385,912,UP,0.587785252292467,0.8090169943749389
54.965659369456624,41.935594420214805,54.0,85.0,85.0,55.66550634123237,46.31400014114524,17.887647744172583,18.60383407250949,71.77155236973262,59.71431690939007,33.05946249976637,27.05057366991093,16.371690216409334,10.557286069886912,12.642361101152026,64.46524767115,51.8352453802464,43.12720245713091,42.458326879657484,49.18322660999998,913,UP,0.587785252292467,0.8090169943749389
55.318330520832106,42.42100461683977,54.0,85.0,85.0,55.22958082442918,45.951307770703295,17.329083960752353,18.417889283012848,71.17155236973262,59.21511368802094,58.29672480335821,26.48127114709033,17.527481490146222,10.658256412379526,12.763273191801884,64.87887016527992,52.43524538024639,43.62640567850004,42.949787775442154,49.752529132820605,914,UP,0.587785252292467,0.8090169943749389
55.67100167220759,42.90641481346473,54.0,85.0,85.0,54.793655307625954,45.58861540026135,16.77052017733213,18.23194449351619,70.57155236973263,58.71591046665182,57.80526390757353,25.911968624269715,18.683272763883124,11.247870204258842,12.884185282451748,65.29249265940983,53.03524538024638,44.125608899869164,43.44124867122682,50.3218316556412,915,UP,0.587785252292467,0.8090169943749389
56.02367282358307,43.39182501008969,54.0,85.0,85.0,54.357729790822745,45.2259230298194,16.211956393911905,18.045999704019565,69.97155236973263,58.21670724528269,57.31380301178886,25.342666101449108,69.24906795915628,11.94368995674556,13.005097373101616,65.70611515353976,53.635245380246374,44.62481212123829,43.93270956701149,50.89113417846182,916,UP,0.587785252292467,0.8090169943749389
56.37634397495855,43.87723520671465,54.0,85.0,85.0,53.92180427401951,44.86323065937745,15.653392610491668,17.860054914522916,69.37155236973264,57.71750402391357,56.822342116004194,24.773363578628498,69.68499347595952,12.639509709232307,13.126009463751489,66.11973764766967,54.23524538024637,45.12401534260742,44.42417046279616,51.46043670128241,917,UP,0.587785252292467,0.8090169943749389
56.72901512633403,44.36264540333961,54.0,85.0,85.0,53.485878757216305,44.5005382889355,15.094828827071444,17.674110125026274,68.77155236973265,57.218300802544434,56.330881220219524,24.204061055807887,70.12091899276271,13.335329461719047,13.24692155440135,66.53336014179958,54.835245380246356,45.62321856397654,44.91563135858084,52.029739224103025,918,UP,0.587785252292467,0.8090169943749389
57.081686277709515,44.848055599964574,54.0,85.0,85.0,53.04995324041309,18.1082638097668,14.536265043651206,17.488165335529633,68.17155236973267,56.71909758117531,55.839420324434855,23.634758532987274,70.55684450956593,14.031149214205785,13.367833645051213,66.9469826359295,55.43524538024635,46.12242178534567,45.40709225436551,52.59904174692363,919,UP,0.587785252292467,0.8090169943749389
57.434357429085,45.333465796589536,54.0,85.0,85.0,52.61402772360987,17.41244405728007,13.977701260231012,17.302220546032984,67.57155236973266,56.21989435980618,55.34795942865018,23.46878890260831,70.99277002636914,14.726968966692516,13.488745735701082,67.36060513005943,56.035245380246344,46.6216250067148,45.89855315015018,53.16834426974424,920,UP,0.587785252292467,0.8090169943749389
57.78702858046048,45.8188759932145,54.0,85.0,85.0,52.17810220680666,16.716624304793317,13.419137476810759,17.11627575653634,66.97155236973268,55.720691138437054,54.85649853286551,23.58468676509562,71.42869554317237,15.422788719179254,13.609657826350947,67.77422762418932,56.635245380246324,47.12082822808392,46.39001404593485,53.73764679256484,921,UP,0.587785252292467,0.8090169943749389
58.13969973183596,46.30428618983946,54.0,85.0,85.0,51.74217669000347,16.02080455230658,12.860573693390519,16.93033096703971,66.37155236973268,55.221487917067925,54.36503763708084,23.700584627582924,71.86462105997558,16.118608471665993,13.730569917000818,21.11557181058837,57.23524538024632,47.62003144945305,46.88147494171952,54.30694931538546,922,UP,0.587785252292467,0.8090169943749389
58.49237088321144,46.78969638646442,54.0,85.0,85.0,51.30625117320024,15.324984799819868,12.302009909970296,16.744386177543067,65.77155236973269,54.722284695698804,53.87357674129617,23.816482490070232,72.3005465767788,16.81442822415272,13.85148200765068,21.301516600085012,57.83524538024632,48.11923467082218,47.372935837504194,54.87625183820606,923,UP,0.587785252292467,0.8090169943749389
58.845042034586925,47.27510658308938,54.0,85.0,85.0,50.87032565639702,14.629165047333101,11.74344612655007,16.55844138804646,65.1715523697327,54.223081474329675,53.3821158455115,23.932380352557548,72.736472093582,17.510247976639462,14.056212580203542,21.48746138958166,58.43524538024631,48.61843789219131,47.864396733288864,55.44555436102668,924,UP,0.587785252292467,0.8090169943749389
59.19771318596241,47.760516779714344,54.0,85.0,85.0,50.434400139593805,13.933345294846362,11.184882343129862,16.372496598549763,64.5715523697327,53.72387825296055,52.89065494972682,24.048278215044856,29.329560673814857,18.206067729126204,14.614776363623768,21.67340617907829,59.035245380246295,49.11764111356043,48.35585762907353,56.01485688384728,925,UP,0.587785252292467,0.8090169943749389
59.55038433733789,48.245926976339305,54.0,85.0,85.0,49.998474622790596,13.237525542359634,10.62631855970961,16.186551809053164,63.97155236973273,53.224675031591424,52.39919405394215,24.164176077532197,28.503731521532163,18.901887481612928,15.173340147043998,21.859350968574933,59.63524538024628,49.61684433492956,48.8473185248582,56.584159406667894,926,UP,0.587785252292467,0.8090169943749389
59.90305548871337,48.73133717296427,54.0,85.0,85.0,49.56254910598737,12.541705789872912,10.404523039546918,16.00060701955648,63.371552369732726,52.7254718102223,51.907733158157484,24.280073940019495,27.677902369249516,19.59770723409967,15.731903930464222,22.045295758071582,60.23524538024628,50.11604755629869,49.33877942064287,57.1534619294885,927,UP,0.587785252292467,0.8090169943749389
60.25572664008885,49.21674736958923,54.0,85.0,85.0,49.12662358918417,11.845886037386187,10.283610948897048,15.814662230059842,62.77155236973273,52.226268588853166,51.416272262372814,24.395971802506796,26.85207321696679,20.2935269865864,16.29046771388446,22.231240547568223,60.83524538024626,50.61525077766781,49.83024031642755,57.72276445230911,928,UP,0.587785252292467,0.8090169943749389
60.608397791464334,49.70215756621419,54.0,85.0,85.0,48.69069807238095,11.150066284899436,10.162698858247193,15.628717440563205,62.171552369732744,51.727065367484045,50.924811366588145,24.511869664994105,26.026244064684093,20.989346739073145,16.84903149730468,22.417185337064854,61.43524538024626,51.11445399903694,50.32170121221222,58.292066975129714,929,UP,0.587785252292467,0.8090169943749389
60.961068942839816,50.18756776283915,54.0,85.0,85.0,48.25477255557776,10.454246532412707,10.041786767597292,15.44277265106657,61.57155236973275,51.227862146114916,50.43335047080347,24.627767527481417,25.200414912401392,62.69328952288875,17.407595280724905,22.603130126561506,62.03524538024625,51.61365722040607,50.81316210799689,58.86136949795032,930,UP,0.587785252292467,0.8090169943749389
61.3137400942153,50.67297795946411,54.0,85.0,85.0,16.20923303388632,9.758426779925953,9.920874676947436,15.256827861569944,60.97155236973277,50.72865892474579,49.9418895750188,24.743665389968726,24.37458576011873,63.055981893330696,17.966159064145135,22.789074916058137,62.635245380246246,52.1128604417752,51.30462300378156,59.43067202077092,931,UP,0.587785252292467,0.8090169943749389
61.66641124559078,51.158388156089075,54.0,85.0,85.0,15.053441760149493,9.062607027439231,9.799962586297582,15.070883072073316,60.371552369732775,50.22945570337666,49.45042867923413,24.859563252456052,23.548756607836,63.418674263772644,18.52472284756536,22.975019705554775,63.23524538024623,52.61206366314432,51.79608389956623,59.99997454359155,932,UP,0.587785252292467,0.8090169943749389
62.01908239696626,51.643798352714036,54.0,85.0,85.0,13.89765048641261,8.366787274952497,9.679050495647704,14.88493828257665,59.77155236973278,49.730252482007536,48.95896778344946,24.975461114943354,22.722927455553307,63.78136663421459,19.083286630985594,23.160964495051417,63.83524538024622,53.11126688451345,52.287544795350904,60.56927706641214,933,UP,0.587785252292467,0.8090169943749389
62.371753548341744,52.129208549339,54.0,85.0,85.0,12.741859212675733,7.98173700543483,9.55813840499784,14.698993493080032,59.17155236973279,49.231049260638414,48.46750688766479,25.091358977430655,21.897098303270635,64.14405900465655,19.641850414405834,23.346909284548047,64.43524538024622,53.61047010588258,52.77900569113557,61.138579589232755,934,UP,0.587785252292467,0.8090169943749389
62.724424699717225,52.61461874596396,54.0,85.0,85.0,11.586067938938845,7.880766662942219,9.437226314347964,43.71782711939272,58.57155236973279,48.731846039269286,47.97604599188012,25.207256839917974,21.68547166669301,64.50675137509847,20.20041419782605,23.532854074044696,65.03524538024621,54.1096733272517,53.27046658692024,61.70788211205336,935,UP,0.587785252292467,0.8090169943749389
63.07709585109271,53.10002894258892,54.0,85.0,85.0,10.430276665202,7.779796320449597,9.3163142236981,43.304204625262834,57.9715523697328,48.23264281790016,47.484585096095444,25.323154702405276,21.78517707411436,64.86944374554044,20.758977981246282,23.718798863541338,65.6352453802462,54.60887654862083,53.76192748270491,62.277184634873976,936,UP,0.587785252292467,0.8090169943749389
63.42976700246819,53.58543913921388,54.0,85.0,85.0,9.27448539146512,7.678825977956973,9.195402133048237,42.89058213113291,57.371552369732804,47.73343959653103,46.993124200310774,28.30660767572102,21.884882481535733,65.23213611598239,21.317541764666505,23.904743653037986,66.2352453802462,55.108079769989956,54.25338837848958,62.84648715769458,937,UP,0.587785252292467,0.8090169943749389
63.78243815384367,54.070849335838844,54.0,85.0,85.0,8.118694117728268,7.5778556354643305,9.074490042398375,42.476959637003,56.771552369732824,47.2342363751619,46.501663304526105,34.49693459678725,21.98458788895708,65.59482848642432,21.87610554808673,24.09068844253462,66.83524538024619,55.607282991359085,54.74484927427425,63.415789680515196,938,UP,0.587785252292467,0.8090169943749389
64.13510930521915,54.556259532463805,54.0,85.0,85.0,7.383216457178757,7.476885292971706,8.95357795174851,42.06333714287309,56.17155236973282,46.73503315379277,46.010202408741435,53.297677458065586,22.08429329637844,65.95752085686627,22.43466933150696,24.276633232031255,67.43524538024617,56.10648621272821,55.23631017005892,63.98509220333579,939,UP,0.587785252292467,0.8090169943749389
64.48778045659462,55.04166972908877,54.0,85.0,85.0,7.283511049757403,7.375914950479103,8.832665861098647,41.64971464874316,55.571552369732835,46.23582993242365,45.51874151295676,52.72837493524498,22.18399870379979,66.32021322730822,22.993233114927193,24.462578021527875,68.03524538024617,56.605689434097336,55.7277710658436,64.5543947261564,940,UP,0.587785252292467,0.8090169943749389
64.8404516079701,55.52707992571373,54.0,85.0,85.0,7.183805642336054,7.274944607986494,8.711753770448812,41.236092154613274,54.97155236973285,45.73662671105453,45.02728061717209,52.15907241242436,22.283704111221137,66.68290559775015,23.551796898347394,24.648522811024517,68.63524538024616,57.104892655466465,56.21923196162827,65.12369724897701,941,UP,0.587785252292467,0.8090169943749389
65.19312275934557,56.01249012233869,54.0,85.0,85.0,7.084100234914694,7.173974265493866,8.590841679798935,40.822469660483364,54.37155236973285,45.2374234896854,44.53581972138742,51.589769889603765,22.383409518642488,67.0455979681921,24.11036068176763,24.834467600521137,69.23524538024614,57.60409587683559,56.710692857412944,18.721777802604382,942,UP,0.587785252292467,0.8090169943749389
65.54579391072104,56.49790031896365,54.0,85.0,85.0,6.984394827493341,7.073003923001239,8.469929589149086,40.40884716635346,53.77155236973286,44.73822026831627,44.044358825602735,51.02046736678315,22.48311492606385,67.40829033863403,24.66892446518785,25.02041239001778,69.83524538024614,58.103299098204715,57.20215375319761,12.531450881537582,943,UP,0.587785252292467,0.8090169943749389
65.89846506209652,56.98331051558861,54.0,85.0,85.0,6.884689420071989,6.972033580508637,8.349017498499224,39.99522467222352,53.17155236973288,44.23901704694714,43.552897929818066,50.45116484396254,22.5828203334852,67.77098270907598,25.22748824860807,25.20635717951438,70.43524538024613,58.602502319573844,57.69361464898228,8.002783482979071,944,UP,0.587785252292467,0.8090169943749389
66.251136213472,57.468720712213575,54.0,85.0,85.0,6.784984012650651,6.871063238016009,8.228105407849377,39.58160217809364,52.57155236973288,43.73981382557801,43.06143703403338,49.88186232114192,22.682525740906552,68.13367507951793,25.786052032028298,25.392301969011037,71.03524538024612,59.101705540942966,58.18507554476695,7.886885620491772,945,UP,0.587785252292467,0.8090169943749389
66.60380736484747,57.954130908838536,54.0,85.0,85.0,6.6852786052292865,6.770092895523398,8.107193317199496,39.16797968396372,51.97155236973289,43.24061060420888,42.569976138248734,49.31255979832132,22.782231148327906,30.18209046768898,26.344615815448506,25.57824675850765,71.63524538024612,59.600908762312095,58.67653644055162,7.770987758004458,946,UP,0.587785252292467,0.8090169943749389
66.95647851622294,58.4395411054635,54.0,85.0,85.0,6.585573197807934,6.669122553030784,7.986281226549632,38.754357189833826,51.371552369732896,42.74140738283976,42.078515242464064,48.7432572755007,22.881936555749263,28.10275940449174,26.903179598868732,25.764191548004277,72.23524538024611,60.100111983681224,59.16799733633629,7.655089895517154,947,UP,0.587785252292467,0.8090169943749389
67.30914966759842,58.92495130208846,54.0,85.0,85.0,6.485867790386581,6.56815221053817,33.0983458939118,38.340734695703894,50.77155236973291,42.24220416147064,41.587054346679395,48.173954752680096,22.981641963170617,26.023428341294487,27.461743382288955,26.278752711990848,72.8352453802461,60.599315205050345,59.65945823212096,7.539192033029858,948,UP,0.587785252292467,0.8090169943749389
67.6618208189739,59.41036149871342,54.0,85.0,85.0,6.386162382965228,6.467181868045552,32.74127865227263,37.927112201574005,50.171552369732915,41.74300094010151,41.095593450894725,47.60465222985949,23.081347370591963,23.944097278097214,28.193029570428767,26.8132548131153,73.43524538024609,61.098518426419474,60.15091912790564,7.423294170542547,949,UP,0.587785252292467,0.8090169943749389
68.01449197034937,59.89577169533838,54.0,85.0,85.0,6.286456975543872,6.366211525552941,32.38421141063348,37.513489707444094,49.57155236973292,41.24379771873238,40.60413255511005,47.03534970703889,23.18105277801332,23.475144416632457,31.295991545592674,27.347756914239753,74.03524538024608,61.5977216477886,60.64238002369031,7.3073963080552495,950,UP,0.587785252292467,0.8090169943749389
68.36716312172484,60.381181891963344,54.0,85.0,85.0,6.186751568122526,6.265241183060315,32.02714416899428,37.09986721331418,48.97155236973293,40.74459449736325,40.11267165932537,46.46604718421827,23.280758185434664,23.576114759125083,34.39895352075668,27.882259015364205,74.63524538024608,62.09692486915773,10.493083200730203,7.191498445567944,951,UP,0.587785252292467,0.8090169943749389
68.71983427310032,60.866592088588305,54.0,85.0,85.0,6.087046160701178,6.164270840567699,31.670076927355115,36.68624471918426,48.37155236973294,40.24539127599412,39.62121076354068,45.89674466139767,23.380463592856024,23.677085101617703,37.501915495920734,28.41676111648866,75.23524538024607,62.596128090526854,10.323977148205751,7.075600583080642,952,UP,0.587785252292467,0.8090169943749389
69.07250542447579,61.35200228521327,54.0,85.0,85.0,5.98734075327982,6.0633004980750895,31.313009685715947,36.27262222505436,47.771552369732944,39.746188054624994,39.12974986775601,45.32744213857705,23.777765764022668,23.778055444110304,69.93350289308447,28.951263217613118,75.83524538024606,63.09533131189598,10.154871095681216,6.959702720593339,953,UP,0.587785252292467,0.8090169943749389
69.42517657585127,61.83741248183823,54.0,85.0,85.0,5.887635345858468,7.8708458865449975,30.955942444076804,35.85899973092447,47.17155236973296,39.24698483325587,38.63828897197137,44.75813961575645,24.933557037759496,23.87902578660293,70.29057013472365,29.485765318737574,76.43524538024606,63.59453453326511,9.985765043156729,6.843804858106033,954,UP,0.587785252292467,0.8090169943749389
69.77784772722674,62.32282267846319,54.0,85.0,85.0,5.787929938437119,9.950176949742243,30.598875202437622,35.445377236794556,46.57155236973296,38.74778161188674,38.14682807618671,44.18883709293583,26.089348311496348,23.97999612909554,70.64763737636281,30.020267419862027,77.03524538024604,64.09373775463423,9.816658990632227,6.727906995618717,955,UP,0.587785252292467,0.8090169943749389
70.13051887860222,62.80823287508815,54.0,85.0,85.0,5.688224531015759,12.029508012939448,30.24180796079844,35.031754742664624,45.97155236973298,38.24857839051762,37.655367180402024,43.61953457011523,27.245139585233225,24.080966471588162,71.00470461800198,30.554769520986486,77.63524538024605,64.59294097600338,9.647552938107726,6.612009133131434,956,UP,0.587785252292467,0.8090169943749389
70.48319002997769,63.29364307171311,54.0,85.0,85.0,5.603480282751726,14.108839076136736,29.884740719159264,34.618132248534735,45.37155236973298,37.749375169148486,37.16390628461736,43.05023204729461,28.40093085897009,24.18193681408077,71.36177185964115,31.08927162211094,78.23524538024603,65.09214419737249,9.478446885583242,6.496111270644117,957,UP,0.587785252292467,0.8090169943749389
70.83586118135317,63.779053268338075,54.0,85.0,85.0,6.429309435034395,29.99284347125772,29.52767347752013,34.20450975440482,44.77155236973301,37.250171947779364,36.672445388832685,42.480929524474014,29.556722132706952,24.282907156573394,71.71883910128032,31.62377372323539,78.83524538024602,65.5913474187416,9.30934083305874,6.380213408156818,958,UP,0.587785252292467,0.8090169943749389
71.18853233272864,64.26446346496304,54.0,85.0,85.0,7.255138587317138,29.630151100815784,29.17060623588093,33.790887260274914,44.171552369733,36.750968726410235,36.18098449304801,41.9116270016534,30.71251340644379,24.383877499066017,72.0759063429195,32.15827582435985,79.43524538024602,66.09055064011075,9.140234780534254,6.264315545669522,959,UP,0.587785252292467,0.8090169943749389
71.54120348410412,64.74987366158801,54.0,85.0,85.0,8.080967739599833,29.267458730373843,28.813538994241757,33.37726476614499,43.571552369733,36.2517655050411,35.68952359726333,41.34232447883278,31.868304680180664,24.484847841558633,72.43297358455867,32.692777925484314,80.03524538024601,66.58975386147989,8.971128728009763,6.1484176831822195,960,UP,0.587785252292467,0.8090169943749389
71.89387463547959,65.23528385821298,54.0,85.0,85.0,8.906796891882525,28.9047663599319,28.45647175260259,32.9636422720151,42.971552369733,35.75256228367196,35.19806270147865,40.77302195601216,33.02409595391755,24.585818184051238,72.79004082619784,33.22728002660877,80.63524538024602,67.08895708284902,8.80202267548524,6.1400859085485,961,UP,0.587785252292467,0.8090169943749389
72.24654578685507,65.72069405483795,54.0,85.0,85.0,9.732626044165249,28.54207398948996,28.09940451096345,32.5500197778852,42.37155236973299,35.25335906230283,34.70660180569397,40.203719433191544,58.319438623998,24.686788526543847,73.147108067837,33.76178212773321,81.23524538024603,67.58816030421815,8.632916622960764,6.709388431369115,962,UP,0.587785252292467,0.8090169943749389
72.59921693823054,66.20610425146292,54.0,85.0,85.0,10.558455196447945,28.17938161904802,27.742337269324263,32.13639728375529,41.771552369732994,34.75415584093369,34.215140909909294,39.63441691037092,57.4936094717153,24.787758869036466,73.50417530947617,34.29628422885767,81.83524538024604,68.08736352558729,8.463810570436273,7.278690954189734,963,UP,0.587785252292467,0.8090169943749389
72.95188808960602,66.69151444808789,54.0,85.0,85.0,11.384284348730652,27.816689248606078,27.385270027685078,31.72277478962535,41.171552369733,34.254952619564556,33.72368001412461,39.0651143875503,56.66778031943258,24.88872921152908,73.86124255111534,34.83078632998213,82.43524538024603,68.58656674695642,8.29470451791176,7.847993477010339,964,UP,0.587785252292467,0.8090169943749389
73.30455924098149,67.17692464471286,54.0,85.0,85.0,12.210113501013327,27.453996878164137,27.028202786045906,31.309152295495462,40.57155236973299,33.75574939819542,33.23221911833994,38.49581186472969,55.841951167149894,24.98969955402169,74.21830979275451,35.3652884311066,83.03524538024602,69.08576996832556,8.125598465387284,8.417295999830955,965,UP,0.587785252292467,0.8090169943749389
73.65723039235696,67.66233484133782,54.0,85.0,85.0,13.035942653296061,27.0913045077222,26.67113554440677,30.89552980136555,39.971552369733,33.25654617682629,32.74075822255526,37.92650934190907,55.016122014867186,25.0906698965143,74.57537703439368,35.89979053223105,83.63524538024602,69.5849731896947,7.956492412862777,8.98659852265158,966,UP,0.587785252292467,0.8090169943749389
74.00990154373244,68.14774503796279,54.0,85.0,85.0,32.125528433859074,26.72861213728026,26.31406830276757,30.481907307235648,39.371552369733,32.75734295545716,32.24929732677058,37.35720681908846,54.190292862584464,25.19164023900691,74.93244427603285,36.434292633355504,84.23524538024603,70.08417641106382,8.249307704749608,9.555901045472199,967,UP,0.587785252292467,0.8090169943749389
74.36257269510791,68.63315523458776,54.0,85.0,85.0,31.689602917055872,26.365919766838317,25.9570010611284,30.068284813105727,38.771552369732994,32.258139734088026,31.757836430985904,36.78790429626783,53.36446371030174,25.292610581499527,75.28951151767203,36.96879473447996,84.83524538024602,70.58337963243297,8.740768600534285,10.125203568292807,968,UP,0.587785252292467,0.8090169943749389
74.71524384648339,69.11856543121273,54.0,85.0,85.0,31.25367740025266,26.003227396396376,25.599933819489227,29.654662318975838,38.171552369733,31.75893651271889,31.266375535201224,36.21860177344722,52.53863455801907,25.448018275653258,75.6465787593112,37.50329683560442,85.43524538024603,19.166125685151027,9.232229496318965,10.694506091113432,969,UP,0.587785252292467,0.8090169943749389
75.06791499785886,69.6039756278377,54.0,85.0,85.0,30.817751883449464,25.640535025954435,25.24286657785009,29.241039824845924,37.571552369733,31.259733291349754,30.774914639416547,35.649299250626605,51.71280540573635,26.14383802813999,76.00364600095035,38.03779893672888,86.03524538024602,18.73102942538747,9.723690392103634,11.263808613934037,970,UP,0.587785252292467,0.8090169943749389
75.42058614923434,70.08938582446267,54.0,85.0,85.0,30.38182636664625,25.27784265551249,24.885799336210905,28.827417330716017,36.971552369733,30.760530069980618,30.28345374363187,35.07999672780598,50.88697625345363,26.8396577806267,30.650663874309256,38.572301037853336,86.63524538024603,18.295933165623715,10.215151287888315,11.833111136754662,971,UP,0.587785252292467,0.8090169943749389
75.77325730060981,70.57479602108764,54.0,85.0,85.0,29.94590084984304,24.915150285070553,24.52873209457172,28.413794836586085,36.371552369733,30.26132684861149,29.79199284784719,34.51069420498536,50.06114710117094,27.53547753311342,30.771575964959094,39.10680313897779,87.23524538024603,17.860836905860054,10.70661218367299,12.4024136595753,972,UP,0.587785252292467,0.8090169943749389
76.12592845198529,71.0602062177126,54.0,85.0,85.0,29.509975333039847,24.552457914628608,24.171664852932548,28.000172342456196,35.771552369733,29.762123627242353,29.300531952062514,33.94139168216474,49.23531794888826,28.23129728560017,30.89248805560895,39.64130524010225,87.83524538024602,17.425740646096372,11.198073079457668,12.97171618239589,973,UP,0.587785252292467,0.8090169943749389
76.47859960336076,71.54561641433757,54.0,85.0,85.0,29.074049816236656,24.18976554418667,23.814597611293408,27.586549848326285,35.171552369733,29.262920405873217,28.809071056277837,33.37208915934413,48.409488796605544,28.92711703808692,31.01340014625881,40.17580734122671,88.43524538024603,16.990644386332768,11.68953397524235,13.541018705216507,974,UP,0.587785252292467,0.8090169943749389
76.83127075473624,72.03102661096254,54.0,85.0,85.0,28.638124299433436,23.82707317374473,23.457530369654208,27.172927354196382,34.57155236973299,28.763717184504085,28.317610160493157,32.80278663652351,47.58365964432286,29.62293679057361,31.13431223690867,40.71030944235116,89.03524538024602,16.55554812656903,12.180994871027025,14.110321228037138,975,UP,0.587785252292467,0.8090169943749389
77.18394190611171,72.51643680758751,54.0,85.0,85.0,28.202198782630227,23.46438080330279,23.10046312801504,26.75930486006645,33.971552369733,28.264513963134952,27.826149264708476,32.2334841137029,46.757830492040135,30.31875654306035,31.25522432755852,41.24481154347561,89.63524538024602,16.120451866805332,12.672455766811705,14.679623750857758,976,UP,0.587785252292467,0.8090169943749389
77.53661305748719,73.00184700421248,54.0,85.0,85.0,27.766273265827017,23.101688432860847,22.74339588637587,26.345682365936568,33.37155236973298,27.765310741765813,27.334688368923796,31.66418159088228,45.93200133975742,31.01457629554709,31.376136418208368,41.77931364460008,90.23524538024604,15.685355607041615,13.163916662596382,42.992246217412436,977,UP,0.587785252292467,0.8090169943749389
77.88928420886266,73.48725720083745,54.0,85.0,85.0,27.330347749023815,22.738996062418902,22.38632864473673,25.93205987180665,32.771552369733,27.266107520396684,26.843227473139127,31.094879068061655,45.10617218747472,31.710396048033832,31.497048508858224,42.313815745724526,90.83524538024602,15.250259347278062,13.65537755838106,42.31727565253213,978,UP,0.587785252292467,0.8090169943749389
78.24195536023814,73.97266739746242,54.0,85.0,85.0,26.894422232220602,22.37630369197697,22.029261403097546,25.51843737767675,32.17155236973299,26.766904299027548,26.351766577354443,30.525576545241037,44.280343035192026,32.40621580052055,31.61796059950808,42.84831784684899,91.43524538024603,14.815163087514302,14.146838454165735,41.64230508765185,979,UP,0.587785252292467,0.8090169943749389
78.59462651161361,74.45807759408738,54.0,85.0,85.0,26.45849671541739,22.013611321535027,21.67219416145836,25.10481488354682,31.57155236973299,26.267701077658415,25.860305681569766,29.956274022420416,43.45451388290931,33.1020355530073,31.738872690157926,43.38281994797345,92.03524538024602,14.868906668950052,14.638299349950422,40.96733452277154,980,UP,0.587785252292467,0.8090169943749389
78.94729766298909,74.94348779071235,54.0,85.0,85.0,26.022571198614205,21.650918951093086,21.315126919819193,24.691192389416923,30.97155236973299,25.768497856289276,25.36884478578509,29.3869714995998,42.62868473062662,33.79785530549401,31.859784780807775,43.91732204909792,92.63524538024603,15.368109890319193,15.129760245735099,40.29236395789122,981,UP,0.587785252292467,0.8090169943749389
79.29996881436456,75.42889798733732,54.0,85.0,85.0,25.586645681810996,21.28822658065115,20.95805967818005,24.27756989528702,30.371552369732996,25.269294634920147,24.87738389000041,28.817668976779174,41.802855578343895,34.49367505798075,31.980696871457624,44.451824150222365,93.23524538024603,15.86731311168832,15.621221141519777,39.61739339301091,982,UP,0.587785252292467,0.8090169943749389
79.65263996574004,75.91430818396229,54.0,85.0,85.0,25.150720165007794,20.925534210209204,20.600992436540853,23.863947401157116,29.771552369732994,24.770091413551008,24.385922994215733,28.24836645395857,40.97702642606118,35.189494810467465,32.10160896210749,44.98632625134683,93.83524538024604,16.366516333057447,16.11268203730446,38.9424228281306,983,UP,0.587785252292467,0.8090169943749389
80.00531111711551,76.39971838058726,54.0,85.0,85.0,24.714794648204588,20.562841839767263,20.243925194901678,23.450324907027188,29.171552369733,24.27088819218188,23.894462098431053,27.679063931137954,40.15119727377849,35.88531456295423,32.222521052757344,45.52082835247129,94.43524538024603,16.865719554426597,16.604142933089136,38.26745226325033,984,UP,0.587785252292467,0.8090169943749389
80.35798226849099,76.88512857721223,54.0,85.0,85.0,24.278869131401365,20.20014946932532,19.88685795326251,23.036702412897295,28.571552369732995,23.771684970812743,23.403001202646372,27.109761408317336,39.3253681214958,82.64136989719556,32.343433143407196,46.055330453595744,95.03524538024604,17.364922775795723,17.095603828873813,37.59248169837001,985,UP,0.587785252292467,0.8090169943749389
80.71065341986646,77.3705387738372,54.0,85.0,85.0,23.84294361459819,19.83745709888338,19.52979071162337,22.623079918767395,27.97155236973299,23.27248174944361,22.911540306861696,26.540458885496708,38.49953896921308,83.00406226763751,32.464345234057035,46.589832554720196,95.63524538024603,17.864125997164855,17.587064724658486,36.9175111334897,986,UP,0.587785252292467,0.8090169943749389
81.06332457124194,77.85594897046217,54.0,85.0,85.0,23.407018097794975,19.47476472844144,19.172723469984188,22.209457424637478,27.37155236973299,22.773278528074474,22.42007941107702,25.971156362676094,37.67370981693039,83.36675463807944,32.5852573247069,47.12433465584465,96.23524538024604,18.36332921853399,18.078525620443166,36.242540568609385,987,UP,0.587785252292467,0.8090169943749389
81.41599572261741,78.34135916708713,54.0,85.0,85.0,22.97109258099177,19.1120723579995,18.815656228345002,21.795834930507546,26.771552369732994,22.27407530670534,21.92861851529234,25.40185383985549,36.847880664647704,83.72944700852139,32.706169415356754,47.65883675696911,96.83524538024604,18.86253243990313,18.56998651622784,35.56757000372911,988,UP,0.587785252292467,0.8090169943749389
81.76866687399288,78.8267693637121,54.0,85.0,85.0,22.53516706418857,18.74937998755756,18.45858898670583,21.382212436377657,26.17155236973299,21.774872085336206,21.437157619507662,24.832551317034852,36.02205151236498,84.09213937896332,32.82708150600661,48.19333885809356,97.43524538024603,19.36173566127225,19.06144741201252,34.89259943884879,989,UP,0.587785252292467,0.8090169943749389
82.12133802536836,79.31217956033707,54.0,85.0,85.0,22.099241547385372,18.38668761711562,18.10152174506669,20.96858994224776,25.571552369732995,21.275668863967073,20.945696723722985,24.26324879421423,35.19622236008226,84.45483174940527,32.947993596656474,48.72784095921803,98.03524538024602,19.8609388826414,20.086641551605172,34.21762887396845,990,UP,0.587785252292467,0.8090169943749389
82.47400917674383,79.79758975696204,54.0,85.0,85.0,21.663316030582152,18.023995246673678,17.74445450342749,20.554967448117843,24.97155236973299,20.776465642597937,20.454235827938305,23.693946271393614,34.37039320779958,84.8175241198472,33.06890568730632,49.26234306034248,98.63524538024603,20.360142104010528,21.851191416090757,33.54265830908817,991,UP,0.587785252292467,0.8090169943749389
82.82668032811931,80.28299995358701,54.0,85.0,85.0,21.227390513778943,17.661302876231737,17.387387261788323,20.141344953987915,24.371552369732996,20.277262421228805,19.96277493215363,23.124643748573003,33.54456405551685,84.46087650120751,33.27516170241265,49.79684516146695,99.23524538024604,20.859345325379664,23.615741280576376,32.86768774420789,992,UP,0.587785252292467,0.8090169943749389
83.17935147949478,80.76841015021198,54.0,85.0,85.0,20.79146499697573,17.298610505789796,17.03032002014915,19.727722459858033,23.771552369732987,19.77805919985967,19.471314036368952,22.5553412257524,32.718734903234136,82.38154543801019,33.833725485832886,50.3313472625914,99.83524538024604,21.35854854674879,25.380291145061957,32.19271717932757,993,UP,0.587785252292467,0.8090169943749389
83.53202263087026,81.25382034683695,54.0,85.0,85.0,20.35553948017253,16.935918135347855,16.67325277851001,19.314099965728122,23.17155236973299,19.278855978490533,18.979853140584275,21.98603870293177,31.892905750951478,80.30221437481293,34.3922892692531,50.86584936371585,100.43524538024604,21.857751768117915,27.144841009547584,31.51774661444727,994,UP,0.587785252292467,0.8090169943749389
83.88469378224573,81.73923054346191,54.0,85.0,85.0,19.91961396336931,16.573225764905914,16.31618553687083,18.900477471598208,22.571552369732988,18.7796527571214,18.48839224479959,21.41673618011115,31.067076598668756,78.22288331161569,34.95085305267333,51.40035146484031,101.03524538024604,22.356954989487072,28.90939087403311,30.842776049566915,995,UP,0.587785252292467,0.8090169943749389
84.23736493362121,82.22464074008688,54.0,85.0,85.0,19.483688446566106,16.210533394463972,15.959118295231642,18.48685497746828,21.971552369732994,18.280449535752265,17.996931349014915,20.847433657290527,30.241247446386037,76.1435522484184,35.50941683609356,52.10471870843782,101.63524538024603,22.856158210856197,30.67394073851875,30.167805484686678,996,UP,0.587785252292467,0.8090169943749389
84.59003608499668,82.71005093671185,54.0,85.0,85.0,19.04776292976292,15.847841024022031,15.602051053592472,18.073232483338398,21.37155236973299,17.78124631438314,17.505470453230238,20.27813113446991,29.415418294103347,74.06422118522114,36.06798061951377,53.03373599078931,102.23524538024604,23.35536143222533,32.438490603004325,29.49283491980636,997,UP,0.587785252292467,0.8090169943749389
84.94270723637216,83.19546113333682,54.0,85.0,85.0,18.611837412959726,15.485148653580096,15.244983811953334,17.659609989208487,20.771552369732994,17.282043093014003,17.01400955744556,19.708828611649306,28.58958914182063,71.98489012202391,36.62654440293401,53.96275327314081,102.83524538024604,23.85456465359447,84.2325030213548,28.817864354926048,998,UP,0.587785252292467,0.8090169943749389
85.29537838774763,83.68087132996179,54.0,85.0,85.0,18.175911896156514,15.12245628313815,14.887916570314133,17.245987495078577,20.171552369732993,16.78283987164486,16.52254866166088,19.13952608882868,27.763759989537938,69.90555905882667,37.18510818635422,54.8917705554923,103.43524538024604,24.353767874963598,84.72396391713947,28.1428937900457,999,UP,0.587785252292467,0.8090169943749389
85.64804953912311,84.16628152658676,54.0,85.0,85.0,17.739986379353308,14.759763912696211,14.530849328674963,16.832365000948656,19.571552369733,16.283636650275728,16.0310877658762,18.57022356600806,26.937930837255248,67.82622799562938,37.74367196977445,55.82078783784379,104.03524538024604,24.852971096332734,85.21542481292416,27.46792322516543,1000,UP,0.587785252292467,0.8090169943749389
