robot_pos_x,robot_pos_y,robot_pos_theta,goal_pos_x,goal_pos_y,dist_sensor_0,dist_sensor_1,dist_sensor_2,dist_sensor_3,dist_sensor_4,dist_sensor_5,dist_sensor_6,dist_sensor_7,dist_sensor_8,dist_sensor_9,dist_sensor_10,dist_sensor_11,dist_sensor_12,dist_sensor_13,dist_sensor_14,dist_sensor_15,step,command_type,trajectory_x,trajectory_y
5.680000000000016,2.517540511302467,147.0,85.0,85.0,116.2345063896903,99.142611685726,27.31929107814681,10.028138162528412,6.772623503308215,5.776731909808014,5.806894578833392,4.444761281180194,3.001822893904515,2.5604148954005876,2.573783863921784,3.054799794084858,4.622401901900048,13.814762541516355,96.42716490766954,114.44849260003271,141,RIGHT,0.5446390350150252,0.8386705679454204
5.680000000000016,2.517540511302467,143.99999999999997,85.0,85.0,120.4949465418996,100.25244245402973,36.309134298118295,10.870843258847803,7.020866112198841,5.84139830001841,5.750801914475883,4.818272587353629,3.1118512080794374,2.5890769124911452,2.548921970452256,2.9526412390033343,4.283095741996909,10.784281468345737,95.49571066432442,110.62110834463324,142,RIGHT,0.587785252292471,0.8090169943749439
5.680000000000016,2.517540511302467,140.99999999999997,85.0,85.0,125.43648725387476,101.66922513552379,54.33926628631236,11.903794864647772,7.308794334273227,5.923949824396182,5.711287027920799,5.276106656687495,3.2394693354420365,2.625666139056429,2.531407828251209,2.864692181148774,4.000411471019855,8.864100332068077,94.83954092843085,107.32608484864573,143,RIGHT,0.6293203910498352,0.7771459614569675
5.680000000000016,2.517540511302467,138.0,85.0,85.0,131.17558805051908,103.41414038093197,97.61623915184435,13.193620424909298,7.643193904164255,6.02562061364281,5.687794925268217,5.8477947025452,3.3876849101185815,2.6707295775677813,2.5209954479477674,2.7892549933559776,3.7624052574756988,7.541907668048822,94.4494396745239,104.49982027785819,144,RIGHT,0.6691306063588557,0.7431448254773909
5.680000000000016,2.517540511302467,134.99999999999997,85.0,85.0,133.38862320303028,105.51425381588551,97.48245948869753,14.8425552809957,8.032733034279222,6.147987697660826,5.680000000000026,6.147987697660824,3.560339934907656,2.7249662133539267,2.5175405113024776,2.7249662133539236,3.5603399349076534,6.57865038928749,94.32,102.09123233157854,145,RIGHT,0.7071067811865448,0.7071067811865444
5.680000000000016,2.517540511302467,131.99999999999997,85.0,85.0,126.92007905647333,108.00359941489069,97.61623915184435,17.015827694607736,8.488626803231021,6.2930341303884365,5.687794925268218,6.025620613642809,3.762405257475706,2.789254993355981,2.5209954479477674,2.6707295775677795,3.387684910118579,5.847794702545199,48.103458731430855,100.05924934485688,146,RIGHT,0.7431448254773914,0.6691306063588551
5.680000000000016,2.517540511302467,129.0,85.0,85.0,121.36716225504348,110.92462593658426,98.01942012810044,19.99891944543086,9.025609341093503,6.463233269087265,5.7112870279208,5.923949824396181,4.000411471019861,2.8646921811487775,2.53140782825121,2.625666139056427,3.2394693354420343,5.276106656687492,24.084736660253775,98.37094145018399,147,RIGHT,0.7771459614569678,0.6293203910498345
5.680000000000016,2.517540511302467,125.99999999999997,85.0,85.0,116.58593163778013,114.33012842239762,98.69759060834807,24.331174996073255,9.663393182879226,6.661661316767601,5.7508019144758835,5.84139830001841,4.283095741996917,2.9526412390033383,2.5489219704522568,2.5890769124911435,3.111851208079437,4.818272587353627,16.09325995173127,97.00012106650244,148,RIGHT,0.8090169943749442,0.5877852522924704
5.680000000000016,2.517540511302467,122.99999999999999,85.0,85.0,112.46370578028653,118.2858412152799,99.66027562258117,31.16845623080656,10.428925645851505,6.892148409331948,5.806894578833393,5.776731909808014,4.62240190190006,3.0547997940848632,2.5737838639217854,2.5604148954005868,3.001822893904514,4.4447612811801935,12.108701061496125,95.92629467131853,149,RIGHT,0.8386705679454207,0.5446390350150244
5.680000000000016,2.517540511302467,119.99999999999999,85.0,85.0,108.91135477993099,122.87395103537641,100.92126831643947,43.516170229069665,11.360000000000067,7.1594833115783345,5.8803687047293,5.729012496095294,5.035081022604949,3.173290365650068,2.6063497245688767,2.539264269133443,2.907005383792545,4.135512519907711,9.727029594384131,95.13388356191997,150,RIGHT,0.8660254037844352,0.49999999999999756
5.680000000000016,2.517540511302467,116.99999999999997,85.0,85.0,105.85781073367289,128.19791519096628,102.49912367820271,72.39441070927647,12.511275022844389,7.469694159379692,5.9723054336733865,5.697563687382475,5.545359457404462,3.3107847981122864,2.647098745624048,2.5253252462519775,2.8255017701421936,3.8764309443617577,8.146932230684346,94.6116561609001,151,RIGHT,0.8910065241883642,0.45399049973954453
5.680000000000016,2.517540511302467,113.99999999999999,85.0,85.0,103.24609378869032,134.3891697643757,104.41784844874289,97.51587574380162,13.964810146061764,7.830439324832181,6.0841035638583545,5.681947061348156,6.189608323126423,3.4706775037959403,2.6966509149600553,2.518403505285207,2.755791176280353,3.6573309747599,7.025015809858939,94.35233218773867,152,RIGHT,0.9135454576425971,0.4067366430757981
5.680000000000016,2.517540511302467,110.99999999999997,85.0,85.0,101.03039579984456,130.02940794333938,106.70783667432437,97.51587574380163,15.849631662672014,8.251561332726627,6.217534061914376,5.681947061348156,6.084103563858351,3.657330974759902,2.7557911762803546,2.5184035052852076,2.6966509149600553,3.4706775037959368,6.189608323126401,94.35233218773867,153,RIGHT,0.9335804264971977,0.3583679495452983
5.680000000000016,2.517540511302467,107.99999999999997,85.0,85.0,99.17391699015332,124.03900582969877,109.40712199329393,97.7838946020306,18.380866112198937,8.745888165503079,6.374813029763201,5.697563687382475,5.972305433673385,3.8764309443617604,2.825501770142195,2.5253252462519784,2.6470987456240476,3.3107847981122847,5.545359457404447,32.08729960430793,154,RIGHT,0.9510565162951494,0.3090169943749457
5.680000000000016,2.517540511302467,104.99999999999999,85.0,85.0,97.64724933627902,118.88775808944808,112.5630484541327,98.32363178888184,21.945834773287796,9.330420308082065,6.558699057994183,5.729012496095294,5.880368704729299,4.135512519907715,2.9070053837925474,2.5392642691334446,2.606349724568877,3.1732903656500673,5.035081022604935,19.287627015566173,155,RIGHT,0.965925826289064,0.25881904510251924
5.680000000000016,2.517540511302467,101.99999999999997,85.0,85.0,96.42716490766955,114.44849260003276,116.2345063896903,99.14261168572598,27.319291078146897,10.028138162528407,6.772623503308216,5.776731909808015,5.806894578833393,4.444761281180201,3.001822893904517,2.5604148954005885,2.5737838639217863,3.0547997940848637,4.62240190190005,13.814762541516291,156,RIGHT,0.9781476007338011,0.20791169081775804
5.680000000000016,2.517540511302467,98.99999999999997,85.0,85.0,95.49571066432443,110.6211083446333,120.49494654189962,100.25244245402973,36.30913429811846,10.8708432588478,7.020866112198842,5.841398300018411,5.750801914475884,4.818272587353635,3.1118512080794396,2.589076912491146,2.5489219704522577,2.9526412390033383,4.283095741996908,10.7842814683457,157,RIGHT,0.9876883405951331,0.1564344650402298
5.680000000000016,2.517540511302467,95.99999999999999,85.0,85.0,94.83954092843086,107.32608484864575,125.43648725387477,101.6692251355238,54.33926628631273,11.90379486464777,7.308794334273228,5.923949824396182,5.7112870279208,5.276106656687502,3.239469335442038,2.62566613905643,2.5314078282512114,2.864692181148779,4.000411471019855,8.864100332068048,158,RIGHT,0.9945218953682686,0.10452846326765262
5.680000000000016,2.517540511302467,92.99999999999997,85.0,85.0,94.4494396745239,104.4998202778582,131.1755880505191,103.41414038093197,97.61623915184435,13.193620424909295,7.643193904164256,6.025620613642811,5.68779492526822,5.84779470254521,3.3876849101185833,2.6707295775677826,2.5209954479477696,2.789254993355982,3.7624052574757005,7.541907668048801,159,RIGHT,0.9986295347545691,0.05233595624294323
5.680000000000016,2.517540511302467,89.99999999999997,85.0,85.0,94.31999999999998,102.09123233157858,133.38862320303022,105.51425381588551,97.48245948869754,14.842555280995697,8.032733034279222,6.1479876976608265,5.680000000000028,6.147987697660825,3.5603399349076583,2.7249662133539285,2.51754051130248,2.7249662133539276,3.5603399349076525,6.5786503892874775,160,RIGHT,0.9999999999999951,-3.5412157530794002e-16
5.680000000000016,2.517540511302467,86.99999999999999,85.0,85.0,48.10345873143139,100.0592493448569,126.92007905647333,108.0035994148907,97.61623915184435,17.01582769460773,8.488626803231021,6.293034130388438,5.68779492526822,6.025620613642809,3.762405257475708,2.7892549933559834,2.5209954479477696,2.670729577567783,3.387684910118579,5.847794702545187,161,RIGHT,0.998629534754569,-0.05233595624294393
5.680000000000016,2.517540511302467,83.99999999999997,85.0,85.0,24.084736660253906,98.37094145018402,121.3671622550435,110.92462593658429,98.01942012810046,19.998919445430857,9.025609341093507,6.463233269087265,5.711287027920802,5.923949824396182,4.000411471019864,2.8646921811487798,2.5314078282512122,2.62566613905643,3.239469335442035,5.2761066566874835,162,RIGHT,0.9945218953682684,-0.10452846326765332
5.680000000000016,2.517540511302467,80.99999999999997,85.0,85.0,16.093259951731326,97.00012106650246,116.58593163778012,114.3301284223976,98.69759060834805,24.331174996073244,9.663393182879226,6.661661316767601,5.750801914475886,5.841398300018412,4.2830957419969184,2.9526412390033405,2.5489219704522585,2.5890769124911475,3.111851208079437,4.818272587353622,163,RIGHT,0.9876883405951328,-0.15643446504023045
5.680000000000016,2.517540511302467,77.99999999999999,85.0,85.0,12.108701061496165,95.92629467131856,112.46370578028653,118.2858412152799,99.66027562258118,31.16845623080653,10.428925645851503,6.892148409331948,5.806894578833395,5.776731909808015,4.622401901900062,3.0547997940848655,2.5737838639217876,2.56041489540059,3.0018228939045146,4.44476128118019,164,RIGHT,0.9781476007338007,-0.20791169081775865
5.680000000000016,2.517540511302467,74.99999999999997,85.0,85.0,9.727029594384152,95.13388356191999,108.91135477993097,122.87395103537645,100.92126831643948,43.51617022906963,11.360000000000067,7.1594833115783345,5.880368704729301,5.729012496095295,5.035081022604951,3.1732903656500713,2.606349724568879,2.5392642691334464,2.907005383792545,4.135512519907708,165,RIGHT,0.9659258262890633,-0.2588190451025198
5.680000000000016,2.517540511302467,71.99999999999997,85.0,85.0,8.146932230684362,94.6116561609001,105.85781073367288,128.19791519096628,102.49912367820274,72.39441070927636,12.511275022844387,7.469694159379692,5.972305433673388,5.697563687382477,5.545359457404466,3.310784798112289,2.6470987456240507,2.525325246251981,2.8255017701421936,3.8764309443617537,166,RIGHT,0.9510565162951485,-0.3090169943749462
5.680000000000016,2.517540511302467,68.99999999999999,85.0,85.0,7.0250158098589495,94.35233218773867,103.2460937886903,134.38916976437574,104.41784844874292,97.51587574380162,13.964810146061758,7.83043932483218,6.084103563858355,5.681947061348158,6.189608323126426,3.470677503795942,2.6966509149600575,2.5184035052852103,2.7557911762803546,3.6573309747598968,167,RIGHT,0.9335804264971967,-0.35836794954529877
5.680000000000016,2.517540511302467,65.99999999999997,85.0,85.0,6.1896083231264125,94.35233218773867,101.03039579984456,130.02940794333935,106.70783667432441,97.51587574380162,15.84963166267201,8.251561332726627,6.217534061914376,5.681947061348158,6.084103563858353,3.6573309747599057,2.7557911762803573,2.5184035052852103,2.6966509149600557,3.470677503795936,168,RIGHT,0.913545457642596,-0.40673664307579843
5.680000000000016,2.517540511302467,62.99999999999997,85.0,85.0,5.545359457404454,32.08729960430815,99.17391699015334,124.03900582969877,109.40712199329398,97.7838946020306,18.380866112198927,8.745888165503079,6.374813029763201,5.697563687382477,5.9723054336733865,3.8764309443617644,2.8255017701421976,2.525325246251981,2.6470987456240485,3.3107847981122838,169,RIGHT,0.891006524188363,-0.45399049973954475
5.680000000000016,2.517540511302467,59.999999999999986,85.0,85.0,5.035081022604944,19.287627015566255,97.647249336279,118.88775808944808,112.56304845413273,98.32363178888185,21.945834773287796,9.330420308082063,6.558699057994182,5.7290124960952955,5.8803687047293,4.13551251990772,2.9070053837925496,2.5392642691334464,2.606349724568878,3.173290365650066,170,RIGHT,0.8660254037844339,-0.49999999999999767
5.680000000000016,2.517540511302467,56.999999999999986,85.0,85.0,4.622401901900055,13.814762541516334,96.42716490766954,114.44849260003275,116.23450638969035,99.142611685726,27.31929107814689,10.02813816252841,6.772623503308215,5.776731909808017,5.806894578833395,4.444761281180206,3.0018228939045204,2.5604148954005908,2.5737838639217867,3.054799794084861,171,RIGHT,0.8386705679454195,-0.5446390350150245
5.680000000000016,2.517540511302467,53.99999999999998,85.0,85.0,4.283095741996914,10.784281468345727,95.49571066432442,110.6211083446333,120.49494654189967,100.25244245402973,36.309134298118444,10.870843258847804,7.020866112198839,5.8413983000184135,5.750801914475885,4.818272587353642,3.111851208079443,2.5890769124911484,2.548921970452258,2.9526412390033374,172,RIGHT,0.809016994374943,-0.5877852522924704
5.680000000000016,2.517540511302467,50.999999999999986,85.0,85.0,4.000411471019861,8.864100332068066,94.83954092843088,107.32608484864575,125.43648725387486,101.66922513552379,54.33926628631269,11.903794864647772,7.308794334273226,5.923949824396185,5.711287027920802,5.27610665668751,3.239469335442042,2.625666139056432,2.531407828251212,2.8646921811487775,173,RIGHT,0.7771459614569666,-0.6293203910498344
5.680000000000016,2.517540511302467,47.999999999999986,85.0,85.0,3.7624052574757054,7.541907668048817,94.4494396745239,104.4998202778582,131.1755880505192,103.41414038093195,97.61623915184434,13.193620424909291,7.643193904164252,6.025620613642813,5.6877949252682205,5.847794702545219,3.3876849101185873,2.6707295775677844,2.5209954479477696,2.7892549933559816,174,RIGHT,0.7431448254773901,-0.6691306063588549
5.680000000000016,2.517540511302467,44.99999999999998,85.0,85.0,3.560339934907657,6.5786503892874855,94.32,102.0912323315786,133.38862320303016,105.5142538158855,97.48245948869756,14.842555280995695,8.032733034279218,6.147987697660828,5.68000000000003,6.147987697660823,3.560339934907663,2.72496621335393,2.5175405113024802,2.7249662133539276,175,UP,0.707106781186544,0.7071067811865436
6.1042640687119425,2.9418045800143933,44.99999999999998,85.0,85.0,4.160339934907654,7.687305828301025,93.89573593128807,101.63201221274046,132.78862320303014,105.0550336970474,97.05819541998562,15.95121072000924,8.632733034279216,6.607207816498935,6.104264068711956,6.607207816498929,4.16033993490766,3.184186332192035,2.9418045800144066,3.1841863321920325,176,UP,0.707106781186544,0.7071067811865436
6.528528137423869,3.3660686487263196,44.99999999999998,85.0,85.0,4.760339934907651,8.795961267314564,93.47147186257615,101.17279209390237,132.18862320303015,104.59581357820927,96.63393135127369,17.05986615902277,9.232733034279214,7.066427935337041,6.5285281374238835,7.0664279353370345,4.760339934907659,3.64340645103014,3.366068648726333,3.6434064510301383,177,UP,0.707106781186544,0.7071067811865436
6.952792206135796,3.790332717438246,44.99999999999998,85.0,85.0,5.360339934907648,9.904616706328099,93.04720779386422,100.71357197506427,131.58862320303015,104.13659345937118,96.20966728256178,18.168521598036317,9.83273303427921,7.525648054175146,6.952792206135809,7.525648054175139,5.360339934907656,4.102626569868246,3.7903327174382593,4.102626569868242,178,UP,0.707106781186544,0.7071067811865436
7.377056274847723,4.214596786150172,44.99999999999998,85.0,85.0,5.960339934907644,11.013272145341638,92.6229437251523,100.25435185622617,130.98862320303016,103.67737334053307,95.78540321384986,19.277177037049853,10.432733034279208,7.984868173013253,7.377056274847737,7.984868173013245,5.960339934907653,4.561846688706351,4.214596786150185,4.561846688706348,179,UP,0.707106781186544,0.7071067811865436
7.80132034355965,4.638860854862098,44.99999999999998,85.0,85.0,6.560339934907638,12.12192758435517,92.19867965644036,99.79513173738806,130.3886232030302,103.21815322169496,95.36113914513793,20.3858324760634,11.032733034279206,8.444088291851358,7.801320343559663,8.444088291851351,6.56033993490765,5.021066807544456,4.638860854862111,5.021066807544452,180,UP,0.707106781186544,0.7071067811865436
8.225584412271576,5.063124923574024,44.99999999999998,85.0,85.0,7.160339934907636,13.23058302336871,91.77441558772844,99.33591161854993,129.78862320303017,102.75893310285687,94.93687507642599,21.494487915076935,11.632733034279205,8.903308410689466,8.22558441227159,8.903308410689457,7.160339934907646,5.4802869263825595,5.063124923574037,5.480286926382558,181,UP,0.707106781186544,0.7071067811865436
8.649848480983502,5.48738899228595,44.99999999999998,85.0,85.0,7.760339934907633,14.339238462382246,91.3501515190165,98.87669149971185,129.18862320303018,102.29971298401878,94.51261100771407,22.603143354090474,12.232733034279201,9.36252852952757,8.649848480983517,9.362528529527562,7.760339934907643,5.939507045220665,5.487388992285963,5.939507045220662,182,UP,0.707106781186544,0.7071067811865436
9.074112549695428,5.9116530609978755,44.99999999999998,85.0,85.0,8.360339934907628,15.447893901395782,90.92588745030459,98.41747138087375,128.58862320303018,101.84049286518065,94.08834693900214,23.71179879310401,12.832733034279197,9.821748648365674,9.074112549695442,9.821748648365666,8.360339934907639,6.39872716405877,5.911653060997889,6.3987271640587675,183,UP,0.707106781186544,0.7071067811865436
9.498376618407354,6.335917129709801,44.99999999999998,85.0,85.0,8.960339934907624,16.55654934040932,90.50162338159267,97.95825126203565,127.98862320303019,101.38127274634253,93.66408287029023,24.820454232117545,13.432733034279192,10.28096876720378,9.498376618407368,10.28096876720377,8.960339934907637,6.857947282896876,6.335917129709815,6.8579472828968715,184,UP,0.707106781186544,0.7071067811865436
9.92264068711928,6.760181198421727,44.99999999999998,85.0,85.0,9.56033993490762,17.665204779422858,90.07735931288073,97.49903114319754,127.3886232030302,100.92205262750444,93.2398188015783,25.929109671131084,14.03273303427919,10.740188886041887,9.922640687119294,10.740188886041874,9.560339934907635,7.317167401734981,6.760181198421741,7.317167401734976,185,UP,0.707106781186544,0.7071067811865436
10.346904755831206,7.184445267133653,44.99999999999998,85.0,85.0,10.160339934907618,18.77386021843639,89.65309524416881,97.03981102435941,126.78862320303018,100.46283250866632,92.81555473286637,27.037765110144623,14.632733034279187,11.19940900487999,10.34690475583122,11.19940900487998,10.160339934907629,7.776387520573086,7.1844452671336665,7.77638752057308,186,UP,0.707106781186544,0.7071067811865436
10.771168824543132,7.608709335845579,44.99999999999998,85.0,85.0,10.760339934907613,19.882515657449932,89.22883117545689,96.58059090552132,126.18862320303019,100.00361238982826,92.39129066415444,28.146420549158158,15.232733034279182,11.658629123718095,10.771168824543146,11.658629123718084,10.760339934907629,8.235607639411189,7.608709335845592,8.235607639411185,187,UP,0.707106781186544,0.7071067811865436
11.195432893255058,8.032973404557506,44.99999999999998,85.0,85.0,11.360339934907612,20.991171096463468,88.80456710674495,96.12137078668323,125.5886232030302,99.54439227099012,91.9670265954425,29.25507598817169,15.832733034279183,12.117849242556199,11.195432893255072,12.11784924255619,11.360339934907628,8.694827758249296,8.03297340455752,8.694827758249291,188,UP,0.707106781186544,0.7071067811865436
11.619696961966984,8.457237473269432,44.99999999999998,85.0,85.0,11.960339934907605,22.099826535477,88.38030303803303,95.66215066784511,124.9886232030302,99.08517215215201,91.5427625267306,30.36373142718523,16.432733034279174,12.577069361394305,11.619696961966998,12.577069361394292,11.960339934907624,9.1540478770874,8.457237473269444,9.154047877087397,189,UP,0.707106781186544,0.7071067811865436
12.04396103067891,8.881501541981358,44.99999999999998,85.0,85.0,12.560339934907603,23.20848197449054,87.9560389693211,95.20293054900701,124.38862320303022,98.62595203331391,91.11849845801868,31.472386866198768,17.032733034279175,13.03628948023241,12.043961030678924,13.0362894802324,12.560339934907622,9.613267995925504,8.881501541981372,9.6132679959255,190,UP,0.707106781186544,0.7071067811865436
12.468225099390835,9.305765610693284,44.99999999999998,85.0,85.0,13.1603399349076,24.317137413504078,87.53177490060918,94.7437104301689,123.78862320303021,98.1667319144758,90.69423438930674,32.58104230521231,17.63273303427917,13.495509599070516,12.46822509939085,13.495509599070502,13.160339934907618,10.07248811476361,9.305765610693296,10.072488114763605,191,UP,0.707106781186544,0.7071067811865436
12.892489168102761,9.73002967940521,44.99999999999998,85.0,85.0,13.760339934907597,25.425792852517613,87.10751083189726,94.2844903113308,123.18862320303022,97.70751179563773,90.26997032059481,33.68969774422585,18.232733034279164,13.95472971790862,12.892489168102776,13.954729717908608,13.760339934907615,10.531708233601716,9.730029679405224,10.531708233601709,192,UP,0.707106781186544,0.7071067811865436
13.316753236814687,10.154293748117135,44.99999999999998,85.0,85.0,14.360339934907591,26.53444829153115,86.68324676318532,93.8252701924927,122.58862320303021,97.2482916767996,89.84570625188287,34.798353183239385,18.832733034279162,14.413949836746726,13.316753236814701,14.413949836746712,14.360339934907612,10.99092835243982,10.154293748117148,10.990928352439814,193,UP,0.707106781186544,0.7071067811865436
13.741017305526613,10.578557816829061,44.99999999999998,85.0,85.0,14.960339934907585,27.643103730544688,86.2589826944734,93.36605007365458,121.98862320303026,96.78907155796149,89.42144218317097,35.90700862225292,19.43273303427916,14.873169955584832,13.741017305526627,14.873169955584816,14.960339934907608,11.450148471277924,10.578557816829075,11.450148471277918,194,UP,0.707106781186544,0.7071067811865436
14.165281374238539,11.002821885540987,44.99999999999998,85.0,85.0,15.560339934907585,28.75175916955822,85.83471862576147,92.90682995481649,121.38862320303025,96.32985143912339,88.99717811445905,37.015664061266456,20.032733034279154,15.332390074422936,14.165281374238553,15.332390074422921,15.560339934907605,11.90936859011603,11.002821885541,11.909368590116024,195,UP,0.707106781186544,0.7071067811865436
14.589545442950465,11.427085954252913,44.99999999999998,85.0,85.0,16.160339934907576,29.860414608571755,85.41045455704955,92.44760983597837,120.78862320303024,95.87063132028528,88.57291404574711,38.12431950027999,20.63273303427915,15.791610193261041,14.58954544295048,15.791610193261025,16.160339934907604,12.368588708954134,11.427085954252927,12.368588708954126,196,UP,0.707106781186544,0.7071067811865436
15.01380951166239,11.851350022964839,44.99999999999998,85.0,85.0,16.760339934907574,30.969070047585298,84.98619048833763,91.98838971714025,120.18862320303025,95.4114112014472,88.14864997703518,39.23297493929355,21.23273303427915,16.250830312099144,15.013809511662405,16.25083031209913,16.7603399349076,12.82780882779224,11.851350022964851,12.827808827792232,197,UP,0.707106781186544,0.7071067811865436
15.438073580374317,12.275614091676765,44.99999999999998,85.0,85.0,17.36033993490757,32.07772548659884,84.5619264196257,91.52916959830218,119.58862320303025,94.9521910826091,87.72438590832326,40.34163037830707,21.832733034279144,16.710050430937248,15.438073580374331,16.710050430937237,17.360339934907596,13.287028946630343,12.275614091676779,13.287028946630338,198,UP,0.707106781186544,0.7071067811865436
15.862337649086243,12.69987816038869,44.99999999999998,85.0,85.0,17.96033993490757,33.18638092561237,84.13766235091377,91.06994947946407,118.98862320303026,94.49297096377097,87.30012183961134,41.45028581732061,22.432733034279142,17.169270549775355,15.862337649086257,17.16927054977534,17.960339934907594,13.746249065468449,12.699878160388703,13.746249065468442,199,UP,0.707106781186544,0.7071067811865436
16.28660171779817,13.124142229100617,44.99999999999998,85.0,85.0,18.56033993490756,34.29503636462591,83.71339828220184,90.61072936062597,118.38862320303028,94.03375084493287,86.87585777089942,42.55894125633414,23.032733034279136,17.628490668613466,16.286601717798185,17.628490668613445,18.56033993490759,14.205469184306555,13.12414222910063,14.205469184306546,200,UP,0.707106781186544,0.7071067811865436
16.710865786510098,13.548406297812543,44.99999999999998,85.0,85.0,19.160339934907558,35.40369180363943,83.28913421348992,90.15150924178785,117.78862320303026,93.57453072609476,86.45159370218748,43.6675966953477,23.632733034279138,18.08771078745157,16.710865786510112,18.08771078745155,19.160339934907586,14.664689303144659,13.548406297812555,14.664689303144652,201,UP,0.707106781186544,0.7071067811865436
17.135129855222026,13.972670366524468,44.99999999999998,85.0,85.0,19.76033993490756,36.51234724265298,82.864870144778,89.69228912294975,117.18862320303026,93.11531060725667,86.02732963347555,44.776252134361236,24.23273303427914,18.546930906289678,17.13512985522204,18.54693090628966,19.760339934907588,15.123909421982765,13.972670366524483,15.123909421982756,202,UP,0.707106781186544,0.7071067811865436
17.559393923933953,14.396934435236394,44.99999999999998,85.0,85.0,20.36033993490755,37.62100268166651,82.44060607606606,89.23306900411164,116.58862320303027,92.65609048841857,85.60306556476363,45.88490757337478,24.83273303427914,19.00615102512778,17.559393923933968,19.006151025127764,20.360339934907582,15.583129540820869,14.396934435236407,15.583129540820861,203,UP,0.707106781186544,0.7071067811865436
17.98365799264588,14.82119850394832,44.99999999999998,85.0,85.0,20.96033993490755,38.72965812068006,82.01634200735413,88.77384888527352,115.98862320303027,92.19687036958044,85.17880149605169,46.99356301238832,25.43273303427914,19.465371143965893,17.983657992645895,19.46537114396587,20.96033993490758,16.042349659658974,14.821198503948334,16.042349659658967,204,UP,0.707106781186544,0.7071067811865436
18.40792206135781,15.245462572660246,44.99999999999998,85.0,85.0,21.560339934907542,39.83831355969359,81.5920779386422,88.31462876643542,115.38862320303026,91.73765025074233,84.75453742733978,48.102218451401875,26.032733034279136,19.924591262803997,18.407922061357823,19.924591262803975,21.560339934907578,16.50156977849708,15.245462572660259,16.50156977849707,205,UP,0.707106781186544,0.7071067811865436
18.832186130069736,15.669726641372172,44.99999999999998,85.0,85.0,22.16033993490754,40.94696899870712,81.16781386993028,87.85540864759732,114.78862320303027,91.27843013190423,84.33027335862786,49.21087389041541,26.63273303427913,20.383811381642104,18.83218613006975,20.383811381642083,22.160339934907572,16.960789897335182,15.669726641372186,16.960789897335175,206,UP,0.707106781186544,0.7071067811865436
19.256450198781664,16.0939907100841,44.99999999999998,85.0,85.0,22.760339934907535,42.05562443772067,80.74354980121835,87.39618852875923,114.18862320303026,90.81921001306613,83.90600928991593,50.31952932942896,27.23273303427913,20.84303150048021,19.25645019878168,20.84303150048019,22.760339934907574,17.420010016173293,16.093990710084114,17.42001001617328,207,UP,0.707106781186544,0.7071067811865436
19.68071426749359,16.518254778796027,44.99999999999998,85.0,85.0,23.36033993490754,43.1642798767342,80.31928573250642,86.9369684099211,113.58862320303028,90.35998989422805,83.481745221204,51.4281847684425,27.83273303427913,21.302251619318316,19.680714267493606,21.302251619318298,23.36033993490757,17.879230135011397,16.51825477879604,17.87923013501139,208,UP,0.707106781186544,0.7071067811865436
20.10497833620552,16.942518847507955,44.99999999999998,85.0,85.0,23.960339934907534,44.27293531574775,79.8950216637945,86.47774829108299,112.98862320303027,89.90076977538992,83.05748115249207,52.53684020745603,28.43273303427913,21.761471738156423,20.104978336205534,21.761471738156406,23.96033993490757,18.338450253849505,16.94251884750797,18.338450253849494,209,UP,0.707106781186544,0.7071067811865436
20.529242404917447,17.366782916219883,44.99999999999998,85.0,85.0,24.560339934907542,45.38159075476128,79.47075759508257,86.0185281722449,112.38862320303029,89.44154965655181,82.63321708378015,53.64549564646957,29.032733034279136,22.22069185699453,20.52924240491746,22.22069185699451,24.56033993490757,18.797670372687612,17.366782916219897,18.7976703726876,210,UP,0.707106781186544,0.7071067811865436
20.953506473629375,17.79104698493181,44.99999999999998,85.0,85.0,25.16033993490753,46.490246193774816,79.04649352637064,85.5593080534068,111.78862320303028,88.98232953771372,82.2089530150682,54.75415108548311,29.63273303427913,22.67991197583264,20.95350647362939,22.679911975832617,25.16033993490757,19.256890491525716,17.791046984931825,19.25689049152571,211,UP,0.707106781186544,0.7071067811865436
21.377770542341302,18.215311053643738,44.99999999999998,85.0,85.0,25.760339934907535,47.59890163278836,78.6222294576587,85.10008793456868,111.18862320303028,88.52310941887562,81.78468894635628,55.86280652449666,30.23273303427913,23.139132094670746,21.377770542341317,23.13913209467072,25.760339934907567,19.716110610363824,18.215311053643752,19.716110610363813,212,UP,0.707106781186544,0.7071067811865436
21.80203461105323,18.639575122355666,44.99999999999998,85.0,85.0,26.360339934907532,48.70755707180191,78.19796538894678,84.64086781573056,110.58862320303028,88.06388930003749,81.36042487764436,56.971461963510215,30.83273303427913,23.598352213508853,21.802034611053244,23.59835221350883,26.360339934907564,20.175330729201935,18.63957512235568,20.175330729201924,213,UP,0.707106781186544,0.7071067811865436
22.226298679765158,19.063839191067594,44.99999999999998,85.0,85.0,26.96033993490753,49.81621251081544,77.77370132023486,84.18164769689247,109.98862320303029,87.60466918119938,80.93616080893244,58.08011740252375,31.43273303427913,24.05757233234696,22.226298679765172,24.057572332346936,26.960339934907566,20.63455084804004,19.063839191067608,20.634550848040032,214,UP,0.707106781186544,0.7071067811865436
22.650562748477086,19.48810325977952,44.99999999999998,85.0,85.0,27.560339934907525,50.92486794982898,77.34943725152293,83.72242757805436,109.38862320303026,87.14544906236127,80.51189674022051,59.1887728415373,32.03273303427912,24.51679245118507,22.6505627484771,24.516792451185044,27.560339934907564,21.093770966878143,19.488103259779535,21.093770966878136,215,UP,0.707106781186544,0.7071067811865436
23.074826817189013,19.91236732849145,44.99999999999998,85.0,85.0,28.16033993490752,52.033523388842525,76.925173182811,83.26320745921626,108.7886232030303,86.68622894352319,80.08763267150857,60.297428280550825,32.63273303427913,24.976012570023176,23.074826817189027,24.976012570023148,28.160339934907565,21.552991085716254,19.912367328491463,21.552991085716243,216,UP,0.707106781186544,0.7071067811865436
23.49909088590094,20.336631397203377,44.99999999999998,85.0,85.0,28.76033993490752,53.142178827856064,76.50090911409907,82.80398734037814,108.18862320303029,86.22700882468506,79.66336860279665,61.406083719564364,33.23273303427913,25.43523268886128,23.499090885900955,25.435232688861255,28.760339934907563,22.012211204554358,20.33663139720339,22.01221120455435,217,UP,0.707106781186544,0.7071067811865436
23.92335495461287,20.760895465915304,44.99999999999998,85.0,85.0,29.360339934907522,54.25083426686961,76.07664504538715,82.34476722154004,107.5886232030303,85.76778870584695,79.23910453408473,62.51473915857792,33.832733034279116,25.894452807699388,23.923354954612883,25.894452807699363,29.36033993490756,22.471431323392466,20.76089546591532,22.471431323392455,218,UP,0.707106781186544,0.7071067811865436
24.347619023324796,21.185159534627232,44.99999999999998,85.0,85.0,29.96033993490752,55.359489705883156,75.65238097667522,81.88554710270193,106.98862320303031,85.30856858700886,78.81484046537278,63.623394597591464,34.432733034279124,26.353672926537495,24.34761902332481,26.353672926537467,29.960339934907562,22.93065144223057,21.185159534627246,22.930651442230563,219,UP,0.707106781186544,0.7071067811865436
24.771883092036724,21.60942360333916,44.99999999999998,85.0,85.0,30.560339934907514,56.4681451448967,75.22811690796328,81.42632698386382,106.3886232030303,84.84934846817076,78.39057639666086,64.732050036605,35.03273303427912,26.8128930453756,24.771883092036738,26.812893045375574,30.560339934907564,23.38987156106868,21.609423603339174,23.38987156106867,220,UP,0.707106781186544,0.7071067811865436
25.19614716074865,22.033687672051087,44.99999999999998,85.0,85.0,31.160339934907512,57.576800583910256,74.80385283925136,80.96710686502571,105.7886232030303,84.39012834933264,77.96631232794894,65.84070547561856,35.63273303427912,27.272113164213707,25.196147160748666,27.272113164213682,31.160339934907565,23.849091679906785,22.0336876720511,23.849091679906774,221,UP,0.707106781186544,0.7071067811865436
25.62041122946058,22.457951740763015,44.99999999999998,85.0,85.0,31.760339934907517,58.685456022923766,74.37958877053944,80.50788674618761,105.18862320303029,83.93090823049452,77.54204825923702,66.94936091463208,36.232733034279114,27.731333283051814,25.620411229460593,27.731333283051786,31.760339934907563,24.308311798744892,22.45795174076303,24.30831179874488,222,UP,0.707106781186544,0.7071067811865436
26.044675298172507,22.882215809474943,44.99999999999998,85.0,85.0,32.360339934907515,59.79411146193732,73.95532470182751,80.04866662734952,104.5886232030303,83.4716881116564,77.11778419052509,68.05801635364563,36.83273303427911,28.190553401889925,26.04467529817252,28.190553401889893,32.36033993490756,24.767531917583,22.882215809474957,24.76753191758299,223,UP,0.707106781186544,0.7071067811865436
26.468939366884435,23.30647987818687,44.99999999999998,85.0,85.0,32.96033993490751,60.902766900950866,73.53106063311557,79.5894465085114,103.98862320303031,83.01246799281833,76.69352012181315,69.16667179265917,37.43273303427911,28.64977352072803,26.46893936688445,28.649773520728,32.96033993490756,25.226752036421107,23.306479878186884,25.226752036421097,224,UP,0.707106781186544,0.7071067811865436
26.893203435596362,23.730743946898798,44.99999999999998,85.0,85.0,33.5603399349075,62.01142233996439,73.10679656440365,79.13022638967328,103.3886232030303,82.55324787398021,76.26925605310123,70.2753272316727,38.03273303427912,29.108993639566137,26.893203435596376,29.10899363956611,33.56033993490756,25.685972155259215,23.730743946898812,25.685972155259204,225,UP,0.707106781186544,0.7071067811865436
27.31746750430829,24.155008015610726,44.99999999999998,85.0,85.0,34.16033993490751,63.120077778977944,72.68253249569173,78.67100627083519,102.78862320303031,82.0940277551421,75.84499198438931,71.38398267068624,38.63273303427911,29.56821375840424,27.317467504308304,29.568213758404216,34.16033993490756,26.145192274097322,24.15500801561074,26.14519227409731,226,UP,0.707106781186544,0.7071067811865436
27.741731573020218,24.579272084322653,44.99999999999998,85.0,85.0,34.76033993490751,64.22873321799148,72.2582684269798,78.21178615199707,102.18862320303033,81.63480763630402,75.42072791567736,72.49263810969978,39.232733034279114,30.02743387724235,27.741731573020232,30.02743387724232,34.76033993490756,26.604412392935426,24.579272084322668,26.604412392935416,227,UP,0.707106781186544,0.7071067811865436
28.165995641732145,25.00353615303458,44.99999999999998,85.0,85.0,35.36033993490751,65.33738865700502,71.83400435826786,77.75256603315897,101.58862320303031,81.17558751746591,74.99646384696544,73.60129354871334,39.832733034279116,30.486653996080456,28.16599564173216,30.486653996080427,35.360339934907564,27.063632511773537,25.003536153034595,27.06363251177352,228,UP,0.707106781186544,0.7071067811865436
28.590259710444073,25.42780022174651,44.99999999999998,85.0,85.0,35.96033993490751,66.44604409601855,71.40974028955594,77.29334591432087,100.98862320303031,80.71636739862778,74.57219977825352,74.7099489877269,40.43273303427911,30.945874114918563,28.590259710444087,30.945874114918535,35.96033993490756,27.52285263061164,25.427800221746523,27.52285263061163,229,UP,0.707106781186544,0.7071067811865436
29.014523779156,25.852064290458436,44.99999999999998,85.0,85.0,36.5603399349075,67.5546995350321,70.98547622084402,76.83412579548276,100.3886232030303,80.25714727978966,74.1479357095416,75.81860442674042,41.032733034279104,31.405094233756667,29.014523779156015,31.405094233756643,36.56033993490756,27.98207274944975,25.85206429045845,27.982072749449735,230,UP,0.707106781186544,0.7071067811865436
29.43878784786793,26.276328359170364,44.99999999999998,85.0,85.0,37.160339934907505,68.66335497404565,70.56121215213209,76.37490567664466,99.78862320303031,79.79792716095155,73.72367164082966,76.92725986575397,41.632733034279106,31.86431435259478,29.438787847867943,31.86431435259475,37.160339934907554,28.441292868287857,26.27632835917038,28.441292868287842,231,UP,0.707106781186544,0.7071067811865436
29.863051916579856,26.70059242788229,44.99999999999998,85.0,85.0,37.760339934907506,69.77201041305918,70.13694808342015,75.91568555780654,99.18862320303032,79.33870704211348,73.29940757211773,78.0359153047675,42.23273303427911,32.323534471432886,29.86305191657987,32.32353447143285,37.760339934907556,28.90051298712596,26.700592427882306,28.90051298712595,232,UP,0.707106781186544,0.7071067811865436
30.287315985291784,27.12485649659422,44.99999999999998,85.0,85.0,38.3603399349075,70.88066585207272,69.71268401470823,75.45646543896844,98.58862320303031,78.87948692327535,72.87514350340581,78.87948692327537,42.8327330342791,32.78275459027099,30.287315985291798,32.782754590270955,38.36033993490756,29.359733105964068,27.124856496594234,29.359733105964057,233,UP,0.707106781186544,0.7071067811865436
30.71158005400371,27.549120565306147,44.99999999999998,85.0,85.0,38.9603399349075,71.98932129108626,69.28841994599631,74.99724532013033,97.98862320303031,78.42026680443723,72.45087943469389,78.42026680443726,43.4327330342791,33.241974709109094,30.711580054003726,33.241974709109066,38.96033993490756,29.81895322480218,27.54912056530616,29.81895322480216,234,UP,0.707106781186544,0.7071067811865436
31.13584412271564,27.973384634018075,44.99999999999998,85.0,85.0,39.5603399349075,73.09797673009979,68.86415587728438,74.53802520129223,97.38862320303033,77.96104668559916,72.02661536598194,77.96104668559914,44.032733034279104,33.701194827947205,31.135844122715653,33.70119482794718,39.56033993490755,30.278173343640283,27.97338463401809,30.27817334364027,235,UP,0.707106781186544,0.7071067811865436
31.560108191427567,28.397648702730002,44.99999999999998,85.0,85.0,40.1603399349075,74.07880508245414,68.43989180857244,74.07880508245412,96.78862320303033,77.50182656676105,71.60235129727002,77.50182656676104,44.63273303427911,34.16041494678531,31.56010819142758,34.16041494678528,40.160339934907554,30.73739346247839,28.397648702730017,30.737393462478376,236,UP,0.707106781186544,0.7071067811865436
31.984372260139494,28.82191277144193,44.99999999999998,85.0,85.0,40.7603399349075,73.619584963616,68.01562773986052,73.619584963616,96.18862320303033,77.04260644792292,71.1780872285581,77.04260644792294,45.2327330342791,34.61963506562342,31.98437226013951,34.619635065623385,40.76033993490755,31.196613581316498,28.821912771441944,31.19661358131648,237,UP,0.707106781186544,0.7071067811865436
32.40863632885142,29.246176840153858,44.99999999999998,85.0,85.0,41.36033993490749,73.16036484477792,67.5913636711486,73.1603648447779,95.58862320303034,76.58338632908482,70.75382315984618,76.58338632908483,45.8327330342791,35.078855184461524,32.408636328851436,35.07885518446149,41.36033993490755,31.655833700154602,29.246176840153872,31.655833700154588,238,UP,0.707106781186544,0.7071067811865436
32.83290039756335,29.670440908865785,44.99999999999998,85.0,85.0,41.9603399349075,72.7011447259398,67.16709960243666,72.7011447259398,94.98862320303034,76.1241662102467,70.32955909113424,76.12416621024673,46.4327330342791,35.53807530329963,32.832900397563364,35.5380753032996,41.96033993490755,32.115053818992706,29.6704409088658,32.11505381899269,239,UP,0.707106781186544,0.7071067811865436
33.25716446627528,30.094704977577713,44.99999999999998,85.0,85.0,42.560339934907496,72.24192460710171,66.74283553372473,72.2419246071017,94.38862320303033,75.66494609140862,69.90529502242231,75.66494609140861,47.032733034279104,35.997295422137746,33.25716446627529,35.997295422137704,42.56033993490755,32.57427393783081,30.094704977577727,32.574273937830796,240,UP,0.707106781186544,0.7071067811865436
33.681428534987205,30.51896904628964,44.99999999999998,85.0,85.0,43.16033993490748,71.7827044882636,66.31857146501281,71.78270448826358,93.78862320303033,75.20572597257049,69.48103095371039,75.20572597257052,47.63273303427909,36.45651554097585,33.68142853498722,36.456515540975815,43.160339934907554,33.03349405666892,30.518969046289655,33.03349405666891,241,UP,0.707106781186544,0.7071067811865436
34.10569260369913,30.94323311500157,44.99999999999998,85.0,85.0,43.76033993490749,71.32348436942549,65.89430739630089,71.32348436942547,93.18862320303035,74.74650585373239,69.05676688499847,74.7465058537324,48.232733034279086,36.915735659813954,34.10569260369915,36.91573565981392,43.76033993490755,33.49271417550703,30.943233115001583,33.49271417550702,242,UP,0.707106781186544,0.7071067811865436
34.52995667241106,31.367497183713496,44.99999999999998,85.0,85.0,44.360339934907486,70.86426425058738,65.47004332758895,70.86426425058737,92.58862320303034,74.28728573489431,68.63250281628652,74.28728573489428,48.8327330342791,37.37495577865206,34.529956672411075,37.37495577865203,44.36033993490755,33.951934294345136,31.36749718371351,33.95193429434512,243,UP,0.707106781186544,0.7071067811865436
34.95422074112299,31.791761252425424,44.99999999999998,85.0,85.0,44.96033993490749,70.40504413174928,65.04577925887702,70.40504413174926,91.98862320303036,73.8280656160562,68.2082387475746,73.8280656160562,49.432733034279096,37.83417589749017,34.954220741123,37.834175897490134,44.960339934907545,34.41115441318324,31.791761252425438,34.411154413183226,244,UP,0.707106781186544,0.7071067811865436
35.378484809834916,32.21602532113735,44.99999999999998,85.0,85.0,45.56033993490749,69.94582401291116,64.6215151901651,69.94582401291115,91.38862320303035,73.36884549721808,67.78397467886268,73.36884549721809,50.032733034279076,38.29339601632827,35.37848480983493,38.293396016328245,45.560339934907546,34.87037453202135,32.216025321137366,34.87037453202134,245,UP,0.707106781186544,0.7071067811865436
35.80274887854684,32.64028938984928,44.99999999999998,85.0,85.0,46.160339934907476,69.48660389407307,64.19725112145318,69.48660389407306,90.78862320303034,72.90962537837997,67.35971061015076,72.90962537837999,50.632733034279084,38.75261613516638,35.80274887854686,38.75261613516635,46.16033993490755,35.329594650859455,32.64028938984929,35.32959465085944,246,UP,0.707106781186544,0.7071067811865436
36.22701294725877,33.06455345856121,44.99999999999998,85.0,85.0,46.760339934907485,69.02738377523495,63.77298705274124,69.02738377523495,90.18862320303033,72.45040525954185,66.93544654143882,72.45040525954185,51.23273303427908,39.21183625400449,36.227012947258785,39.21183625400445,46.76033993490755,35.78881476969757,33.06455345856122,35.78881476969755,247,LEFT,-0.7071067811865436,0.707106781186544
36.22701294725877,33.06455345856121,47.99999999999998,85.0,85.0,49.41419977556446,67.65349038355141,63.86050565629852,70.65591269713359,90.07052763697806,71.00838141962645,67.02730513361901,74.15969183416607,48.748254317705374,38.431379574948345,36.27672894349359,40.13694171111305,44.49274532365971,35.076488538873285,33.109929466173114,36.633162574080586,248,UP,0.6691306063588549,0.74314482547739
36.628491311074086,33.51044035384764,47.99999999999998,85.0,85.0,50.080567284461964,67.22758258338642,63.45847632525737,70.21110335803107,89.47052763697806,70.53536288659984,66.5808063272363,73.66568101544591,49.28849674428408,38.85728737511333,36.67875827453474,40.581751050215566,45.09274532365971,35.54950707189989,33.55642827255582,37.127173392800735,249,UP,0.6691306063588549,0.74314482547739
37.0299696748894,33.95632724913408,47.99999999999998,85.0,85.0,50.74693479335948,66.80167478322143,63.05644699421622,69.76629401892855,88.87052763697807,70.06234435357324,66.13430752085358,73.17167019672576,49.82873917086279,39.28319517527832,37.080787605575885,41.02656038931808,45.692745323659715,36.0225256049265,34.00292707893853,37.621184211520884,250,UP,0.6691306063588549,0.74314482547739
37.431448038704715,34.40221414442051,47.99999999999998,85.0,85.0,51.413302302256994,66.37576698305645,62.654417663175096,69.32148467982604,88.27052763697806,69.58932582054663,65.68780871447089,72.6776593780056,50.3689815974415,39.70910297544331,37.482816936617034,41.47136972842059,46.29274532365971,36.49554413795311,34.44942588532123,38.11519503024104,251,UP,0.6691306063588549,0.74314482547739
37.83292640252003,34.84810103970695,47.99999999999998,85.0,85.0,52.07966981115452,65.94985918289146,62.25238833213393,68.87667534072354,87.67052763697806,69.11630728752003,65.24130990808817,72.18364855928546,50.909224024020205,40.1350107756083,37.88484626765818,41.9161790675231,46.89274532365971,36.968562670979715,34.89592469170395,38.60920584896119,252,UP,0.6691306063588549,0.74314482547739
38.234404766335345,35.29398793499338,47.99999999999998,85.0,85.0,52.74603732005202,65.52395138272647,61.850359001092784,68.43186600162102,87.07052763697806,68.64328875449343,64.79481110170548,71.68963774056532,51.449466450598905,40.56091857577329,38.28687559869933,42.360988406625616,47.492745323659705,37.441581204006326,35.34242349808665,39.103216667681345,253,UP,0.6691306063588549,0.74314482547739
38.63588313015066,35.73987483027982,47.99999999999998,85.0,85.0,53.41240482894953,65.09804358256147,61.448329670051635,67.9870566625185,86.47052763697808,68.17027022146681,64.34831229532276,71.19562692184515,51.9897088771776,40.98682637593828,38.68890492974048,42.80579774572813,48.092745323659706,37.91459973703293,35.78892230446936,39.59722748640149,254,UP,0.6691306063588549,0.74314482547739
39.037361493965975,36.18576172556625,47.99999999999998,85.0,85.0,54.07877233784704,64.67213578239648,61.0463003390105,67.54224732341599,85.87052763697807,67.6972516884402,63.90181348894005,70.701616103125,52.5299513037563,41.41273417610327,39.09093426078163,43.250607084830634,48.69274532365971,38.387618270059534,36.235421110852066,40.09123830512164,255,UP,0.6691306063588549,0.74314482547739
39.43883985778129,36.63164862085269,47.99999999999998,85.0,85.0,54.745139846744564,64.24622798223149,60.64427100796934,67.09743798431347,85.27052763697807,67.2242331554136,63.45531468255734,70.20760528440485,53.070193730335006,41.838641976268256,39.49296359182278,43.695416423933146,49.2927453236597,38.86063680308614,36.68191991723477,40.5852491238418,256,UP,0.6691306063588549,0.74314482547739
39.840318221596604,37.07753551613912,47.99999999999998,85.0,85.0,55.41150735564209,63.82032018206651,60.24224167692819,66.65262864521097,84.67052763697806,66.751214622387,63.00881587617464,69.71359446568471,53.610436156913714,42.26454977643325,39.89499292286393,44.14022576303566,49.8927453236597,39.33365533611275,37.12841872361748,41.07925994256194,257,UP,0.6691306063588549,0.74314482547739
40.24179658541192,37.52342241142556,47.99999999999998,85.0,85.0,56.077874864539595,63.39441238190152,59.84021234588704,66.20781930610846,84.07052763697807,66.27819608936039,62.56231706979194,69.21958364696455,54.150678583492414,42.690457576598234,40.29702225390507,44.58503510213817,50.4927453236597,39.80667386913935,37.574917530000185,41.57327076128209,258,UP,0.6691306063588549,0.74314482547739
40.643274949227234,37.96930930671199,47.99999999999998,85.0,85.0,56.7442423734371,62.96850458173653,59.438183014845904,65.76300996700596,83.47052763697808,65.80517755633377,62.115818263409224,68.7255728282444,54.69092101007112,43.11636537676323,40.69905158494622,45.02984444124069,51.09274532365969,40.279692402165956,38.02141633638289,42.067281580002245,259,UP,0.6691306063588549,0.74314482547739
41.04475331304255,38.41519620199843,47.99999999999998,85.0,85.0,57.41060988233462,62.54259678157155,59.03615368380474,65.31820062790342,82.87052763697808,65.33215902330718,61.66931945702652,68.23156200952424,55.23116343664983,43.54227317692821,41.10108091598737,45.4746537803432,51.69274532365969,40.75271093519257,38.4679151427656,42.5612923987224,260,UP,0.6691306063588549,0.74314482547739
41.44623167685786,38.86108309728486,47.99999999999998,85.0,85.0,58.076977391232106,62.116688981406554,58.63412435276359,64.87339128880092,82.27052763697807,64.85914049028057,61.22282065064381,67.7375511908041,55.77140586322853,43.968180977093205,41.50311024702852,45.91946311944571,52.292745323659695,41.22572946821917,38.91441394914831,43.05530321744255,261,UP,0.6691306063588549,0.74314482547739
41.84771004067318,39.3069699925713,47.99999999999998,85.0,85.0,58.74334490012964,61.69078118124156,58.232095021722444,64.42858194969841,81.67052763697808,64.38612195725396,60.77632184426111,67.24354037208396,56.31164828980723,44.39408877725819,41.905139578069665,46.36427245854822,52.89274532365969,41.698748001245775,39.36091275553102,43.5493140361627,262,UP,0.6691306063588549,0.74314482547739
42.24918840448849,39.75285688785773,47.99999999999998,85.0,85.0,59.40971240902715,61.264873381076576,57.83006569068131,63.98377261059589,81.07052763697808,63.91310342422736,60.3298230378784,66.7495295533638,56.85189071638593,44.819996577423176,42.307168909110814,46.809081797650734,53.49274532365969,42.171766534272386,39.80741156191372,44.04332485488285,263,UP,0.6691306063588549,0.74314482547739
42.65066676830381,40.19874378314417,47.99999999999998,85.0,85.0,60.07607991792466,60.838965580911584,57.428036359640146,63.53896327149338,80.47052763697808,63.44008489120075,59.88332423149569,66.25551873464363,57.39213314296464,45.24590437758817,42.70919824015196,47.253891136753246,54.09274532365969,42.64478506729899,40.25391036829643,44.537335673603,264,UP,0.6691306063588549,0.74314482547739
43.05214513211912,40.6446306784306,47.99999999999998,85.0,85.0,60.742447426822174,60.4130577807466,57.026007028599,63.094153932390874,79.87052763697808,62.967066358174144,59.436825425112985,65.76150791592349,57.93237556954334,45.67181217775316,43.11122757119311,47.69870047585576,54.69274532365969,43.1178036003256,40.70040917467914,45.03134649232315,265,UP,0.6691306063588549,0.74314482547739
43.45362349593444,41.09051757371704,47.99999999999998,85.0,85.0,61.40881493571968,59.987149980581606,56.623977697557855,62.64934459328836,79.27052763697809,62.49404782514754,58.99032661873028,65.26749709720335,58.472617996122054,46.097719977918146,43.51325690223426,48.143509814958264,55.292745323659695,43.590822133352205,41.146907981061844,45.5253573110433,266,UP,0.6691306063588549,0.74314482547739
43.85510185974975,41.53640446900347,47.99999999999998,85.0,85.0,62.075182444617205,59.56124218041662,56.22194836651671,62.20453525418584,78.6705276369781,62.02102929212093,58.54382781234757,64.77348627848319,59.012860422700754,46.52362777808314,43.91528623327541,48.588319154060784,55.89274532365968,44.06384066637881,41.59340678744455,46.01936812976346,267,UP,0.6691306063588549,0.74314482547739
44.25658022356507,41.98229136428991,47.99999999999998,85.0,85.0,62.74154995351473,59.13533438025163,55.81991903547555,61.75972591508333,78.07052763697808,61.548010759094325,58.097329005964866,64.27947545976303,59.55310284927947,46.949535578248124,44.31731556431656,49.0331284931633,56.49274532365968,44.53685919940542,42.03990559382726,46.51337894848361,268,UP,0.6691306063588549,0.74314482547739
44.65805858738038,42.42817825957634,47.99999999999998,85.0,85.0,63.40791746241222,58.70942658008664,55.41788970443441,61.31491657598082,77.47052763697808,61.07499222606772,57.65083019958216,63.785464641042886,60.09334527585816,47.37544337841312,44.71934489535771,49.47793783226581,57.092745323659685,45.009877732432024,42.48640440020996,47.007389767203755,269,UP,0.6691306063588549,0.74314482547739
45.059536951195696,42.87406515486278,47.99999999999998,85.0,85.0,64.07428497130974,58.28351877992166,55.01586037339325,60.870107236878304,76.8705276369781,60.60197369304111,57.20433139319945,63.29145382232274,60.63358770243687,47.8013511785781,45.121374226398856,49.92274717136832,57.69274532365968,45.482896265458635,42.93290320659267,47.5014005859239,270,UP,0.6691306063588549,0.74314482547739
45.46101531501101,43.31995205014921,47.99999999999998,85.0,85.0,64.74065248020725,57.857610979756664,54.613831042352125,60.42529789777579,76.27052763697809,60.128955160014506,56.75783258681675,62.79744300360258,61.17383012901557,48.227258978743095,45.523403557440005,50.367556510470834,58.29274532365968,45.95591479848524,43.379402012975376,47.99541140464405,271,UP,0.6691306063588549,0.74314482547739
45.862493678826326,43.76583894543565,47.99999999999998,85.0,85.0,65.40701998910478,57.43170317959167,54.21180171131096,59.98048855867329,75.6705276369781,59.6559366269879,56.31133378043404,62.30343218488243,61.71407255559428,48.65316677890809,45.925432888481154,50.81236584957335,58.892745323659675,46.42893333151184,43.82590081935808,48.48942222336421,272,UP,0.6691306063588549,0.74314482547739
46.26397204264164,44.21172584072208,47.99999999999998,85.0,85.0,66.07338749800228,57.00579537942668,53.80977238026981,59.535679219570774,75.0705276369781,59.18291809396129,55.864834974051334,61.80942136616228,62.25431498217298,49.07907457907307,46.3274622195223,51.25717518867586,59.492745323659676,46.90195186453845,44.27239962574079,48.98343304208436,273,UP,0.6691306063588549,0.74314482547739
46.665450406456955,44.65761273600852,47.99999999999998,85.0,85.0,66.7397550068998,56.579887579261694,53.407743049228664,59.090869880468254,74.47052763697809,58.70989956093469,55.41833616766863,61.315410547442134,62.79455740875168,49.50498237923806,46.72949155056345,51.701984527778365,60.09274532365967,47.37497039756506,44.718898432123495,49.477443860804506,274,UP,0.6691306063588549,0.74314482547739
47.06692877027227,45.10349963129495,47.99999999999998,85.0,85.0,67.40612251579729,56.15397977909671,53.00571371818753,58.64606054136574,73.8705276369781,58.23688102790808,54.97183736128592,60.82139972872198,63.33479983533038,49.93089017940305,47.1315208816046,52.146793866880884,60.69274532365967,47.84798893059166,45.1653972385062,49.97145467952466,275,UP,0.6691306063588549,0.74314482547739
47.468407134087585,45.54938652658139,47.99999999999998,85.0,85.0,68.07249002469482,55.728071978931716,52.603684387146366,58.20125120226323,73.27052763697809,57.76386249488147,54.525338554903215,60.32738891000184,63.875042261909094,50.35679797956804,47.53355021264575,52.59160320598339,61.292745323659666,48.321007463618265,45.61189604488891,50.465465498244804,276,UP,0.6691306063588549,0.74314482547739
47.8698854979029,45.99527342186782,47.99999999999998,85.0,85.0,68.73885753359234,55.30216417876673,52.20165505610522,57.756441863160724,72.6705276369781,57.29084396185487,54.07883974852051,59.83337809128168,64.4152846884878,50.78270577973303,47.9355795436869,53.0364125450859,61.89274532365967,48.794025996644876,46.058394851271615,50.95947631696497,277,UP,0.6691306063588549,0.74314482547739
48.271363861718214,46.44116031715426,47.99999999999998,85.0,85.0,69.40522504248985,54.87625637860174,51.79962572506407,57.31163252405821,72.0705276369781,56.817825428828264,53.632340942137795,59.33936727256153,64.95552711506649,51.20861357989802,48.33760887472805,53.48122188418842,62.49274532365966,49.26704452967148,46.50489365765432,51.45348713568511,278,UP,0.6691306063588549,0.74314482547739
48.67284222553353,46.88704721244069,47.99999999999998,85.0,85.0,69.06750341899249,54.450348578436746,51.397596394022926,56.8668231849557,71.4705276369781,56.34480689580166,53.185842135755095,58.845356453841376,65.49576954164519,51.634521380063006,48.73963820576919,53.92603122329093,63.09274532365966,49.74006306269809,46.95139246403703,51.947497954405264,279,UP,0.6691306063588549,0.74314482547739
49.074320589348844,47.33293410772713,47.99999999999998,85.0,85.0,68.52726099241377,54.02444077827177,50.99556706298177,56.422013845853186,70.87052763697811,55.87178836277505,52.73934332937238,58.35134563512123,66.0360119682239,52.060429180228,49.141667536810345,54.37084056239345,63.69274532365967,50.213081595724695,47.397891270419734,52.44150877312541,280,UP,0.6691306063588549,0.74314482547739
49.47579895316416,47.77882100301356,47.99999999999998,85.0,85.0,67.9870185658351,53.598532978106775,50.59353773194062,55.97720450675067,70.2705276369781,55.398769829748446,52.29284452298968,57.85733481640108,66.5762543948026,52.486336980392984,49.54369686785149,54.81564990149595,64.29274532365966,50.6861001287513,47.84439007680244,52.93551959184556,281,UP,0.6691306063588549,0.74314482547739
49.87727731697947,48.2247078983,47.99999999999998,85.0,85.0,67.44677613925639,53.17262517794178,50.19150840089947,55.532395167648154,69.67052763697811,54.925751296721835,51.84634571660697,57.36332399768092,67.1164968213813,52.91224478055798,49.945726198892636,55.260459240598465,64.89274532365965,51.15911866177791,48.29088888318515,53.42953041056572,282,UP,0.6691306063588549,0.74314482547739
50.27875568079479,48.67059479358643,47.99999999999998,85.0,85.0,66.90653371267769,52.74671737777679,49.78947906985834,55.08758582854565,69.07052763697811,54.45273276369524,51.39984691022426,56.86931317896078,67.65673924796,53.33815258072296,50.347755529933785,55.70526857970098,65.49274532365966,51.632137194804514,48.73738768956785,53.92354122928587,283,UP,0.6691306063588549,0.74314482547739
50.6802340446101,49.11648168887287,47.99999999999998,85.0,85.0,66.36629128609897,52.320809577611804,49.387449738817175,54.642776489443136,68.4705276369781,53.97971423066862,50.95334810384156,56.37530236024062,68.19698167453872,53.76406038088795,50.74978486097494,56.15007791880349,66.09274532365966,52.10515572783112,49.18388649595056,54.417552048006016,284,UP,0.6691306063588549,0.74314482547739
51.08171240842542,49.5623685841593,47.99999999999998,85.0,85.0,65.82604885952028,51.89490177744681,48.985420407776026,54.197967150340624,67.87052763697811,53.506695697642016,50.50684929745886,55.88129154152047,68.73722410111742,54.18996818105294,51.15181419201608,56.594887257906,66.69274532365966,52.57817426085772,49.630385302333266,54.911562866726165,285,UP,0.6691306063588549,0.74314482547739
51.48319077224073,50.00825547944574,47.99999999999998,85.0,85.0,65.28580643294156,51.468993977281826,48.58339107673488,53.75315781123811,67.2705276369781,53.03367716461541,50.06035049107615,55.38728072280033,69.27746652769613,54.615875981217926,51.55384352305723,57.039696597008515,67.29274532365966,53.05119279388433,50.07688410871598,55.40557368544632,286,UP,0.6691306063588549,0.74314482547739
51.88466913605605,50.45414237473217,47.99999999999998,85.0,85.0,64.74556400636286,51.043086177116834,48.18136174569374,53.3083484721356,66.67052763697811,52.5606586315888,49.613851684693444,54.89326990408018,69.81770895427483,55.04178378138292,51.95587285409838,57.484505936111034,67.89274532365965,53.52421132691094,50.523382915098686,55.89958450416647,287,UP,0.6691306063588549,0.74314482547739
52.28614749987136,50.90002927001861,47.99999999999998,85.0,85.0,64.20532157978415,50.61717837695185,47.77933241465258,52.863539133033086,66.07052763697811,52.0876400985622,49.16735287831073,54.399259085360015,70.35795138085354,55.4676915815479,52.35790218513953,57.92931527521353,68.49274532365965,53.99722985993755,50.96988172148139,56.393595322886625,288,UP,0.6691306063588549,0.74314482547739
52.68762586368668,51.34591616530504,47.99999999999998,85.0,85.0,63.665079153205454,50.19127057678686,47.37730308361143,52.41872979393057,65.47052763697812,51.61462156553559,48.720854071928024,53.905248266639866,70.89819380743224,55.8935993817129,52.75993151618068,58.37412461431605,69.09274532365964,54.47024839296415,51.41638052786409,56.88760614160677,289,UP,0.6691306063588549,0.74314482547739
53.08910422750199,51.79180306059148,47.99999999999998,85.0,85.0,63.12483672662675,49.76536277662188,46.97527375257028,51.97392045482806,64.87052763697812,51.14160303250898,48.27435526554532,53.41123744791972,71.43843623401094,56.31950718187788,53.16196084722183,58.818933953418565,69.69274532365964,54.943266925990756,51.862879334246806,57.38161696032692,290,UP,0.6691306063588549,0.74314482547739
53.490582591317306,52.23768995587791,47.99999999999998,85.0,85.0,62.584594300048046,49.33945497645688,46.57324442152915,51.52911111572555,64.27052763697812,50.66858449948238,47.82785645916261,52.91722662919957,71.37965232830332,56.745414982042874,53.563990178262976,59.26374329252107,70.29274532365964,55.41628545901737,52.30937814062951,57.87562777904707,291,UP,0.6691306063588549,0.74314482547739
53.89206095513262,52.68357685116435,47.99999999999998,85.0,85.0,62.04435187346934,48.913547176291885,46.171215090488,51.08430177662303,63.670527636978115,50.195565966455774,47.381357652779904,52.42321581047941,70.7132848194058,57.17132278220787,53.966019509304125,59.70855263162359,70.89274532365964,55.88930399204397,52.75587694701222,58.36963859776723,292,UP,0.6691306063588549,0.74314482547739
54.293539318947936,53.12946374645078,47.99999999999998,85.0,85.0,61.50410944689064,48.4876393761269,45.769185759446835,50.63949243752052,63.07052763697812,49.72254743342916,46.9348588463972,51.92920499175926,70.04691731050828,57.59723058237285,54.368048840345274,60.1533619707261,71.49274532365965,56.36232252507058,53.202375753394925,58.86364941648737,293,UP,0.6691306063588549,0.74314482547739
54.69501768276325,53.57535064173722,47.99999999999998,85.0,85.0,60.96386702031194,48.061731575961915,45.367156428405686,50.19468309841801,62.47052763697812,49.24952890040256,46.48836004001449,51.435194173039115,69.38054980161078,58.023138382537844,54.77007817138642,60.59817130982861,72.09274532365964,56.835341058097185,53.64887455977763,59.35766023520752,294,UP,0.6691306063588549,0.74314482547739
55.096496046578565,54.02123753702365,47.99999999999998,85.0,85.0,60.42362459373323,47.63582377579692,44.96512709736456,49.7498737593155,61.870527636978125,48.776510367375955,46.041861233631785,50.94118335431895,68.71418229271326,58.44904618270283,55.17210750242757,61.04298064893112,72.69274532365965,57.30835959112379,54.09537336616033,59.85167105392768,295,UP,0.6691306063588549,0.74314482547739
55.49797441039388,54.46712443231009,47.99999999999998,85.0,85.0,59.88338216715452,47.20991597563194,44.56309776632341,49.30506442021298,61.27052763697812,48.30349183434935,45.59536242724908,50.44717253559881,68.04781478381574,58.87495398286782,55.574136833468714,61.48778998803364,73.29274532365964,57.78137812415039,54.541872172543044,60.34568187264782,296,UP,0.6691306063588549,0.74314482547739
55.899452774209195,54.91301132759652,47.99999999999998,85.0,85.0,59.343139740575815,46.784008175466944,44.161068435282246,48.86025508111047,60.67052763697813,47.83047330132273,45.14886362086637,49.95316171687866,67.38144727491822,59.300861783032815,55.97616616450987,61.932599327136145,73.89274532365964,58.254396657177,54.98837097892575,60.83969269136798,297,UP,0.6691306063588549,0.74314482547739
56.30093113802451,55.35889822288296,47.99999999999998,85.0,85.0,58.80289731399711,46.35810037530195,43.7590391042411,48.41544574200797,60.07052763697813,47.35745476829614,44.702364814483666,49.45915089815851,66.71507976602072,59.7267695831978,56.37819549555102,62.37740866623866,74.49274532365963,58.72741519020361,55.43486978530846,61.33370351008813,298,UP,0.6691306063588549,0.74314482547739
56.702409501839824,55.80478511816939,47.99999999999998,85.0,85.0,58.262654887418414,45.932192575136966,43.35700977319996,47.97063640290545,59.47052763697814,46.884436235269526,44.25586600810096,48.965140079438356,66.04871225712321,60.152677383362786,56.78022482659217,62.82221800534117,75.09274532365963,59.20043372323021,55.881368591691164,61.827714328808284,299,UP,0.6691306063588549,0.74314482547739
57.10388786565514,56.25067201345583,47.99999999999998,85.0,85.0,57.72241246083971,45.506284774971974,42.95498044215881,47.525827063802936,58.87052763697814,46.41141770224292,43.80936720171825,48.47112926071821,65.3823447482257,60.57858518352778,57.18225415763332,63.26702734444368,75.69274532365964,59.67345225625682,56.32786739807387,62.32172514752843,300,UP,0.6691306063588549,0.74314482547739
57.505366229470454,56.69655890874226,47.99999999999998,85.0,85.0,57.18217003426101,45.080376974806995,42.55295111111765,47.08101772470042,58.27052763697814,45.93839916921631,43.362868395335546,47.97711844199806,64.71597723932817,61.00449298369277,57.584283488674465,63.711836683546196,76.29274532365963,60.14647078928343,56.77436620445658,62.81573596624858,301,UP,0.6691306063588549,0.74314482547739
57.90684459328577,57.142445804028696,47.99999999999998,85.0,85.0,56.6419276076823,44.654469174642,42.1509217800765,46.63620838559792,57.67052763697814,45.465380636189714,42.91636958895284,47.4831076232779,64.04960973043067,61.430400783857756,57.98631281971561,64.15664602264872,76.89274532365963,60.61948932231003,57.22086501083928,63.30974678496872,302,UP,0.6691306063588549,0.74314482547739
58.30832295710108,57.58833269931513,47.99999999999998,85.0,85.0,56.1016851811036,44.22856137447701,41.74889244903537,46.1913990464954,57.07052763697814,44.9923621031631,42.46987078257013,46.98909680455775,63.38324222153316,61.85630858402274,58.388342150756756,64.60145536175122,77.49274532365963,61.09250785533664,57.66736381722199,63.80375760368888,303,UP,0.6691306063588549,0.74314482547739
58.7098013209164,58.034219594601566,47.99999999999998,85.0,85.0,55.56144275452489,43.802653574312025,41.34686311799422,45.746589707392886,56.47052763697814,44.5193435701365,42.02337197618743,46.4950859858376,62.716874712635644,62.28221638418774,58.790371481797905,65.04626470085373,78.09274532365963,61.565526388363246,58.113862623604696,64.29776842240904,304,UP,0.6691306063588549,0.74314482547739
59.11127968473171,58.480106489888,47.99999999999998,85.0,85.0,55.0212003279462,43.37674577414704,40.944833786953055,45.30178036829038,55.870527636978146,44.04632503710989,41.57687316980472,46.00107516711745,62.050507203738114,62.70812418435273,59.192400812839054,65.49107403995623,78.69274532365964,62.03854492138986,58.5603614299874,64.79177924112918,305,UP,0.6691306063588549,0.74314482547739
59.51275804854703,58.925993385174436,47.99999999999998,85.0,85.0,54.480957901367475,42.95083797398204,40.542804455911906,44.85697102918786,55.270527636978144,43.573306504083284,41.130374363422014,45.5070643483973,61.38413969484063,63.13403198451771,59.5944301438802,65.93588337905877,79.29274532365963,62.51156345441646,59.00686023637011,65.28579005984933,306,UP,0.6691306063588549,0.74314482547739
59.91423641236234,59.37188028046087,47.99999999999998,85.0,85.0,53.94071547478879,42.524930173817054,40.14077512487077,44.41216169008535,54.67052763697815,43.10028797105667,40.68387555703931,45.01305352967715,60.717772185943105,63.5599397846827,59.99645947492136,66.38069271816127,79.89274532365963,62.984581987443065,59.453359042752815,65.77980087856949,307,UP,0.6691306063588549,0.74314482547739
60.31571477617766,59.817767175747306,47.99999999999998,85.0,85.0,53.40047304821008,42.09902237365207,39.73874579382962,43.96735235098284,54.07052763697815,42.62726943803007,40.2373767506566,44.519042710957,60.05140467704559,63.9858475848477,60.3984888059625,66.82550205726378,80.4927453236596,63.45760052046967,59.89985784913552,66.27381169728963,308,UP,0.6691306063588549,0.74314482547739
60.71719313999297,60.26365407103374,47.99999999999998,85.0,85.0,52.860230621631366,41.67311457348708,39.33671646278846,43.52254301188034,53.470527636978154,42.154250905003465,39.790877944273895,44.025031892236846,59.385037168148074,64.41175538501268,60.80051813700365,67.2703113963663,81.09274532365961,63.93061905349627,60.34635665551823,66.76782251600979,309,UP,0.6691306063588549,0.74314482547739
61.11867150380829,60.709540966320176,47.99999999999998,85.0,85.0,52.31998819505266,41.24720677332209,38.93468713174731,43.07773367277781,52.870527636978146,41.68123237197686,39.34437913789118,43.5310210735167,58.71866965925056,64.83766318517766,61.2025474680448,67.7151207354688,81.69274532365961,64.40363758652288,60.792855461900935,67.26183333472994,310,UP,0.6691306063588549,0.74314482547739
61.5201498676236,61.15542786160661,47.99999999999998,85.0,85.0,51.77974576847395,40.82129897315709,38.53265780070617,42.6329243336753,52.27052763697815,41.20821383895025,38.89788033150848,43.03701025479654,58.052302150353036,65.26357098534265,61.60457679908595,68.15993007457132,82.29274532365962,64.8766561195495,61.23935426828364,67.75584415345008,311,UP,0.6691306063588549,0.74314482547739
61.921628231438916,61.601314756893046,47.99999999999998,85.0,85.0,51.239503341895265,40.395391172992106,38.13062846966502,42.18811499457279,51.67052763697815,40.73519530592365,38.451381525125754,42.54299943607639,57.38593464145554,65.68947878550765,62.006606130127096,68.60473941367383,82.89274532365961,65.34967465257608,61.68585307466635,68.24985497217024,312,UP,0.6691306063588549,0.74314482547739
62.32310659525423,62.04720165217948,47.99999999999998,85.0,85.0,50.699260915316565,39.96948337282712,37.72859913862388,41.74330565547028,51.070527636978156,40.262176772897035,38.00488271874304,42.04898861735624,56.719567132558026,66.11538658567264,62.408635461168245,69.04954875277635,83.4927453236596,65.8226931856027,62.132351881049054,68.7438657908904,313,UP,0.6691306063588549,0.74314482547739
62.724584959069546,62.493088547465916,47.99999999999998,85.0,85.0,50.15901848873785,39.543575572662135,37.326569807582715,41.29849631636777,50.47052763697815,39.78915823987043,37.55838391236034,41.55497779863609,56.053199623660504,66.54129438583762,62.81066479220939,69.49435809187885,84.09274532365961,66.2957117186293,62.57885068743177,69.23787660961054,314,UP,0.6691306063588549,0.74314482547739
63.12606332288486,62.93897544275235,47.99999999999998,85.0,85.0,49.61877606215916,39.11766777249714,36.92454047654158,40.85368697726525,49.87052763697815,39.31613970684383,37.11188510597763,41.060966979915946,55.386832114763,66.96720218600261,63.21269412325054,69.93916743098136,84.69274532365961,66.76873025165591,63.02534949381447,69.7318874283307,315,UP,0.6691306063588549,0.74314482547739
63.527541686700175,63.384862338038786,47.99999999999998,85.0,85.0,49.07853363558044,38.69175997233216,36.52251114550043,40.40887763816274,49.27052763697815,38.84312117381722,36.66538629959492,40.5669561611958,54.72046460586548,67.3931099861676,63.61472345429169,70.38397677008388,85.2927453236596,67.24174878468251,63.47184830019718,70.22589824705085,316,UP,0.6691306063588549,0.74314482547739
63.92902005051549,63.83074923332522,47.99999999999998,85.0,85.0,48.538291209001734,38.265852172167165,36.12048181445928,39.96406829906022,48.67052763697816,38.370102640790606,36.218887493212215,40.07294534247564,54.05409709696796,67.8190177863326,64.01675278533284,70.8287861091864,85.8927453236596,67.71476731770912,63.91834710657988,70.71990906577099,317,UP,0.6691306063588549,0.74314482547739
64.3304984143308,64.27663612861166,47.99999999999998,85.0,85.0,47.998048782423034,37.83994437200217,35.71845248341812,39.51925895995771,48.070527636978156,37.89708410776401,35.77238868682951,39.57893452375549,53.38772958807044,68.24492558649757,64.41878211637399,71.2735954482889,86.4927453236596,68.18778585073574,64.36484591296258,71.21391988449115,318,UP,0.6691306063588549,0.74314482547739
64.73197677814612,64.72252302389809,47.99999999999998,85.0,85.0,47.457806355844326,37.41403657183719,35.316423152376984,39.074449620855205,47.470527636978154,37.4240655747374,35.3258898804468,39.08492370503534,52.72136207917293,68.67083338666258,64.82081144741514,71.71840478739142,87.09274532365961,68.66080438376234,64.8113447193453,71.70793070321129,319,UP,0.6691306063588549,0.74314482547739
65.13345514196143,65.16840991918453,47.99999999999998,85.0,85.0,46.91756392926563,36.9881287716722,34.914393821335835,38.629640281752685,46.87052763697816,36.951047041710794,34.879391074064095,38.59091288631519,52.05499457027543,69.09674118682756,65.22284077845629,72.16321412649393,87.69274532365961,69.13382291678894,65.25784352572799,72.20194152193145,320,UP,0.6691306063588549,0.74314482547739
65.53493350577675,65.61429681447096,47.99999999999998,85.0,85.0,46.37732150268693,36.56222097150721,34.51236449029469,38.18483094265018,46.27052763697816,36.47802850868419,34.432892267681396,38.096902067595046,51.38862706137792,69.52264898699255,65.62487010949744,72.60802346559643,88.2927453236596,69.60684144981555,65.70434233211071,72.6959523406516,321,UP,0.6691306063588549,0.74314482547739
65.93641186959206,66.0601837097574,47.99999999999998,85.0,85.0,45.837079076108225,36.136313171342216,34.11033515925352,37.74002160354767,45.67052763697816,36.005009975657586,33.98639346129868,37.60289124887488,50.7222595524804,69.94855678715754,66.02689944053859,73.05283280469895,88.8927453236596,70.07985998284215,66.1508411384934,73.18996315937174,322,UP,0.6691306063588549,0.74314482547739
66.33789023340738,66.50607060504383,47.99999999999998,85.0,85.0,45.29683664952952,35.71040537117724,33.70830582821239,37.295212264445155,45.07052763697816,35.531991442630975,33.539894654915976,37.108880430154734,50.055892043582894,70.37446458732252,66.42892877157973,73.49764214380147,89.4927453236596,70.55287851586877,66.59733994487613,73.6839739780919,323,UP,0.6691306063588549,0.74314482547739
66.7393685972227,66.95195750033027,47.99999999999998,85.0,85.0,44.75659422295081,35.28449757101226,33.30627649717124,36.850402925342635,44.47052763697816,35.05897290960437,33.09339584853327,36.61486961143458,49.38952453468538,70.80037238748751,66.83095810262087,73.94245148290398,90.0927453236596,71.02589704889537,67.04383875125882,74.17798479681205,324,UP,0.6691306063588549,0.74314482547739
67.14084696103801,67.3978443956167,47.99999999999998,85.0,85.0,44.216351796372116,34.85858977084725,32.90424716613009,36.40559358624013,43.87052763697817,34.58595437657777,32.64689704215056,36.12085879271443,48.723157025787856,71.2262801876525,67.23298743366202,74.38726082200648,90.6927453236596,71.49891558192198,67.49033755764152,74.6719956155322,325,UP,0.6691306063588549,0.74314482547739
67.54232532485332,67.84373129090314,47.99999999999998,85.0,85.0,43.676109369793394,34.43268197068227,32.50221783508893,35.96078424713762,43.270527636978166,34.112935843551156,32.20039823576786,35.62684797399427,48.05678951689034,71.6521879878175,67.63501676470317,74.832070161109,91.29274532365959,71.97193411494858,67.93683636402423,75.16600643425235,326,UP,0.6691306063588549,0.74314482547739
67.94380368866864,68.28961818618957,47.99999999999998,85.0,85.0,43.13586694321471,34.006774170517275,32.10018850404779,35.515974908035105,42.67052763697817,33.63991731052455,31.75389942938515,35.13283715527413,47.39042200799282,72.07809578798248,68.03704609574432,75.2768795002115,91.8927453236596,72.44495264797519,68.38333517040695,74.46078985881735,327,UP,0.6691306063588549,0.74314482547739
68.34528205248395,68.735505081476,47.99999999999998,85.0,85.0,42.595624516636,33.58086637035229,31.698159173006648,35.07116556893259,42.07052763697817,33.16689877749795,31.307400623002444,34.63882633655398,46.7240544990953,72.50400358814747,68.43907542678546,75.72168883931403,92.49274532365959,72.91797118100179,68.82983397678964,73.52822768610733,328,UP,0.6691306063588549,0.74314482547739
68.74676041629927,69.18139197676244,47.99999999999998,85.0,85.0,42.05538209005729,33.15495857018729,31.296129841965495,34.62635622983008,41.47052763697817,32.693880244471345,30.860901816619737,34.144815517833834,46.05768699019778,72.92991138831246,68.84110475782661,76.16649817841655,93.09274532365959,73.3909897140284,69.27633278317235,72.5956655133973,329,UP,0.6691306063588549,0.74314482547739
69.14823878011458,69.62727887204888,47.99999999999998,85.0,85.0,41.51513966347859,32.729050770022305,30.894100510924332,34.181546890727574,40.870527636978174,32.22086171144473,30.41440301023703,33.65080469911368,45.39131948130029,73.35581918847745,69.24313408886776,76.61130751751905,93.6927453236596,73.86400824705501,69.72283158955506,71.66310334068731,330,UP,0.6691306063588549,0.74314482547739
69.5497171439299,70.07316576733531,47.99999999999998,85.0,85.0,40.974897236899885,32.30314296985732,30.4920711798832,33.73673755162505,40.27052763697817,31.747843178418126,29.967904203854324,33.15679388039353,44.72495197240278,73.78172698864245,69.64516341990891,77.05611685662156,94.29274532365959,74.33702678008162,70.16933039593778,70.73054116797725,331,UP,0.6691306063588549,0.74314482547739
69.95119550774521,70.51905266262175,47.99999999999998,85.0,85.0,40.43465481032118,31.877235169692337,30.090041848842052,33.29192821252255,39.67052763697817,31.27482464539152,29.521405397471614,32.662783061673366,44.05858446350527,74.20763478880743,70.04719275095006,77.50092619572406,94.89274532365958,74.81004531310822,70.61582920232047,69.79797899526724,332,UP,0.6691306063588549,0.74314482547739
70.35267387156053,70.96493955790818,47.99999999999998,85.0,85.0,39.89441238374246,31.45132736952734,29.688012517800903,32.84711887342003,39.07052763697818,30.801806112364915,29.074906591088908,32.168772242953224,43.39221695460775,74.63354258897242,70.44922208199121,77.94573553482658,95.49274532365958,75.28306384613482,71.06232800870318,68.86541682255725,333,UP,0.6691306063588549,0.74314482547739
70.75415223537584,71.41082645319462,47.99999999999998,85.0,85.0,39.35416995716376,31.02541956936235,29.28598318675974,32.402309534317524,38.470527636978176,30.32878757933831,28.6284077847062,31.67476142423307,42.72584944571023,75.05945038913741,70.85125141303236,78.39054487392909,96.09274532365957,75.75608237916144,71.50882681508588,67.93285464984722,334,UP,0.6691306063588549,0.74314482547739
71.15563059919116,71.85671334848105,47.99999999999998,85.0,85.0,38.813927530585076,30.599511769197363,28.883953855718605,31.957500195215,37.870527636978174,29.855769046311703,28.181908978323495,31.18075060551292,42.059481936812716,75.48535818930239,71.2532807440735,78.83535421303161,96.69274532365958,76.22910091218803,71.95532562146859,67.00029247713721,335,UP,0.6691306063588549,0.74314482547739
71.55710896300647,72.30260024376749,47.99999999999998,85.0,85.0,38.27368510400637,30.17360396903237,28.481924524677456,31.51269085611249,37.27052763697818,29.382750513285092,27.73541017194079,30.686739786792774,41.3931144279152,75.91126598946738,71.65531007511466,79.28016355213411,97.29274532365957,76.70211944521465,72.40182442785131,66.06773030442722,336,UP,0.6691306063588549,0.74314482547739
71.95858732682179,72.74848713905392,47.99999999999998,85.0,85.0,37.73344267742766,29.74769616886738,28.07989519363631,31.067881517009983,36.67052763697818,28.909731980258485,27.288911365558082,30.19272896807262,40.72674691901768,76.33717378963237,72.0573394061558,79.72497289123663,97.89274532365958,77.17513797824125,72.84832323423402,65.13516813171722,337,UP,0.6691306063588549,0.74314482547739
72.3600656906371,73.19437403434036,47.99999999999998,85.0,85.0,37.19320025084896,29.321788368702393,27.677865862595148,30.623072177907467,36.070527636978184,28.436713447231885,26.842412559175376,29.698718149352466,40.06037941012019,76.76308158979737,72.45936873719695,80.16978223033914,98.49274532365958,77.64815651126786,73.29482204061671,64.20260595900717,338,UP,0.6691306063588549,0.74314482547739
72.76154405445241,73.64026092962679,47.99999999999998,85.0,85.0,36.65295782427026,28.895880568537407,27.275836531554013,30.178262838804958,35.47052763697818,27.963694914205274,26.39591375279267,29.20470733063231,39.39401190122267,77.18898938996236,72.8613980682381,80.61459156944166,99.09274532365957,78.12117504429446,73.74132084699943,63.270043786297165,339,UP,0.6691306063588549,0.74314482547739
73.16302241826773,74.08614782491323,47.99999999999998,85.0,85.0,36.112715397691545,28.469972768372422,26.873807200512864,29.733453499702442,34.87052763697818,27.490676381178666,25.949414946409963,28.710696511912158,38.72764439232517,77.61489719012734,73.26342739927925,81.05940090854416,99.69274532365957,78.59419357732106,74.18781965338214,62.33748161358711,340,UP,0.6691306063588549,0.74314482547739
73.56450078208304,74.53203472019966,47.99999999999998,85.0,85.0,35.57247297111283,28.04406496820743,26.471777869471715,29.28864416059994,34.27052763697819,27.01765784815206,25.502916140027256,28.21668569319201,38.06127688342765,76.29551213614998,73.6654567303204,81.50421024764668,100.29274532365957,79.06721211034767,74.63431845976484,61.40491944087713,341,UP,0.6691306063588549,0.74314482547739
73.96597914589836,74.9779216154861,47.99999999999998,85.0,85.0,35.03223054453413,27.618157168042437,26.069748538430552,28.843834821497417,33.670527636978186,26.54463931512546,25.05641733364455,27.72267487447186,37.39490937453013,74.95974900560815,74.06748606136155,81.94901958674919,100.89274532365957,79.54023064337429,75.08081726614755,60.47235726816709,342,UP,0.6691306063588549,0.74314482547739
74.36745750971367,75.42380851077253,47.99999999999998,85.0,85.0,34.49198811795542,27.192249367877444,25.667719207389418,28.3990254823949,33.070527636978184,26.071620782098847,24.609918527261843,27.22866405575171,36.728541865632614,73.62398587506632,74.4695153924027,82.39382892585171,101.49274532365956,80.01324917640089,75.52731607253025,59.53979509545709,343,UP,0.6691306063588549,0.74314482547739
74.76893587352899,75.86969540605897,47.99999999999998,85.0,85.0,33.951745691376715,26.76634156771246,25.26568987634827,27.954216143292378,32.47052763697819,25.59860224907224,24.163419720879137,26.734653237031566,36.06217435673509,72.28822274452452,74.87154472344385,82.83863826495421,102.09274532365956,80.4862677094275,75.97381487891296,58.60723292274708,344,UP,0.6691306063588549,0.74314482547739
75.1704142373443,76.3155823013454,47.99999999999998,85.0,85.0,33.41150326479804,26.34043376754747,24.86366054530712,27.509406804189883,31.87052763697819,25.125583716045632,23.71692091449643,26.240642418311413,35.3958068478376,70.95245961398273,75.273574054485,83.28344760405673,102.69274532365957,80.9592862424541,76.42031368529567,57.67467075003706,345,UP,0.6691306063588549,0.74314482547739
75.57189260115962,76.76146919663184,47.99999999999998,85.0,85.0,32.871260838219314,25.914525967382485,24.461631214265957,27.06459746508737,31.27052763697819,24.652565183019032,23.27042210811372,25.746631599591257,34.72943933894008,69.61669648344092,75.67560338552614,83.72825694315924,103.29274532365956,81.4323047754807,76.86681249167837,56.74210857732705,346,UP,0.6691306063588549,0.74314482547739
75.97337096497493,77.20735609191827,47.99999999999998,85.0,85.0,32.331018411640635,25.4886181672175,24.059601883224822,26.619788125984854,30.670527636978193,24.179546649992425,22.823923301731014,25.25262078087111,34.06307183004257,68.28093335289905,76.07763271656728,84.17306628226176,103.89274532365955,81.9053233085073,77.31331129806108,55.80954640461701,347,UP,0.6691306063588549,0.74314482547739
76.37484932879025,77.6532429872047,47.99999999999998,85.0,85.0,31.790775985061927,25.062710367052517,23.657572552183673,26.174978786882328,30.070527636978195,23.706528116965814,22.377424495348308,24.758609962150953,33.39670432114507,66.94517022235726,76.47966204760843,84.61787562136426,104.49274532365955,82.37834184153392,77.75981010444379,54.876984231907,348,UP,0.6691306063588549,0.74314482547739
76.77632769260556,78.09912988249114,47.99999999999998,85.0,85.0,31.25053355848321,24.636802566887514,23.255543221142528,25.73016944777983,29.470527636978197,23.233509583939213,21.930925688965605,24.2645991434308,32.73033681224756,65.60940709181543,76.88169137864959,85.06268496046678,105.09274532365954,82.85136037456053,78.2063089108265,53.94442205919695,349,RIGHT,0.74314482547739,-0.6691306063588549
76.77632769260556,78.09912988249114,44.99999999999998,85.0,85.0,32.843232345225715,25.137121767670227,23.22367230739445,25.1371217676702,30.972507547952738,23.705330994808357,21.900870117508887,23.705330994808367,30.972507547952674,57.22973158820954,76.77632769260558,83.10209826156915,108.57812389208374,84.53388903443107,78.09912988249116,60.68638029053351,350,UP,0.707106781186544,0.7071067811865435
77.20059176131748,78.52339395120306,44.99999999999998,85.0,85.0,32.243232345225735,24.677901648832123,22.79940823868253,24.677901648832105,30.37250754795275,23.246110875970256,21.476606048796967,23.246110875970277,30.372507547952694,56.121076149196014,77.2005917613175,83.56131838040726,109.17812389208373,84.99310915326917,78.52339395120308,59.57772485151998,351,UP,0.707106781186544,0.7071067811865435
77.6248558300294,78.94765801991498,44.99999999999998,85.0,85.0,31.64323234522573,24.218681529994033,22.37514416997061,24.218681529994004,29.772507547952753,22.786890757132166,21.052341980085046,22.786890757132173,29.772507547952692,55.01242071018249,77.62485583002942,84.02053849924535,109.77812389208373,85.45232927210726,78.947658019915,58.46906941250648,352,UP,0.707106781186544,0.7071067811865435
78.04911989874132,79.3719220886269,44.99999999999998,85.0,85.0,31.043232345225753,23.759461411155925,21.95088010125869,23.759461411155904,29.172507547952762,22.327670638294066,20.628077911373126,22.32767063829407,29.172507547952705,53.903765271168965,78.04911989874134,84.47975861808344,110.37812389208369,85.91154939094537,79.37192208862692,57.360413973492946,353,UP,0.707106781186544,0.7071067811865435
78.47338396745324,79.79618615733882,44.99999999999998,85.0,85.0,30.443232345225773,23.300241292317825,21.52661603254677,23.300241292317807,28.572507547952775,21.868450519455966,20.203813842661205,21.868450519455973,28.57250754795273,52.79510983215542,78.47338396745326,84.93897873692154,110.97812389208369,86.37076950978347,79.79618615733884,56.251758534479414,354,UP,0.707106781186544,0.7071067811865435
78.89764803616517,80.22045022605074,44.99999999999998,85.0,85.0,29.84323234522579,22.84102117347973,21.10235196383485,22.84102117347971,27.972507547952794,21.40923040061786,19.779549773949284,21.409230400617876,27.972507547952723,51.68645439314194,78.89764803616518,85.39819885575965,111.57812389208367,86.82998962862156,80.22045022605076,55.143103095465854,355,UP,0.707106781186544,0.7071067811865435
79.32191210487709,80.64471429476266,44.99999999999998,85.0,85.0,29.243232345225785,22.381801054641635,20.67808789512293,22.381801054641613,27.372507547952797,20.950010281779768,19.355285705237364,20.950010281779775,27.372507547952747,50.57779895412838,79.3219121048771,85.85741897459773,112.17812389208368,87.28920974745967,80.64471429476268,54.03444765645237,356,UP,0.707106781186544,0.7071067811865435
79.746176173589,81.06897836347459,44.99999999999998,85.0,85.0,28.643232345225783,21.922580935803527,20.253823826411008,21.922580935803513,26.77250754795281,20.490790162941668,18.931021636525443,20.490790162941675,26.772507547952742,49.469143515114865,79.74617617358902,86.31663909343584,112.77812389208366,87.74842986629777,81.0689783634746,52.92579221743881,357,UP,0.707106781186544,0.7071067811865435
80.17044024230093,81.4932424321865,44.99999999999998,85.0,85.0,28.043232345225803,21.463360816965427,19.829559757699087,21.463360816965412,26.17250754795282,20.031570044103564,18.506757567813523,20.03157004410357,26.172507547952787,48.36048807610139,80.17044024230094,86.77585921227394,113.37812389208364,88.20764998513586,81.49324243218652,51.81713677842529,358,UP,0.707106781186544,0.7071067811865435
80.59470431101285,81.91750650089843,44.99999999999998,85.0,85.0,27.443232345225827,21.004140698127337,19.405295688987167,21.004140698127312,25.57250754795283,19.57234992526547,18.082493499101602,19.572349925265478,25.572507547952785,47.251832637087865,80.59470431101286,87.23507933111203,113.97812389208363,88.66687010397396,81.91750650089844,50.70848133941181,359,UP,0.707106781186544,0.7071067811865435
81.01896837972477,82.34177056961035,44.99999999999998,85.0,85.0,26.84323234522582,20.544920579289233,18.981031620275246,20.544920579289208,24.97250754795284,19.11312980642737,17.65822943038968,19.113129806427377,24.97250754795278,46.143177198074284,81.01896837972478,87.69429944995014,114.57812389208362,89.12609022281205,82.34177056961036,49.59982590039827,360,RIGHT,0.7071067811865435,-0.707106781186544
81.01896837972477,82.34177056961035,41.999999999999986,85.0,85.0,28.366706648739985,21.029626728234792,19.007080163055736,20.136002711150702,25.54149738993588,19.564056423885763,17.682462630878828,18.7327097282024,23.761491468430883,41.016897267697516,81.13015443673639,85.94886724734899,109.02177557070164,91.22879798436088,82.45477196891329,56.86231752051127,361,UP,0.7431448254773905,0.6691306063588544
81.4648552750112,82.74324893342566,41.999999999999986,85.0,85.0,27.70033913984247,20.53561590951465,18.56058135667303,19.662984178124095,24.941497389935893,19.119247084783254,17.280433299837682,18.306801928037416,23.221249041852182,40.08433509498755,81.5766532431191,86.42188578037559,109.62177557070164,91.6736073234634,82.85680129995444,55.52655438996946,362,RIGHT,0.6691306063588544,-0.7431448254773905
81.4648552750112,82.74324893342566,38.99999999999998,85.0,85.0,29.452636508517287,21.09101479469973,18.637241483884285,19.331209038513162,23.85027478009361,19.636339367929576,17.351806075807055,17.997909762408675,22.20528951115165,36.165638156125276,81.91358647246739,84.96368223606702,104.82568180922306,94.15297874980348,83.19902188054462,65.26106800430517,363,RIGHT,0.6293203910498337,-0.7771459614569669
81.4648552750112,82.74324893342566,35.99999999999998,85.0,85.0,31.533871686467567,21.738531094215926,18.766187635484624,19.06182445196202,22.91069885288279,20.239195604451762,17.471858639311453,17.747104990163358,21.330517389077887,33.027365493254095,82.4803249433157,83.77969491455882,100.6960988970961,97.0435740569492,83.77465393948889,79.39821300726169,364,RIGHT,0.5877852522924696,-0.8090169943749432
81.4648552750112,82.74324893342566,32.99999999999998,85.0,85.0,34.03197995985988,22.49066342131487,18.94923088405448,18.85080316650564,22.100626197478487,20.93945236157169,17.642277150839334,17.550638124276958,20.576316525390848,30.467092241543327,83.0003882836022,82.8522234146209,97.13570308611621,100.40118864779305,84.59178233566362,84.1523884568496,365,RIGHT,0.5446390350150238,-0.8386705679454196
81.4648552750112,82.74324893342566,29.99999999999998,85.0,85.0,37.07028944997763,23.363038615536272,19.188993834234523,18.69508375816815,21.402541592881903,21.751658674859186,17.865503330490732,17.405658891269333,19.926379747250106,28.347313486457967,66.67496613218218,82.16781229984711,94.0675122450432,104.29558272616732,85.66211471051764,83.45723716674595,366,RIGHT,0.49999999999999695,-0.866025403784434
81.4648552750112,82.74324893342566,26.99999999999998,85.0,85.0,40.8271643032671,24.375327868927062,19.48900449911492,18.592459071386365,20.80247924320503,22.694128988003353,18.144821859586372,17.31011236604092,19.36770449834114,26.5714110789057,55.84401952222645,81.7167607768962,91.43014452023101,108.81457100107514,87.00140056424043,82.99910748224167,367,UP,0.8910065241883631,0.4539904997395439
81.99945918952422,83.01564323326939,26.99999999999998,85.0,85.0,39.649597999964,23.67227721086025,18.926888678074583,18.05620205545998,20.20247924320504,22.335906785434535,17.858409543202853,17.03687576895647,19.06198922864446,26.151986768456105,54.96253305124867,82.25301779282258,92.030144520231,109.17279320364398,87.28781288062393,83.27234407932609,368,UP,0.8910065241883631,0.4539904997395439
82.53406310403723,83.28803753311311,26.99999999999998,85.0,85.0,38.47203169666095,22.96922655279346,18.364772857034254,17.519945039533596,19.602479243205053,21.977684582865695,17.57199722681935,16.76363917187204,18.75627395894782,25.732562458006512,54.08104658027092,82.78927480874896,92.63014452023098,109.53101540621283,87.57422519700745,83.54558067641054,369,UP,0.8910065241883631,0.4539904997395439
83.06866701855024,83.56043183295684,26.99999999999998,85.0,85.0,37.29446539335785,22.26617589472668,17.802657035993906,16.983688023607215,19.002479243205066,21.619462380296856,17.285584910435837,16.490402574787634,18.450558689251167,25.31313814755691,53.1995601092932,83.32553182467534,93.23014452023098,109.88923760878166,87.86063751339096,83.81881727349496,370,UP,0.8910065241883631,0.4539904997395439
83.60327093306326,83.83282613280056,26.99999999999998,85.0,85.0,36.1168990900548,21.563125236659886,17.240541214953574,16.447431007680834,18.402479243205075,21.261240177728023,16.99917259405233,16.21716597770319,18.144843419554526,24.89371383710729,52.31807363831544,83.86178884060172,93.83014452023097,110.2474598113505,88.14704982977447,84.09205387057939,371,UP,0.8910065241883631,0.4539904997395439
84.13787484757627,84.10522043264429,26.99999999999998,85.0,85.0,34.93933278675175,20.860074578593103,16.67842539391323,15.911173991754447,17.802479243205084,20.903017975159187,16.71276027766882,15.943929380618743,17.83912814985785,24.474289526657696,51.43658716733769,84.39804585652811,94.43014452023097,110.60568201391932,88.43346214615798,84.36529046766381,372,UP,0.8910065241883631,0.4539904997395439
84.67247876208928,84.37761473248801,26.99999999999998,85.0,85.0,33.76176648344865,20.15702392052631,16.116309572872893,15.374916975828064,17.20247924320509,20.544795772590337,16.42634796128529,15.670692783534339,17.533412880161205,24.05486521620812,50.55510069635994,84.93430287245448,95.03014452023096,110.96390421648816,88.71987446254148,84.63852706474826,373,UP,0.8910065241883631,0.4539904997395439
85.2070826766023,84.65000903233174,26.99999999999998,85.0,85.0,32.58420018014555,19.453973262459527,15.554193751832555,14.838659959901682,16.602479243205096,20.18657357002151,16.139935644901804,15.397456186449906,17.227697610464556,23.635440905758525,49.67361422538219,85.47055988838088,95.63014452023094,111.322126419057,89.00628677892499,84.91176366183268,374,UP,0.8910065241883631,0.4539904997395439
12.375118631875782,43.43572480538607,26.99999999999998,85.0,85.0,48.74905359975043,66.88098442525929,92.13425266194223,87.8958348933485,98.34370342904401,74.38694296668162,59.47519860855424,56.73918316055285,27.258540958401927,16.274357634886098,13.011969761884552,12.413384954934065,13.888920334392031,19.054824575566663,40.04672512237408,43.570036687729726,375,LEFT,-0.45399049973954386,0.8910065241883631
12.375118631875782,43.43572480538607,29.99999999999998,85.0,85.0,50.15525481767231,71.35098042613313,90.71595249167834,88.38099301529034,101.18049769119102,71.29770850129597,58.55964677114474,57.052366095513165,24.75023726375159,15.598495655583896,12.811665549330032,12.481903042724964,14.289556146734078,20.32835531651022,44.967971269863625,43.81052996250212,376,UP,0.866025403784434,0.49999999999999684
12.894733874146443,43.73572480538607,29.99999999999998,85.0,85.0,50.50166497918608,71.8437843156445,90.1780072083775,87.85689403357726,100.58049769119103,70.9195667770929,58.24906391702172,56.74977740733913,25.789467748292907,16.25345633436532,13.34961083263086,13.006002024438022,14.889556146734074,21.18191669131148,45.278554123986645,44.113118650676164,377,UP,0.866025403784434,0.49999999999999684
13.414349116417103,44.03572480538607,29.99999999999998,85.0,85.0,50.848075140699855,72.33658820515586,89.64006192507668,87.33279505186421,99.98049769119103,70.54142505288984,57.9384810628987,56.44718871916509,26.828698232834224,16.908417013146753,13.88755611593169,13.530101006151085,15.48955614673407,22.035478066112738,45.589136978109664,44.415707338850204,378,UP,0.866025403784434,0.49999999999999684
13.933964358687764,44.335724805386064,29.99999999999998,85.0,85.0,51.19448530221363,72.82939209466723,89.10211664177582,86.80869607015116,99.38049769119102,70.16328332868676,57.627898208775676,56.14460003099104,27.867928717375555,17.563377691928174,14.425501399232521,14.054199987864143,16.08955614673407,22.88903944091399,45.89971983223269,44.71829602702425,379,UP,0.866025403784434,0.49999999999999684
14.453579600958424,44.63572480538606,29.99999999999998,85.0,85.0,51.540895463727395,73.3221959841786,88.56417135847501,86.28459708843809,98.78049769119103,69.78514160448367,57.317315354652656,55.84201134281699,28.907159201916873,18.218338370709606,14.963446682533345,14.578298969577205,16.689556146734063,23.74260081571524,46.21030268635571,45.02088471519829,380,UP,0.866025403784434,0.49999999999999684
14.973194843229084,44.93572480538606,29.99999999999998,85.0,85.0,51.88730562524117,73.81499987368997,88.02622607517416,85.76049810672502,98.18049769119104,69.4069998802806,57.00673250052963,55.53942265464296,29.9463896864582,18.87329904949103,15.501391965834175,15.102397951290266,17.289556146734057,24.5961621905165,46.52088554047873,45.32347340337233,381,UP,0.866025403784434,0.49999999999999684
15.492810085499745,45.235724805386056,29.99999999999998,85.0,85.0,52.23371578675494,74.30780376320135,87.48828079187335,85.23639912501197,97.58049769119104,69.02885815607753,56.69614964640661,55.236833966468915,30.985620170999507,19.528259728272463,16.039337249135006,15.626496933003324,17.88955614673406,25.449723565317758,46.83146839460175,45.62606209154638,382,UP,0.866025403784434,0.49999999999999684
16.012425327770405,45.53572480538605,29.99999999999998,85.0,85.0,52.580125948268716,74.80060765271271,86.95033550857251,84.7123001432989,96.98049769119105,68.65071643187444,56.38556679228359,54.934245278294874,32.024850655540845,20.183220407053884,16.577282532435834,16.150595914716384,18.489556146734053,26.30328494011901,47.142051248724776,45.92865077972042,383,UP,0.866025403784434,0.49999999999999684
16.532040570041065,45.83572480538605,29.99999999999998,85.0,85.0,52.92653610978249,75.29341154222409,86.4123902252717,84.18820116158585,96.38049769119105,68.27257470767137,56.07498393816057,54.63165659012082,33.06408114008215,20.83818108583532,17.115227815736667,16.674694896429443,19.08955614673405,27.15684631492026,47.452634102847796,46.23123946789446,384,UP,0.866025403784434,0.49999999999999684
17.051655812311726,46.13572480538605,29.99999999999998,85.0,85.0,53.272946271296256,75.78621543173544,85.87444494197085,83.66410217987278,95.78049769119106,67.89443298346829,55.764401084037544,54.329067901946786,34.10331162462349,21.493141764616748,17.653173099037495,17.198793878142503,19.689556146734045,28.01040768972152,47.76321695697082,46.53382815606851,385,UP,0.866025403784434,0.49999999999999684
17.571271054582386,46.435724805386045,29.99999999999998,85.0,85.0,53.61935643281002,76.27901932124682,85.33649965867004,83.14000319815973,95.18049769119106,67.51629125926523,55.453818229914525,54.026479213772745,35.14254210916479,22.148102443398173,18.191118382338324,17.722892859855566,20.289556146734043,28.863969064522777,48.07379981109384,46.83641684424255,386,UP,0.866025403784434,0.49999999999999684
18.090886296853046,46.73572480538604,29.99999999999998,85.0,85.0,53.9657665943238,76.77182321075819,84.79855437536919,82.61590421644667,94.58049769119107,67.13814953506214,55.1432353757915,53.723890525598705,36.181772593706135,22.803063122179605,18.729063665639153,18.246991841568626,20.889556146734044,29.71753043932403,48.38438266521686,47.13900553241659,387,UP,0.866025403784434,0.49999999999999684
18.610501539123707,47.03572480538604,29.99999999999998,85.0,85.0,54.31217675583758,77.26462710026955,84.26060909206838,82.09180523473361,93.98049769119106,66.76000781085907,54.83265252166848,53.42130183742465,37.22100307824745,23.45802380096103,19.26700894893998,18.771090823281686,21.48955614673404,30.571091814125282,48.69496551933989,47.44159422059064,388,UP,0.866025403784434,0.49999999999999684
19.130116781394367,47.335724805386036,29.99999999999998,85.0,85.0,54.65858691735134,77.75743098978093,83.72266380876754,81.56770625302055,93.38049769119107,66.38186608665599,54.52206966754546,53.11871314925062,38.26023356278877,24.112984479742458,19.804954232240814,19.295189804994745,22.089556146734036,31.42465318892654,49.00554837346291,47.74418290876468,389,UP,0.866025403784434,0.49999999999999684
19.649732023665027,47.63572480538603,29.99999999999998,85.0,85.0,55.00499707886512,78.2502348792923,83.18471852546672,81.0436072713075,92.78049769119107,66.00372436245291,54.21148681342244,52.816124461076576,39.29946404733008,24.767945158523883,20.342899515541642,19.819288786707805,22.689556146734027,32.2782145637278,49.31613122758593,48.04677159693872,390,UP,0.866025403784434,0.49999999999999684
20.169347265935688,47.93572480538603,29.99999999999998,85.0,85.0,55.3514072403789,78.74303876880367,82.64677324216588,80.51950828959443,92.18049769119106,65.62558263824984,53.90090395929941,52.51353577290253,40.338694531871425,25.42290583730532,20.880844798842475,20.343387768420865,23.28955614673403,33.131775938529046,49.626714081708954,48.349360285112766,391,UP,0.866025403784434,0.49999999999999684
20.688962508206348,48.23572480538603,29.99999999999998,85.0,85.0,55.697817401892664,79.23584265831504,82.10882795886506,79.99540930788137,91.58049769119108,65.24744091404676,53.590321105176386,52.210947084728474,41.37792501641273,26.077866516086743,21.4187900821433,20.867486750133928,23.88955614673402,33.985337313330305,49.937296935831974,48.65194897328681,392,UP,0.866025403784434,0.49999999999999684
21.20857775047701,48.535724805386025,29.99999999999998,85.0,85.0,56.04422756340644,79.72864654782641,81.57088267556422,79.47131032616831,90.98049769119108,64.86929918984369,53.27973825105337,51.90835839655444,42.41715550095406,26.732827194868168,21.956735365444132,21.391585731846984,24.48955614673402,34.83889868813156,50.24787978995499,48.954537661460854,393,UP,0.866025403784434,0.49999999999999684
21.72819299274767,48.83572480538602,29.99999999999998,85.0,85.0,56.39063772492021,80.22145043733777,81.0329373922634,78.94721134445524,90.3804976911911,64.49115746564061,52.969155396930354,51.6057697083804,43.45638598549538,27.3877878736496,22.49468064874496,21.915684713560047,25.08955614673401,35.69246006293282,50.55846264407802,49.25712634963489,394,UP,0.866025403784434,0.49999999999999684
22.24780823501833,49.13572480538602,29.99999999999998,85.0,85.0,56.73704788643398,80.71425432684916,80.49499210896256,78.42311236274219,89.78049769119109,64.11301574143754,52.65857254280733,51.30318102020636,44.49561647003669,28.04274855243103,23.03262593204579,22.439783695273107,25.689556146734013,36.54602143773407,50.86904549820104,49.559715037808935,395,UP,0.866025403784434,0.49999999999999684
22.76742347728899,49.435724805386016,29.99999999999998,85.0,85.0,57.08345804794775,81.20705821636052,79.95704682566175,77.89901338102912,89.1804976911911,63.73487401723445,52.3479896886843,51.0005923320323,45.53484695457803,28.697709231212453,23.570571215346618,22.96388267698617,26.289556146734007,37.39958281253533,51.179628352324066,49.862303725982976,396,UP,0.866025403784434,0.49999999999999684
23.28703871955965,49.73572480538601,29.99999999999998,85.0,85.0,57.429868209461524,81.6998621058719,79.4191015423609,77.37491439931607,88.5804976911911,63.356732293031385,52.03740683456128,50.69800364385827,46.57407743911934,29.352669909993885,24.108516498647447,23.487981658699226,26.889556146734005,38.25314418733658,51.490211206447086,50.16489241415702,397,UP,0.866025403784434,0.49999999999999684
23.80665396183031,50.03572480538601,29.99999999999998,85.0,85.0,57.77627837097529,82.19266599538327,78.88115625906008,76.850815417603,87.9804976911911,62.97859056882831,51.72682398043826,50.39541495568423,47.61330792366066,30.00763058877531,24.646461781948275,24.01208064041229,27.489556146734,39.10670556213783,51.800794060570105,50.467481102331064,398,UP,0.866025403784434,0.49999999999999684
24.32626920410097,50.33572480538601,29.99999999999998,85.0,85.0,58.12268853248906,82.68546988489462,78.34321097575923,76.32671643588995,87.3804976911911,62.600448844625234,51.416241126315235,50.09282626751019,48.65253840820199,30.662591267556746,25.184407065249108,24.53617962212535,28.089556146733997,39.96026693693909,52.11137691469313,50.77006979050511,399,UP,0.866025403784434,0.49999999999999684
24.84588444637163,50.635724805386005,29.99999999999998,85.0,85.0,58.46909869400284,83.178273774406,77.80526569245843,75.80261745417688,86.7804976911911,62.222307120422165,51.10565827219221,49.79023757933613,49.6917688927433,31.31755194633816,25.722352348549933,25.06027860383841,28.689556146733988,40.81382831174035,52.42195976881615,51.07265847867915,400,UP,0.866025403784434,0.49999999999999684
25.36549968864229,50.935724805386,29.99999999999998,85.0,85.0,58.81550885551661,83.67107766391736,77.26732040915758,75.27851847246383,86.1804976911911,61.84416539621908,50.795075418069196,49.4876488911621,50.730999377284625,31.972512625119595,26.26029763185077,25.58437758555147,29.28955614673399,41.667389686541604,52.73254262293917,51.37524716685319,401,UP,0.866025403784434,0.49999999999999684
25.885114930912952,51.235724805386,29.99999999999998,85.0,85.0,59.16191901703038,84.16388155342874,76.72937512585676,74.75441949075076,85.58049769119111,61.466023672016014,50.484492563946176,49.18506020298806,51.77022986182593,32.62747330390103,26.79824291515159,26.10847656726453,29.889556146733984,42.520951061342856,53.0431254770622,51.67783585502723,402,UP,0.866025403784434,0.49999999999999684
26.404730173183612,51.535724805385996,29.99999999999998,85.0,85.0,59.50832917854415,84.6566854429401,76.19142984255593,74.2303205090377,84.98049769119112,61.08788194781293,50.17390970982315,48.882471514814014,52.809460346367274,33.282433982682456,27.336188198452422,26.632575548977588,30.489556146733985,43.37451243614411,53.35370833118522,51.98042454320128,403,UP,0.866025403784434,0.49999999999999684
26.924345415454273,51.83572480538599,29.99999999999998,85.0,85.0,59.85473934005793,85.14948933245145,75.6534845592551,73.70622152732464,84.38049769119112,60.709740223609856,49.86332685570013,48.57988282663996,53.84869083090858,33.937394661463884,27.874133481753255,27.156674530690648,31.089556146733976,44.22807381094537,53.66429118530824,52.28301323137532,404,UP,0.866025403784434,0.49999999999999684
27.443960657724933,52.13572480538599,29.99999999999998,85.0,85.0,60.2011495015717,85.64229322196284,75.11553927595426,73.18212254561159,83.78049769119113,60.33159849940678,49.5527440015771,48.277294138465926,54.88792131544991,34.59235534024531,28.412078765054087,27.68077351240371,31.689556146733977,45.08163518574663,53.97487403943126,52.58560191954937,405,UP,0.866025403784434,0.49999999999999684
27.963575899995593,52.43572480538599,29.99999999999998,85.0,85.0,60.54755966308547,86.1350971114742,74.57759399265345,72.65802356389851,83.18049769119114,59.953456775203705,49.24216114745408,47.974705450291886,54.92249417483968,35.24731601902674,28.95002404835491,28.20487249411677,32.289556146733965,45.93519656054788,54.28545689355428,52.88819060772341,406,UP,0.866025403784434,0.49999999999999684
28.483191142266254,52.735724805385985,29.99999999999998,85.0,85.0,60.893969824599246,86.62790100098559,74.0396487093526,72.13392458218546,82.58049769119114,59.57531505100063,48.93157829333106,47.672116762117845,54.57608401332591,35.902276697808176,29.48796933165574,28.72897147582983,32.889556146733966,46.78875793534913,54.5960397476773,53.19077929589745,407,UP,0.866025403784434,0.49999999999999684
29.002806384536914,53.03572480538598,29.99999999999998,85.0,85.0,61.24037998611302,87.12070489049694,73.50170342605179,71.6098256004724,81.98049769119113,59.19717332679756,48.62099543920804,47.36952807394379,54.22967385181214,36.55723737658959,30.025914614956566,29.253070457542893,33.48955614673397,47.64231931015039,54.90662260180033,53.49336798407149,408,UP,0.866025403784434,0.49999999999999684
29.522421626807574,53.33572480538598,29.99999999999998,85.0,85.0,61.586790147626786,87.61350878000832,72.96375814275095,71.08572661875932,81.38049769119114,58.81903160259448,48.31041258508502,47.06693938576976,53.883263690298364,37.21219805537101,30.563859898257398,29.77716943925595,34.08955614673396,48.495880684951636,55.21720545592335,53.79595667224554,409,UP,0.866025403784434,0.49999999999999684
30.042036869078235,53.635724805385976,29.99999999999998,85.0,85.0,61.93320030914057,88.1063126695197,72.42581285945013,70.56162763704629,80.78049769119114,58.44088987839141,47.99982973096199,46.76435069759572,53.53685352878459,37.86715873415244,31.10180518155823,30.301268420969013,34.689556146733956,49.3494420597529,55.527788310046375,54.09854536041958,410,UP,0.866025403784434,0.49999999999999684
30.561652111348895,53.93572480538597,29.99999999999998,85.0,85.0,62.27961047065433,87.52512198809265,71.88786757614929,70.0375286553332,80.18049769119115,58.06274815418831,47.68924687683897,46.461762009421676,53.19044336727082,38.52211941293387,31.639750464859056,30.825367402682073,35.28955614673395,50.203003434554155,55.838371164169395,54.401134048593626,411,UP,0.866025403784434,0.49999999999999684
31.081267353619555,54.23572480538597,29.99999999999998,85.0,85.0,62.6260206321681,86.87016130931123,71.34992229284848,69.51342967362017,79.58049769119116,57.68460642998523,47.37866402271595,46.159173321247614,52.84403320575704,39.1770800917153,32.177695748159884,31.349466384395132,35.88955614673395,51.05656480935541,56.148954018292415,54.703722736767666,412,UP,0.866025403784434,0.49999999999999684
31.600882595890216,54.53572480538597,29.99999999999998,85.0,85.0,62.97243079368187,86.2152006305298,70.81197700954763,68.98933069190709,78.98049769119115,57.30646470578216,47.068081168592926,45.85658463307359,52.49762304424328,39.832040770496725,32.71564103146072,31.873565366108192,36.489556146733946,51.91012618415667,56.45953687241544,55.00631142494171,413,UP,0.866025403784434,0.49999999999999684
32.12049783816088,54.835724805385965,29.99999999999998,85.0,85.0,63.31884095519565,85.56023995174837,70.2740317262468,68.46523171019405,78.38049769119117,56.928322981579086,46.757498314469906,45.55399594489955,52.1512128827295,40.48700144927816,33.25358631476155,32.397664347821255,37.08955614673395,52.763687558957926,56.77011972653846,55.30890011311575,414,UP,0.866025403784434,0.49999999999999684
32.64011308043154,55.13572480538596,29.99999999999998,85.0,85.0,63.66525111670942,84.90527927296694,69.73608644294598,67.94113272848097,77.78049769119117,56.55018125737602,46.44691546034688,45.2514072567255,51.80480272121573,41.141962128059596,33.79153159806238,32.921763329534315,37.68955614673394,53.61724893375918,57.08070258066148,55.611488801289795,415,UP,0.866025403784434,0.49999999999999684
33.1597283227022,55.43572480538596,29.99999999999998,85.0,85.0,64.01166127822319,84.25031859418552,69.19814115964515,67.41703374676791,77.18049769119116,56.17203953317294,46.13633260622386,44.948818568551445,51.45839255970195,41.79692280684102,34.3294768813632,33.44586231124738,38.28955614673394,54.47081030856043,57.39128543478451,55.914077489463835,416,UP,0.866025403784434,0.49999999999999684
33.67934356497286,55.735724805385956,29.99999999999998,85.0,85.0,64.35807143973696,83.59535791540408,68.66019587634432,66.89293476505485,76.58049769119117,55.79389780896987,45.82574975210084,44.6462298803774,51.11198239818819,42.451883485622446,34.867422164664035,33.969961292960434,38.88955614673393,55.32437168336169,57.70186828890753,56.21666617763788,417,UP,0.866025403784434,0.49999999999999684
34.19895880724352,56.035724805385954,29.99999999999998,85.0,85.0,64.70448160125073,82.94039723662266,68.12225059304349,66.36883578334178,75.98049769119118,55.41575608476679,45.51516689797782,44.34364119220337,50.76557223667441,43.10684416440387,35.40536744796486,34.4940602746735,39.48955614673393,56.17793305816294,58.01245114303055,56.519254865811924,418,UP,0.866025403784434,0.49999999999999684
34.71857404951418,56.33572480538595,29.99999999999998,85.0,85.0,65.05089176276451,82.28543655784122,67.58430530974266,65.84473680162873,75.38049769119118,55.037614360563715,45.204584043854794,44.04105250402933,50.41916207516064,43.7618048431853,35.943312731265685,35.01815925638656,40.089556146733926,57.0314944329642,58.32303399715357,56.821843553985964,419,UP,0.866025403784434,0.49999999999999684
35.23818929178484,56.63572480538595,29.99999999999998,85.0,85.0,65.39730192427828,81.6304758790598,67.04636002644183,65.32063781991567,74.78049769119119,54.659472636360626,44.894001189731775,43.73846381585527,50.07275191364687,44.41676552196673,36.48125801456652,35.54225823809962,40.68955614673393,57.885055807765454,58.63361685127659,57.124432242160005,420,UP,0.866025403784434,0.49999999999999684
35.7578045340555,56.935724805385945,29.99999999999998,85.0,85.0,65.74371208579205,80.97551520027837,66.508414743141,64.79653883820262,74.18049769119119,54.28133091215756,44.58341833560875,43.43587512768124,49.726341752133095,45.07172620074816,37.01920329786736,36.06635721981269,41.28955614673392,58.73861718256672,58.94419970539961,57.42702093033405,421,UP,0.866025403784434,0.49999999999999684
36.27741977632616,57.23572480538594,29.99999999999998,85.0,85.0,66.09012224730583,80.32055452149694,65.97046945984016,64.27243985648954,73.5804976911912,53.90318918795448,44.27283548148573,43.133286439507195,49.37993159061933,45.72668687952959,37.55714858116817,36.59045620152574,41.889556146733916,59.59217855736797,59.25478255952264,57.72960961850809,422,UP,0.866025403784434,0.49999999999999684
36.79703501859682,57.53572480538594,29.99999999999998,85.0,85.0,66.4365324088196,79.66559384271552,65.43252417653935,63.74834087477649,72.98049769119119,53.525047463751406,43.9622526273627,42.830697751333155,49.033521429105555,46.38164755831102,38.09509386446901,37.1145551832388,42.48955614673392,60.44573993216922,59.56536541364566,58.03219830668214,423,UP,0.866025403784434,0.49999999999999684
37.31665026086748,57.83572480538594,29.99999999999998,85.0,85.0,66.78294257033338,79.01063316393409,64.8945788932385,63.22424189306343,72.3804976911912,53.14690573954832,43.65166977323968,42.5281090631591,48.68711126759178,47.036608237092445,38.63303914776984,37.638654164951866,43.08955614673391,61.29930130697047,59.875948267768685,58.33478699485618,424,UP,0.866025403784434,0.49999999999999684
37.836265503138144,58.135724805385934,29.99999999999998,85.0,85.0,67.12935273184713,78.35567248515265,64.35663360993769,62.70014291135037,71.7804976911912,52.768764015345255,43.34108691911666,42.22552037498506,48.340701106078015,47.69156891587387,39.17098443107067,38.162753146664926,43.68955614673391,62.15286268177174,60.186531121891704,58.63737568303022,425,UP,0.866025403784434,0.49999999999999684
38.355880745408804,58.43572480538593,29.99999999999998,85.0,85.0,67.47576289336091,77.70071180637125,63.81868832663685,62.17604392963731,71.1804976911912,52.390622291142186,43.03050406499364,41.922931686811026,47.994290944564234,48.3465295946553,39.7089297143715,38.686852128377986,44.28955614673391,63.00642405657299,60.497113976014724,58.93996437120426,426,UP,0.866025403784434,0.49999999999999684
38.875495987679464,58.73572480538593,29.99999999999998,85.0,85.0,67.82217305487468,77.04575112758981,63.280743043336024,61.65194494792425,70.5804976911912,52.0124805669391,42.719921210870616,41.620342998636985,47.64788078305046,49.00149027343673,40.24687499767233,39.210951110091045,44.8895561467339,63.85998543137424,60.80769683013774,59.24255305937831,427,UP,0.866025403784434,0.49999999999999684
39.395111229950125,59.035724805385925,29.99999999999998,85.0,85.0,68.16858321638846,76.39079044880837,62.74279776003519,61.12784596621118,69.9804976911912,51.63433884273603,42.4093383567476,41.317754310462924,47.30147062153669,49.65645095221815,40.78482028097315,39.735050091804105,45.4895561467339,64.71354680617549,61.11827968426077,59.54514174755235,428,UP,0.866025403784434,0.49999999999999684
39.914726472220785,59.33572480538592,29.99999999999998,85.0,85.0,68.51499337790223,75.73582977002694,62.20485247673437,60.60374698449813,69.38049769119121,51.25619711853296,42.09875550262458,41.0151656222889,46.95506046002292,50.311411630999594,41.322765564273986,40.259149073517165,46.0895561467339,65.56710818097676,61.42886253838379,59.84773043572639,429,UP,0.866025403784434,0.49999999999999684
40.434341714491445,59.63572480538592,29.99999999999998,85.0,85.0,68.861403539416,75.08086909124552,61.66690719343353,60.07964800278506,68.78049769119121,50.87805539432987,41.78817264850155,40.71257693411486,46.608650298509154,50.96637230978102,41.860710847574815,40.783248055230224,46.689556146733885,66.420669555778,61.739445392506816,60.15031912390044,430,UP,0.866025403784434,0.49999999999999684
40.953956956762106,59.93572480538592,29.99999999999998,85.0,85.0,69.20781370092978,74.4259084124641,61.1289619101327,59.555549021072004,68.18049769119122,50.4999136701268,41.47758979437853,40.40998824594081,46.26224013699538,51.62133298856245,42.398656130875644,41.307347036943284,47.28955614673389,67.27423093057926,62.050028246629836,60.45290781207448,431,UP,0.866025403784434,0.49999999999999684
41.473572199032766,60.235724805385914,29.99999999999998,85.0,85.0,69.55422386244355,73.77094773368266,60.59101662683187,59.031450039358944,67.58049769119123,50.12177194592372,41.16700694025551,40.107399557766755,45.9158299754816,52.27629366734387,42.93660141417647,41.831446018656344,47.88955614673388,68.12779230538052,62.360611100752855,60.755496500248526,432,UP,0.866025403784434,0.49999999999999684
41.99318744130343,60.53572480538591,29.99999999999998,85.0,85.0,69.90063402395731,73.11598705490123,60.053071343531045,58.507351057645884,66.98049769119123,49.74363022172065,40.856424086132485,39.804810869592714,45.56941981396783,52.9312543461253,43.4745466974773,42.3555450003694,48.48955614673388,68.98135368018177,62.671193954875875,61.05808518842257,433,UP,0.866025403784434,0.49999999999999684
42.51280268357409,60.83572480538591,29.99999999999998,85.0,85.0,70.2470441854711,72.4610263761198,59.515126060230216,57.983252075932825,66.38049769119124,49.36548849751758,40.545841232009465,39.50222218141868,45.22300965245407,53.586215024906735,44.01249198077813,42.87964398208246,49.08955614673388,69.83491505498303,62.9817768089989,61.36067387659661,434,UP,0.866025403784434,0.49999999999999684
43.03241792584475,61.135724805385905,29.99999999999998,85.0,85.0,70.59345434698486,71.80606569733838,58.97718077692939,57.45915309421976,65.78049769119124,48.9873467733145,40.23525837788644,39.19963349324464,44.876599490940286,54.24117570368816,44.55043726407896,43.40374296379552,49.68955614673388,70.68847642978427,63.29235966312193,61.663262564770655,435,UP,0.866025403784434,0.49999999999999684
43.55203316811541,61.4357248053859,29.99999999999998,85.0,85.0,70.93986450849863,71.15110501855696,58.439235493628566,56.935054112506705,65.18049769119125,48.60920504911142,39.92467552376342,38.897044805070585,44.53018932942652,54.896136382469585,45.08838254737979,43.92784194550858,50.289556146733865,71.54203780458553,63.60294251724495,61.965851252944695,436,UP,0.866025403784434,0.49999999999999684
44.07164841038607,61.7357248053859,29.99999999999998,85.0,85.0,71.2862746700124,70.49614433977553,57.90129021032773,56.410955130793646,64.58049769119124,48.23106332490835,39.614092669640385,38.59445611689655,44.18377916791274,55.551097061251006,45.626327830680616,44.45194092722165,50.88955614673387,72.39559917938679,63.91352537136797,62.268439941118736,437,UP,0.866025403784434,0.49999999999999684
44.59126365265673,62.0357248053859,29.99999999999998,85.0,85.0,71.63268483152618,69.8411836609941,57.3633449270269,55.886856149080586,63.98049769119125,47.852921600705265,39.30350981551739,38.29186742872251,43.837369006398966,56.20605774003244,46.16427311398145,44.97603990893471,51.48955614673386,73.24916055418805,64.224108225491,62.57102862929278,438,UP,0.866025403784434,0.49999999999999684
45.11087889492739,62.335724805385894,29.99999999999998,85.0,85.0,71.97909499303995,69.18622298221267,56.82539964372607,55.36275716736752,63.38049769119125,47.47477987650219,38.99292696139436,37.98927874054847,43.49095884488519,56.86101841881388,46.70221839728228,45.50013889064777,52.089556146733855,74.1027219289893,64.534691079614,62.873617317466824,439,UP,0.866025403784434,0.49999999999999684
45.63049413719805,62.63572480538589,29.99999999999998,85.0,85.0,72.32550515455372,68.53126230343125,56.287454360425244,54.83865818565446,62.78049769119125,47.09663815229911,38.68234410727133,37.68669005237441,43.14454868337141,57.5159790975953,47.24016368058311,46.02423787236083,52.68955614673386,74.95628330379056,64.84527393373703,63.176206005640864,440,UP,0.866025403784434,0.49999999999999684
46.15010937946871,62.93572480538589,29.99999999999998,85.0,85.0,72.6719153160675,67.8763016246498,55.749509077124415,54.3145592039414,62.18049769119126,46.718496428096046,38.37176125314832,37.38410136420037,42.798138521857645,58.17093977637671,47.77810896388394,46.54833685407389,53.28955614673385,75.80984467859182,65.15585678786006,63.47879469381491,441,UP,0.866025403784434,0.49999999999999684
46.66972462173937,63.235724805385885,29.99999999999998,85.0,85.0,73.01832547758127,67.22134094586839,55.21156379382358,53.79046022222834,61.58049769119127,46.34035470389297,38.0611783990253,37.08151267602634,42.45172836034388,58.82590045515815,48.316054247184766,47.07243583578695,53.889556146733845,76.66340605339306,65.46643964198307,63.78138338198895,442,UP,0.866025403784434,0.49999999999999684
47.18933986401003,63.53572480538588,29.99999999999998,85.0,85.0,73.36473563909503,66.56638026708697,54.67361851052275,53.26636124051528,60.98049769119127,45.962212979689895,37.75059554490227,36.778923987852295,42.10531819883011,59.480861133939584,48.853999530485595,47.59653481750001,54.48955614673384,77.51696742819432,65.7770224961061,64.08397207016299,443,UP,0.866025403784434,0.49999999999999684
47.70895510628069,63.83572480538588,29.99999999999998,85.0,85.0,73.7111458006088,65.91141958830553,54.13567322722192,52.74226225880222,60.380497691191266,45.58407125548681,37.440012690779234,36.47633529967824,41.75890803731634,59.40631825755181,49.391944813786424,48.12063379921307,55.08955614673384,78.37052880299558,66.08760535022913,64.38656075833704,444,UP,0.866025403784434,0.49999999999999684
48.22857034855135,64.13572480538588,29.99999999999998,85.0,85.0,74.05755596212258,65.2564589095241,53.59772794392109,52.21816327708916,59.78049769119127,45.205929531283736,37.129429836656215,36.17374661150421,41.412497875802565,58.91351436804045,49.92989009708725,48.644732780926134,55.689556146733835,79.22409017779684,66.39818820435215,64.68914944651108,445,UP,0.866025403784434,0.49999999999999684
48.74818559082201,64.43572480538587,29.99999999999998,85.0,85.0,74.40396612363635,64.60149823074266,53.059782660620264,51.6940642953761,59.18049769119128,44.827787807080675,36.81884698253321,35.871157923330166,41.06608771428879,58.420710478529074,50.46783538038808,49.16883176263919,56.28955614673383,80.07765155259808,66.70877105847516,64.99173813468512,446,UP,0.866025403784434,0.49999999999999684
49.26780083309267,64.73572480538587,29.99999999999998,85.0,85.0,74.75037628515012,63.94653755196124,52.521837377319436,51.16996531366304,58.58049769119128,44.449646082877585,36.50826412841018,35.568569235156126,40.71967755277502,57.9279065890177,51.00578066368891,49.692930744352246,56.88955614673383,80.93121292739934,67.01935391259819,65.29432682285918,447,UP,0.866025403784434,0.49999999999999684
49.78741607536333,65.03572480538587,29.99999999999998,85.0,85.0,75.0967864466639,63.291576873179814,51.98389209401861,50.645866331949975,57.98049769119128,44.07150435867451,36.19768127428715,35.26598054698207,40.373267391261244,57.43510269950633,51.54372594698974,50.21702972606531,57.489556146733825,81.7847743022006,67.3299367667212,65.59691551103322,448,UP,0.866025403784434,0.49999999999999684
50.30703131763399,65.33572480538587,29.99999999999998,85.0,85.0,75.44319660817767,62.63661619439839,51.44594681071778,50.12176735023692,57.380497691191295,43.693362634471434,35.88709842016414,34.96339185880803,40.02685722974748,56.942298809994966,52.08167123029057,50.741128707778365,58.08955614673382,82.35387876655507,67.64051962084423,65.89950419920726,449,UP,0.866025403784434,0.49999999999999684
50.82664655990465,65.63572480538586,29.99999999999998,85.0,85.0,75.78960676969145,61.98165551561696,50.90800152741695,49.597668368523856,56.7804976911913,43.31522091026836,35.57651556604112,34.660803170634,39.680447068233704,56.4494949204836,52.6196165135914,51.26522768949143,58.68955614673382,82.73202049075815,67.95110247496726,66.2020928873813,450,UP,0.866025403784434,0.49999999999999684
51.34626180217531,65.93572480538586,29.99999999999998,85.0,85.0,76.13601693120522,61.326694836835536,50.37005624411612,49.0735693868108,56.1804976911913,42.93707918606528,35.2659327119181,34.35821448245996,39.33403690671992,55.95669103097222,53.15756179689223,51.78932667120449,59.289556146733815,83.11016221496122,68.26168532909028,66.50468157555534,451,UP,0.866025403784434,0.49999999999999684
51.86587704444597,66.23572480538586,29.99999999999998,85.0,85.0,76.48242709271899,60.67173415805411,49.832110960815285,48.549470405097736,55.5804976911913,42.5589374618622,34.955349857795056,34.0556257942859,38.98762674520616,55.46388714146086,53.69550708019306,52.31342565291755,59.88955614673381,83.4883039391643,68.5722681832133,66.80727026372938,452,UP,0.866025403784434,0.49999999999999684
52.385492286716634,66.53572480538585,29.99999999999998,85.0,85.0,76.82883725423275,60.01677347927268,49.29416567751446,48.02537142338468,54.9804976911913,42.18079573765913,34.64476700367204,33.75303710611187,38.64121658369238,54.971083251949494,54.23345236349389,52.83752463463061,60.48955614673381,83.86644566336737,68.88285103733634,67.10985895190342,453,UP,0.866025403784434,0.49999999999999684
52.905107528987294,66.83572480538585,29.99999999999998,85.0,85.0,77.17524741574653,59.36181280049125,48.756220394213635,47.50127244167162,54.38049769119131,41.80265401345605,34.33418414954903,33.45044841793782,38.29480642217861,54.47827936243813,54.77139764679472,53.36162361634367,61.089556146733806,84.24458738757045,69.19343389145935,67.41244764007747,454,UP,0.866025403784434,0.49999999999999684
53.424722771257954,67.13572480538585,29.99999999999998,85.0,85.0,77.5216575772603,58.70685212170982,48.2182751109128,46.97717345995856,53.78049769119131,41.42451228925299,34.023601295426005,33.14785972976378,37.94839626066484,53.98547547292673,55.309342930095546,53.88572259805673,61.68955614673381,84.62272911177352,69.50401674558238,67.71503632825151,455,UP,0.866025403784434,0.49999999999999684
53.944338013528615,67.43572480538585,29.99999999999998,85.0,85.0,77.86806773877407,58.0518914429284,47.68032982761198,46.4530744782455,53.180497691191306,41.046370565049905,33.71301844130297,32.845271041589726,37.60198609915107,53.49267158341537,55.847288213396375,54.40982157976979,62.289556146733794,85.0008708359766,69.8145995997054,68.01762501642555,456,UP,0.866025403784434,0.49999999999999684
54.463953255799275,67.73572480538584,29.99999999999998,85.0,85.0,78.21447790028785,57.39693076414696,47.14238454431114,45.92897549653244,52.58049769119131,40.66822884084683,33.402435587179966,32.542682353415685,37.25557593763729,52.99986769390402,56.385233496697204,54.93392056148286,62.889556146733796,85.37901256017967,70.12518245382842,68.3202137045996,457,UP,0.866025403784434,0.49999999999999684
54.983568498069936,68.03572480538584,29.99999999999998,85.0,85.0,78.5608880618016,56.74197008536553,46.60443926101031,45.40487651481938,51.980497691191324,40.29008711664377,33.09185273305694,32.24009366524165,36.90916577612352,52.507063804392665,56.92317877999803,55.45801954319592,63.48955614673379,85.75715428438275,70.43576530795144,68.62280239277364,458,UP,0.866025403784434,0.49999999999999684
55.503183740340596,68.33572480538584,29.99999999999998,85.0,85.0,78.9072982233154,56.087009406584116,46.066493977709484,44.88077753310632,51.38049769119132,39.91194539244067,32.78126987893392,31.93750497706761,36.56275561460975,52.01425991488126,57.46112406329886,55.98211852490897,64.0895561467338,86.13529600858583,70.74634816207445,68.92539108094768,459,UP,0.866025403784434,0.49999999999999684
56.022798982611256,68.63572480538583,29.99999999999998,85.0,85.0,79.25370838482917,55.43204872780269,45.528548694408656,44.356678551393244,50.78049769119132,39.533803668237596,32.470687024810886,31.634916288893553,36.21634545309598,51.5214560253699,57.9990693465997,56.506217506622036,64.68955614673378,86.5134377327889,71.05693101619748,69.22797976912172,460,UP,0.866025403784434,0.49999999999999684
56.54241422488192,68.93572480538583,29.99999999999998,85.0,85.0,79.60011854634293,54.777088049021245,44.99060341110783,43.83257956968019,50.180497691191334,39.15566194403453,32.16010417068786,31.332327600719527,35.8699352915822,51.02865213585855,58.537014629900526,57.030316488335096,65.28955614673379,86.89157945699198,71.36751387032051,69.53056845729577,461,UP,0.866025403784434,0.49999999999999684
57.06202946715258,69.23572480538583,29.99999999999998,85.0,85.0,79.9465287078567,54.122127370239824,44.452658127807,43.30848058796713,49.58049769119133,38.777520219831445,31.849521316564854,31.029738912545483,35.52352513006843,50.53584824634716,59.07495991320135,57.554415470048156,65.88955614673378,87.26972118119505,71.67809672444352,69.83315714546981,462,UP,0.866025403784434,0.49999999999999684
57.58164470942324,69.53572480538583,29.99999999999998,85.0,85.0,80.29293886937047,53.467166691458395,43.91471284450617,42.78438160625408,48.98049769119134,38.39937849562836,31.53893846244183,30.72715022437144,35.17711496855467,50.043044356835786,59.61290519650219,58.078514451761215,66.48955614673378,87.64786290539813,71.98867957856655,70.13574583364385,463,UP,0.866025403784434,0.49999999999999684
58.1012599516939,69.83572480538582,29.99999999999998,85.0,85.0,80.63934903088426,52.81220601267696,43.37676756120534,42.260282624541,48.380497691191344,38.02123677142529,31.228355608318797,30.42456153619738,34.83070480704089,49.55024046732443,60.15085047980301,58.602613433474275,67.08955614673377,88.0260046296012,72.29926243268957,70.4383345218179,464,UP,0.866025403784434,0.49999999999999684
58.62087519396456,70.13572480538582,29.99999999999998,85.0,85.0,80.98575919239802,52.15724533389554,42.83882227790451,41.73618364282795,47.78049769119134,37.64309504722222,30.917772754195788,30.12197284802334,34.48429464552713,49.05743657781308,60.68879576310384,59.126712415187335,67.68955614673376,88.40414635380428,72.6098452868126,70.74092320999193,465,UP,0.866025403784434,0.49999999999999684
59.14049043623522,70.43572480538582,29.99999999999998,85.0,85.0,81.3321693539118,51.50228465511411,42.300876994603684,41.21208466111489,47.18049769119135,37.26495332301914,30.607189900072765,29.81938415984931,34.137884484013355,48.56463268830169,61.22674104640467,59.650811396900394,68.28955614673376,88.78228807800735,72.92042814093561,71.04351189816597,466,UP,0.866025403784434,0.49999999999999684
59.66010567850588,70.73572480538581,29.99999999999998,85.0,85.0,80.67978864298831,50.84732397633269,41.76293171130285,40.687985679401834,46.580497691191354,36.88681159881606,30.296607045949745,29.516795471675266,33.79147432249958,48.07182879879032,61.7646863297055,60.174910378613454,68.88955614673375,89.16042980221042,73.23101099505864,71.34610058634003,467,UP,0.866025403784434,0.49999999999999684
60.17972092077654,71.03572480538581,29.99999999999998,85.0,85.0,79.64055815844698,50.19236329755125,41.224986428002026,40.16388669768876,45.98049769119136,36.508669874612984,29.986024191826704,29.21420678350121,33.4450641609858,47.579024909278964,62.30263161300633,60.699009360326514,69.48955614673375,89.5385715264135,73.54159384918167,71.64868927451407,468,UP,0.866025403784434,0.49999999999999684
60.6993361630472,71.33572480538581,29.99999999999998,85.0,85.0,78.6013276739057,49.53740261876983,40.6870411447012,39.639787715975714,45.380497691191366,36.13052815040992,29.675441337703685,28.91161809532718,33.09865399947202,47.08622101976759,62.840576896307155,61.22310834203957,70.08955614673374,89.91671325061658,73.85217670330468,71.95127796268811,469,UP,0.866025403784434,0.49999999999999684
61.21895140531786,71.6357248053858,29.99999999999998,85.0,85.0,77.56209718936434,48.882441939988404,40.14909586140036,39.11568873426265,44.78049769119137,35.75238642620685,29.364858483580676,28.609029407153137,32.75224383795825,46.593417130256206,63.378522179607984,61.74720732375264,70.68955614673375,90.29485497481966,74.1627595574277,72.25386665086215,470,UP,0.866025403784434,0.49999999999999684
61.73856664758852,71.9357248053858,29.99999999999998,85.0,85.0,76.52286670482304,48.22748126120698,39.61115057809953,38.59158975254958,44.18049769119137,35.37424470200377,29.054275629457653,28.306440718979093,32.40583367644449,46.10061324074482,63.91646746290882,62.2713063054657,71.28955614673374,90.67299669902273,74.47334241155072,72.5564553390362,471,UP,0.866025403784434,0.49999999999999684
62.25818188985918,72.2357248053858,29.99999999999998,85.0,85.0,75.4836362202817,47.57252058242555,39.073205294798704,38.06749077083651,43.580497691191376,34.996102977800696,28.743692775334623,28.00385203080504,32.059423514930714,45.60780935123346,64.45441274620964,62.79540528717876,71.88955614673374,91.05113842322581,74.78392526567374,72.85904402721025,472,UP,0.866025403784434,0.49999999999999684
62.77779713212984,72.5357248053858,29.99999999999998,85.0,85.0,74.44440573574038,46.91755990364411,38.535260011497876,37.54339178912346,42.98049769119138,34.61796125359761,28.43310992121161,27.701263342630998,31.71301335341694,45.11500546172212,64.99235802951047,63.31950426889182,72.48955614673375,91.42928014742888,75.09450811979677,73.16163271538429,473,UP,0.866025403784434,0.49999999999999684
63.2974123744005,72.8357248053858,29.99999999999998,85.0,85.0,73.40517525119903,46.262599224862676,37.99731472819705,37.0192928074104,42.38049769119139,34.23981952939454,28.122527067088587,27.39867465445697,31.366603191903167,44.622201572210734,65.5303033128113,63.84360325060487,73.08955614673373,91.80742187163196,75.4050909739198,73.46422140355833,474,UP,0.866025403784434,0.49999999999999684
63.81702761667116,73.13572480538579,29.99999999999998,85.0,85.0,72.36594476665775,45.60763854608127,37.45936944489622,36.49519382569734,41.780497691191385,33.86167780519146,27.811944212965567,27.096085966282924,31.02019303038939,44.12939768269936,66.06824859611214,64.36770223231794,73.68955614673374,92.18556359583503,75.71567382804281,73.76681009173237,475,UP,0.866025403784434,0.49999999999999684
64.33664285894183,73.43572480538579,29.99999999999998,85.0,85.0,71.3267142821164,44.95267786729983,36.92142416159539,35.97109484398427,41.18049769119139,33.48353608098839,27.50136135884253,26.793497278108866,30.673782868875623,43.636593793188,66.60619387941297,64.891801214031,74.28955614673373,92.56370532003811,76.02625668216584,74.06939877990641,476,UP,0.866025403784434,0.49999999999999684
64.85625810121249,73.73572480538579,29.99999999999998,85.0,85.0,70.28748379757509,44.29771718851841,36.38347887829456,35.44699586227122,40.5804976911914,33.10539435678531,27.190778504719507,26.490908589934836,30.327372707361853,43.14378990367663,67.1441391627138,65.41590019574406,74.88955614673372,92.94184704424119,76.33683953628886,74.37198746808046,477,UP,0.866025403784434,0.49999999999999684
65.37587334348315,74.03572480538578,29.99999999999998,85.0,85.0,69.24825331303376,43.642756509736984,35.84553359499373,34.92289688055816,39.98049769119138,32.727252632582235,26.880195650596498,26.188319901760796,29.98096254584808,42.65098601416527,67.68208444601463,65.93999917745712,75.48955614673373,93.31998876844426,76.64742239041188,74.6745761562545,478,UP,0.866025403784434,0.49999999999999684
65.89548858575381,74.33572480538578,29.99999999999998,85.0,85.0,68.20902282849244,42.98779583095554,35.307588311692896,34.3987978988451,39.3804976911914,32.34911090837915,26.56961279647348,25.88573121358675,29.63455238433431,42.15818212465387,68.22002972931546,66.46409815917019,76.08955614673373,93.69813049264734,76.9580052445349,74.97716484442854,479,UP,0.866025403784434,0.49999999999999684
66.41510382802447,74.63572480538578,29.99999999999998,85.0,85.0,67.16979234395113,42.33283515217411,34.76964302839207,33.87469891713202,38.78049769119141,31.97096918417608,26.259029942350438,25.583142525412697,29.288142222820532,41.665378235142526,68.7579750126163,66.98819714088324,76.68955614673371,94.07627221685043,77.26858809865793,75.27975353260258,480,UP,0.866025403784434,0.49999999999999684
66.93471907029513,74.93572480538577,29.99999999999998,85.0,85.0,66.13056185940982,41.67787447339269,34.23169774509124,33.35059993541896,38.180497691191405,31.59282745997302,25.94844708822744,25.28055383723865,28.94173206130676,41.172574345631155,69.29592029591711,67.5122961225963,77.2895561467337,94.45441394105349,77.57917095278096,75.58234222077662,481,UP,0.866025403784434,0.49999999999999684
67.45433431256579,75.23572480538577,29.99999999999998,85.0,85.0,65.09133137486847,41.022913794611256,33.69375246179041,32.82650095370592,37.5804976911914,31.21468573576993,25.63786423410441,24.977965149064623,28.59532189979298,40.6797704561198,69.83386557921794,68.03639510430936,77.88955614673371,94.83255566525656,77.88975380690397,75.88493090895066,482,UP,0.866025403784434,0.49999999999999684
67.97394955483645,75.53572480538577,29.99999999999998,85.0,85.0,64.05210089032717,40.367953115829835,33.15580717848959,32.30240197199286,36.98049769119142,30.83654401156686,25.32728137998139,24.67537646089058,28.248911738279222,40.186966566608405,70.37181086251879,68.56049408602242,78.4895561467337,95.21069738945964,78.200336661027,76.1875195971247,483,UP,0.866025403784434,0.49999999999999684
68.49356479710711,75.83572480538577,29.99999999999998,85.0,85.0,63.012870405785854,39.712992437048406,32.61786189518875,31.778302990279784,36.38049769119142,30.45840228736378,25.016698525858352,24.372787772716524,27.90250157676545,39.694162677097054,70.90975614581961,69.08459306773548,79.0895561467337,95.58883911366271,78.51091951515002,76.49010828529876,484,UP,0.866025403784434,0.49999999999999684
69.01318003937777,76.13572480538576,29.99999999999998,85.0,85.0,61.973639921244526,39.05803175826698,32.079916611887924,31.254204008566738,35.78049769119142,30.080260563160707,24.706115671735333,24.070199084542494,27.55609141525167,39.20135878758569,71.44770142912044,69.60869204944855,79.6895561467337,95.96698083786579,78.82150236927303,76.7926969734728,485,UP,0.866025403784434,0.49999999999999684
69.53279528164843,76.43572480538576,29.99999999999998,85.0,85.0,60.93440943670323,38.40307107948555,31.5419713285871,30.73010502685368,35.180497691191405,29.702118838957627,24.395532817612324,23.76761039636845,27.209681253737898,38.7085548980743,71.98564671242127,70.13279103116162,80.28955614673369,96.34512256206887,79.13208522339606,77.09528566164684,486,UP,0.866025403784434,0.49999999999999684
70.0524105239191,76.73572480538576,29.99999999999998,85.0,85.0,59.89517895216187,37.74811040070411,31.004026045286263,30.20600604514062,34.58049769119143,29.32397711475455,24.084949963489297,23.46502170819441,26.86327109222412,38.21575100856293,72.5235919957221,70.65689001287467,80.88955614673368,96.72326428627194,79.44266807751909,77.39787434982088,487,UP,0.866025403784434,0.49999999999999684
70.57202576618975,77.03572480538575,29.99999999999998,85.0,85.0,58.855948467620564,37.09314972192268,30.466080761985438,29.68190706342754,33.98049769119144,28.945835390551476,23.774367109366267,23.16243302002035,26.516860930710365,37.72294711905157,73.06153727902293,71.18098899458772,81.48955614673369,97.10140601047502,79.7532509316421,77.70046303799492,488,UP,0.866025403784434,0.49999999999999684
71.09164100846041,77.33572480538575,29.99999999999998,85.0,85.0,57.81671798307923,36.43818904314125,29.928135478684613,29.157808081714485,33.38049769119144,28.567693666348408,23.463784255243255,22.85984433184631,26.17045076919658,37.23014322954018,73.59948256232376,71.70508797630079,82.08955614673367,97.47954773467809,80.06383378576513,78.00305172616898,489,UP,0.866025403784434,0.49999999999999684
71.61125625073107,77.63572480538575,29.99999999999998,85.0,85.0,56.777487498537916,35.78322836435983,29.390190195383777,28.63370910000144,32.78049769119143,28.189551942145325,23.153201401120235,22.55725564367228,25.824040607682818,36.73733934002883,74.13742784562459,72.22918695801386,82.68955614673368,97.85768945888117,80.37441663988815,78.30564041434302,490,UP,0.866025403784434,0.49999999999999684
72.13087149300173,77.93572480538575,29.99999999999998,85.0,85.0,55.738257013996595,35.12826768557841,28.85224491208295,28.109610118288376,32.18049769119144,27.811410217942253,22.842618546997215,22.254666955498237,25.47763044616904,36.24453545051743,74.67537312892541,72.75328593972691,83.28955614673367,98.23583118308424,80.68499949401117,78.60822910251706,491,UP,0.866025403784434,0.49999999999999684
72.6504867352724,78.23572480538574,29.99999999999998,85.0,85.0,54.69902652945528,34.47330700679698,28.314299628782116,27.5855111365753,31.58049769119145,27.433268493739174,22.532035692874175,21.95207826732418,25.13122028465527,35.751731561006096,75.21331841222624,73.27738492143997,83.88955614673367,98.61397290728732,80.99558234813419,78.9108177906911,492,UP,0.866025403784434,0.49999999999999684
73.17010197754306,78.53572480538574,29.99999999999998,85.0,85.0,53.65979604491395,33.81834632801555,27.776354345481288,27.061412154862257,30.98049769119145,27.055126769536095,22.221452838751155,21.649489579150153,24.784810123141497,35.25892767149473,75.75126369552707,73.80148390315303,84.48955614673366,98.9921146314904,81.3061652022572,79.21340647886514,493,UP,0.866025403784434,0.49999999999999684
73.68971721981372,78.83572480538574,29.99999999999998,85.0,85.0,52.62056556037262,33.163385649234115,27.238409062180462,26.537313173149194,30.38049769119144,26.676985045333016,21.910869984628146,21.346900890976105,24.438399961627734,34.766123781983346,76.2892089788279,74.32558288486608,85.08955614673366,99.37025635569348,81.61674805638023,79.5159951670392,494,UP,0.866025403784434,0.49999999999999684
74.20933246208438,79.13572480538573,29.99999999999998,85.0,85.0,51.58133507583132,32.50842497045269,26.700463778879634,26.013214191436134,29.780497691191457,26.298843321129944,21.600287130505126,21.044312202802065,24.091989800113957,34.273319892471974,76.82715426212873,74.84968186657915,85.68955614673365,99.74839807989656,81.92733091050326,79.81858385521322,495,UP,0.866025403784434,0.49999999999999684
74.72894770435504,79.43572480538573,29.99999999999998,85.0,85.0,50.54210459128997,31.853464291671262,26.1625184955788,25.48911520972306,29.18049769119147,25.92070159692688,21.28970427638209,20.74172351462801,23.74557963860019,33.78051600296062,77.36509954542956,75.37378084829221,86.28955614673364,100.12653980409962,82.23791376462628,80.12117254338727,496,UP,0.866025403784434,0.49999999999999684
75.2485629466257,79.73572480538573,29.99999999999998,85.0,85.0,49.50287410674868,31.19850361288984,25.624573212277976,24.96501622801,28.580497691191464,25.5425598727238,20.97912142225908,20.439134826453962,23.399169477086414,33.28771211344922,77.9030448287304,75.89787983000527,86.88955614673365,100.5046815283027,82.5484966187493,80.42376123156131,497,UP,0.866025403784434,0.49999999999999684
75.76817818889636,80.03572480538573,29.99999999999998,85.0,85.0,48.46364362220734,30.543542934108416,25.086627928977148,24.440917246296955,27.980497691191452,25.16441814852072,20.66853856813606,20.136546138279936,23.052759315572636,32.79490822393785,77.13603605448041,76.42197881171833,87.48955614673365,100.88282325250577,82.85907947287232,80.72634991973536,498,UP,0.866025403784434,0.49999999999999684
76.28779343116702,80.33572480538572,29.99999999999998,85.0,85.0,47.42441313766603,29.888582255326988,24.548682645676315,23.916818264583892,27.380497691191472,24.78627642431764,20.357955714013034,19.833957450105892,22.706349154058874,32.30210433442649,75.97692506293355,76.94607779343139,88.08955614673364,101.26096497670885,83.16966232699535,81.0289386079094,499,UP,0.866025403784434,0.49999999999999684
76.80740867343768,80.63572480538572,29.99999999999998,85.0,85.0,46.385182653124716,29.233621576545563,24.010737362375483,23.392719282870818,26.78049769119148,24.408134700114562,20.04737285989,19.531368761931837,22.359938992545107,31.809300444915127,74.81781407138664,77.47017677514445,88.68955614673364,101.63910670091192,83.48024518111836,81.33152729608344,500,UP,0.866025403784434,0.49999999999999684
77.32702391570834,80.93572480538572,29.99999999999998,85.0,85.0,45.34595216858339,28.578660897764124,23.472792079074654,22.868620301157776,26.18049769119148,24.02999297591149,19.73679000576698,19.228780073757807,22.01352883103132,31.316496555403756,73.6587030798398,77.9942757568575,89.28955614673363,102.01724842511501,83.79082803524139,81.63411598425749,501,UP,0.866025403784434,0.49999999999999684
77.846639157979,81.23572480538571,29.99999999999998,85.0,85.0,44.306721684042046,27.923700218982695,22.93484679577383,22.344521319444713,25.58049769119147,23.65185125170841,19.426207151643975,18.926191385583763,21.667118669517546,30.823692665892402,72.49959208829287,78.51837473857057,89.88955614673364,102.39539014931808,84.1014108893644,81.93670467243153,502,UP,0.866025403784434,0.49999999999999684
78.36625440024966,81.53572480538571,29.99999999999998,85.0,85.0,43.267491199500725,27.26873954020127,22.396901512472997,21.820422337731653,24.980497691191484,23.273709527505332,19.115624297520952,18.62360269740972,21.320708508003783,30.330888776381038,71.34048109674606,79.04247372028364,90.48955614673363,102.77353187352115,84.41199374348744,82.23929336060557,503,UP,0.866025403784434,0.49999999999999684
78.88586964252032,81.83572480538571,29.99999999999998,85.0,85.0,42.22826071495938,26.613778861419846,21.858956229172165,21.29632335601858,24.380497691191497,22.89556780330226,18.805041443397915,18.321014009235665,20.97429834649001,29.838084886869673,70.18137010519919,79.56657270199669,91.08955614673363,103.15167359772424,84.72257659761046,82.54188204877961,504,UP,0.866025403784434,0.49999999999999684
79.40548488479098,82.1357248053857,29.99999999999998,85.0,85.0,41.18903023041809,25.95881818263842,21.32101094587134,20.77222437430552,23.780497691191492,22.517426079099188,18.494458589274906,18.01842532106162,20.627888184976218,29.345280997358273,69.02225911365228,80.09067168370976,91.68955614673362,103.52981532192732,85.03315945173348,82.84447073695365,505,UP,0.866025403784434,0.49999999999999684
79.92510012706164,82.4357248053857,29.99999999999998,85.0,85.0,40.14979974587675,25.303857503856996,20.78306566257051,20.24812539259247,23.180497691191476,22.13928435489611,18.183875735151886,17.715836632887594,20.281478023462448,28.852477107846912,67.86314812210541,80.61477066542281,92.28955614673362,103.90795704613039,85.3437423058565,83.1470594251277,506,UP,0.866025403784434,0.49999999999999684
80.4447153693323,82.7357248053857,29.99999999999998,85.0,85.0,39.110569261335435,24.64889682507557,20.245120379269686,19.72402641087941,22.5804976911915,21.761142630693037,17.87329288102886,17.413247944713547,19.935067861948678,28.35967321833555,66.7040371305586,81.13886964713588,92.88955614673361,104.28609877033345,85.65432515997952,83.44964811330175,507,UP,0.866025403784434,0.49999999999999684
80.96433061160296,83.0357248053857,29.99999999999998,85.0,85.0,38.07133877679412,23.993936146294146,19.70717509596885,19.199927429166337,21.980497691191513,21.383000906489958,17.562710026905826,17.110659256539492,19.588657700434904,27.866869328824187,65.5449261390117,81.66296862884894,93.4895561467336,104.66424049453653,85.96490801410255,83.75223680147579,508,UP,0.866025403784434,0.49999999999999684
81.48394585387362,83.3357248053857,29.99999999999998,85.0,85.0,37.032108292252836,23.33897546751272,19.16922981266802,18.675828447453288,21.380497691191508,21.004859182286886,17.2521271727828,16.80807056836546,19.242247538921152,27.374065439312815,64.38581514746483,82.187067610562,94.08955614673361,105.04238221873962,86.27549086822556,84.05482548964983,509,UP,0.866025403784434,0.49999999999999684
82.00356109614428,83.63572480538569,29.99999999999998,85.0,85.0,35.9928778077115,22.68401478873128,18.631284529367193,18.151729465740228,20.780497691191496,20.626717458083807,16.941544318659794,16.505481880191418,18.895837377407375,26.88126154980146,63.226704155917965,82.71116659227506,94.68955614673361,105.4205239429427,86.58607372234859,84.35741417782387,510,UP,0.866025403784434,0.49999999999999684
82.52317633841494,83.93572480538569,29.99999999999998,85.0,85.0,34.95364732317018,22.029054109949854,18.093339246066364,17.627630484027172,20.18049769119152,20.248575733880735,16.630961464536774,16.202893192017378,18.549427215893594,26.388457660290065,62.06759316437114,83.23526557398812,95.2895561467336,105.79866566714576,86.89665657647161,84.66000286599791,511,UP,0.866025403784434,0.49999999999999684
83.0427915806856,84.23572480538569,29.99999999999998,85.0,85.0,33.91441683862887,21.37409343116841,17.555393962765535,17.103531502314095,19.58049769119153,19.870434009677663,16.320378610413734,15.900304503843321,18.203017054379828,25.895653770778704,60.90848217282415,83.75936455570118,95.8895561467336,106.17680739134885,87.20723943059464,84.96259155417196,512,UP,0.866025403784434,0.49999999999999684
83.56240682295626,84.53572480538568,29.99999999999998,85.0,85.0,32.87518635408754,20.719132752386987,17.017448679464707,16.57943252060103,18.980497691191516,19.492292285474583,16.00979575629073,15.597715815669279,17.85660689286605,25.402849881267333,59.749371181277375,84.28346353741424,96.48955614673359,106.55494911555192,87.51782228471765,85.265180242346,513,UP,0.866025403784434,0.49999999999999684
84.08202206522692,84.83572480538568,29.99999999999998,85.0,85.0,31.835955869546208,20.064172073605558,16.479503396163878,16.055333538887986,18.380497691191508,19.114150561271497,15.699212902167705,15.295127127495247,17.5101967313523,24.91004599175598,58.59026018973056,84.8075625191273,97.08955614673359,106.93309083975498,87.82840513884068,85.56776893052005,514,UP,0.866025403784434,0.49999999999999684
84.60163730749758,85.13572480538568,29.99999999999998,85.0,85.0,30.796725385004883,19.409211394824133,15.94155811286305,15.53123455717493,17.780497691191552,18.736008837068425,15.38863004804468,14.992538439321205,17.163786569838518,24.417242102244575,57.43114919818365,85.33166150084035,97.6895561467336,107.31123256395807,88.13898799296369,85.87035761869409,515,UP,0.866025403784434,0.49999999999999684
85.12125254976824,85.43572480538568,29.99999999999998,85.0,85.0,29.757494900463577,18.75425071604271,15.403612829562215,15.007135575461854,17.180497691191533,18.357867112865353,15.078047193921648,14.68994975114715,16.817376408324755,23.92443821273321,56.272038206636786,85.85576048255342,98.28955614673359,107.68937428816115,88.44957084708672,86.17294630686813,516,STOP,0.0,0.0
85.12125254976824,85.43572480538568,29.99999999999998,85.0,85.0,29.757494900463577,18.75425071604271,15.403612829562215,15.007135575461854,17.180497691191533,18.357867112865353,15.078047193921648,14.68994975114715,16.817376408324755,23.92443821273321,56.272038206636786,85.85576048255342,98.28955614673359,107.68937428816115,88.44957084708672,86.17294630686813,517,STOP,0.0,0.0
85.12125254976824,85.43572480538568,29.99999999999998,85.0,85.0,29.757494900463577,18.75425071604271,15.403612829562215,15.007135575461854,17.180497691191533,18.357867112865353,15.078047193921648,14.68994975114715,16.817376408324755,23.92443821273321,56.272038206636786,85.85576048255342,98.28955614673359,107.68937428816115,88.44957084708672,86.17294630686813,518,STOP,0.0,0.0
85.12125254976824,85.43572480538568,29.99999999999998,85.0,85.0,29.757494900463577,18.75425071604271,15.403612829562215,15.007135575461854,17.180497691191533,18.357867112865353,15.078047193921648,14.68994975114715,16.817376408324755,23.92443821273321,56.272038206636786,85.85576048255342,98.28955614673359,107.68937428816115,88.44957084708672,86.17294630686813,519,STOP,0.0,0.0
85.12125254976824,85.43572480538568,29.99999999999998,85.0,85.0,29.757494900463577,18.75425071604271,15.403612829562215,15.007135575461854,17.180497691191533,18.357867112865353,15.078047193921648,14.68994975114715,16.817376408324755,23.92443821273321,56.272038206636786,85.85576048255342,98.28955614673359,107.68937428816115,88.44957084708672,86.17294630686813,520,STOP,0.0,0.0
85.12125254976824,85.43572480538568,29.99999999999998,85.0,85.0,29.757494900463577,18.75425071604271,15.403612829562215,15.007135575461854,17.180497691191533,18.357867112865353,15.078047193921648,14.68994975114715,16.817376408324755,23.92443821273321,56.272038206636786,85.85576048255342,98.28955614673359,107.68937428816115,88.44957084708672,86.17294630686813,521,STOP,0.0,0.0
85.12125254976824,85.43572480538568,29.99999999999998,85.0,85.0,29.757494900463577,18.75425071604271,15.403612829562215,15.007135575461854,17.180497691191533,18.357867112865353,15.078047193921648,14.68994975114715,16.817376408324755,23.92443821273321,56.272038206636786,85.85576048255342,98.28955614673359,107.68937428816115,88.44957084708672,86.17294630686813,522,STOP,0.0,0.0
85.12125254976824,85.43572480538568,29.99999999999998,85.0,85.0,29.757494900463577,18.75425071604271,15.403612829562215,15.007135575461854,17.180497691191533,18.357867112865353,15.078047193921648,14.68994975114715,16.817376408324755,23.92443821273321,56.272038206636786,85.85576048255342,98.28955614673359,107.68937428816115,88.44957084708672,86.17294630686813,523,STOP,0.0,0.0
85.12125254976824,85.43572480538568,29.99999999999998,85.0,85.0,29.757494900463577,18.75425071604271,15.403612829562215,15.007135575461854,17.180497691191533,18.357867112865353,15.078047193921648,14.68994975114715,16.817376408324755,23.92443821273321,56.272038206636786,85.85576048255342,98.28955614673359,107.68937428816115,88.44957084708672,86.17294630686813,524,STOP,0.0,0.0
85.12125254976824,85.43572480538568,29.99999999999998,85.0,85.0,29.757494900463577,18.75425071604271,15.403612829562215,15.007135575461854,17.180497691191533,18.357867112865353,15.078047193921648,14.68994975114715,16.817376408324755,23.92443821273321,56.272038206636786,85.85576048255342,98.28955614673359,107.68937428816115,88.44957084708672,86.17294630686813,525,STOP,0.0,0.0
85.12125254976824,85.43572480538568,29.99999999999998,85.0,85.0,29.757494900463577,18.75425071604271,15.403612829562215,15.007135575461854,17.180497691191533,18.357867112865353,15.078047193921648,14.68994975114715,16.817376408324755,23.92443821273321,56.272038206636786,85.85576048255342,98.28955614673359,107.68937428816115,88.44957084708672,86.17294630686813,526,STOP,0.0,0.0
85.12125254976824,85.43572480538568,29.99999999999998,85.0,85.0,29.757494900463577,18.75425071604271,15.403612829562215,15.007135575461854,17.180497691191533,18.357867112865353,15.078047193921648,14.68994975114715,16.817376408324755,23.92443821273321,56.272038206636786,85.85576048255342,98.28955614673359,107.68937428816115,88.44957084708672,86.17294630686813,527,STOP,0.0,0.0
85.12125254976824,85.43572480538568,29.99999999999998,85.0,85.0,29.757494900463577,18.75425071604271,15.403612829562215,15.007135575461854,17.180497691191533,18.357867112865353,15.078047193921648,14.68994975114715,16.817376408324755,23.92443821273321,56.272038206636786,85.85576048255342,98.28955614673359,107.68937428816115,88.44957084708672,86.17294630686813,528,STOP,0.0,0.0
85.12125254976824,85.43572480538568,29.99999999999998,85.0,85.0,29.757494900463577,18.75425071604271,15.403612829562215,15.007135575461854,17.180497691191533,18.357867112865353,15.078047193921648,14.68994975114715,16.817376408324755,23.92443821273321,56.272038206636786,85.85576048255342,98.28955614673359,107.68937428816115,88.44957084708672,86.17294630686813,529,STOP,0.0,0.0
85.12125254976824,85.43572480538568,29.99999999999998,85.0,85.0,29.757494900463577,18.75425071604271,15.403612829562215,15.007135575461854,17.180497691191533,18.357867112865353,15.078047193921648,14.68994975114715,16.817376408324755,23.92443821273321,56.272038206636786,85.85576048255342,98.28955614673359,107.68937428816115,88.44957084708672,86.17294630686813,530,STOP,0.0,0.0
85.12125254976824,85.43572480538568,29.99999999999998,85.0,85.0,29.757494900463577,18.75425071604271,15.403612829562215,15.007135575461854,17.180497691191533,18.357867112865353,15.078047193921648,14.68994975114715,16.817376408324755,23.92443821273321,56.272038206636786,85.85576048255342,98.28955614673359,107.68937428816115,88.44957084708672,86.17294630686813,531,STOP,0.0,0.0
85.12125254976824,85.43572480538568,29.99999999999998,85.0,85.0,29.757494900463577,18.75425071604271,15.403612829562215,15.007135575461854,17.180497691191533,18.357867112865353,15.078047193921648,14.68994975114715,16.817376408324755,23.92443821273321,56.272038206636786,85.85576048255342,98.28955614673359,107.68937428816115,88.44957084708672,86.17294630686813,532,STOP,0.0,0.0
85.12125254976824,85.43572480538568,29.99999999999998,85.0,85.0,29.757494900463577,18.75425071604271,15.403612829562215,15.007135575461854,17.180497691191533,18.357867112865353,15.078047193921648,14.68994975114715,16.817376408324755,23.92443821273321,56.272038206636786,85.85576048255342,98.28955614673359,107.68937428816115,88.44957084708672,86.17294630686813,533,STOP,0.0,0.0
85.12125254976824,85.43572480538568,29.99999999999998,85.0,85.0,29.757494900463577,18.75425071604271,15.403612829562215,15.007135575461854,17.180497691191533,18.357867112865353,15.078047193921648,14.68994975114715,16.817376408324755,23.92443821273321,56.272038206636786,85.85576048255342,98.28955614673359,107.68937428816115,88.44957084708672,86.17294630686813,534,STOP,0.0,0.0
85.12125254976824,85.43572480538568,29.99999999999998,85.0,85.0,29.757494900463577,18.75425071604271,15.403612829562215,15.007135575461854,17.180497691191533,18.357867112865353,15.078047193921648,14.68994975114715,16.817376408324755,23.92443821273321,56.272038206636786,85.85576048255342,98.28955614673359,107.68937428816115,88.44957084708672,86.17294630686813,535,STOP,0.0,0.0
85.12125254976824,85.43572480538568,29.99999999999998,85.0,85.0,29.757494900463577,18.75425071604271,15.403612829562215,15.007135575461854,17.180497691191533,18.357867112865353,15.078047193921648,14.68994975114715,16.817376408324755,23.92443821273321,56.272038206636786,85.85576048255342,98.28955614673359,107.68937428816115,88.44957084708672,86.17294630686813,536,STOP,0.0,0.0
85.12125254976824,85.43572480538568,29.99999999999998,85.0,85.0,29.757494900463577,18.75425071604271,15.403612829562215,15.007135575461854,17.180497691191533,18.357867112865353,15.078047193921648,14.68994975114715,16.817376408324755,23.92443821273321,56.272038206636786,85.85576048255342,98.28955614673359,107.68937428816115,88.44957084708672,86.17294630686813,537,STOP,0.0,0.0
85.12125254976824,85.43572480538568,29.99999999999998,85.0,85.0,29.757494900463577,18.75425071604271,15.403612829562215,15.007135575461854,17.180497691191533,18.357867112865353,15.078047193921648,14.68994975114715,16.817376408324755,23.92443821273321,56.272038206636786,85.85576048255342,98.28955614673359,107.68937428816115,88.44957084708672,86.17294630686813,538,STOP,0.0,0.0
85.12125254976824,85.43572480538568,29.99999999999998,85.0,85.0,29.757494900463577,18.75425071604271,15.403612829562215,15.007135575461854,17.180497691191533,18.357867112865353,15.078047193921648,14.68994975114715,16.817376408324755,23.92443821273321,56.272038206636786,85.85576048255342,98.28955614673359,107.68937428816115,88.44957084708672,86.17294630686813,539,STOP,0.0,0.0
85.12125254976824,85.43572480538568,29.99999999999998,85.0,85.0,29.757494900463577,18.75425071604271,15.403612829562215,15.007135575461854,17.180497691191533,18.357867112865353,15.078047193921648,14.68994975114715,16.817376408324755,23.92443821273321,56.272038206636786,85.85576048255342,98.28955614673359,107.68937428816115,88.44957084708672,86.17294630686813,540,STOP,0.0,0.0
85.12125254976824,85.43572480538568,29.99999999999998,85.0,85.0,29.757494900463577,18.75425071604271,15.403612829562215,15.007135575461854,17.180497691191533,18.357867112865353,15.078047193921648,14.68994975114715,16.817376408324755,23.92443821273321,56.272038206636786,85.85576048255342,98.28955614673359,107.68937428816115,88.44957084708672,86.17294630686813,541,STOP,0.0,0.0
85.12125254976824,85.43572480538568,29.99999999999998,85.0,85.0,29.757494900463577,18.75425071604271,15.403612829562215,15.007135575461854,17.180497691191533,18.357867112865353,15.078047193921648,14.68994975114715,16.817376408324755,23.92443821273321,56.272038206636786,85.85576048255342,98.28955614673359,107.68937428816115,88.44957084708672,86.17294630686813,542,STOP,0.0,0.0
85.12125254976824,85.43572480538568,29.99999999999998,85.0,85.0,29.757494900463577,18.75425071604271,15.403612829562215,15.007135575461854,17.180497691191533,18.357867112865353,15.078047193921648,14.68994975114715,16.817376408324755,23.92443821273321,56.272038206636786,85.85576048255342,98.28955614673359,107.68937428816115,88.44957084708672,86.17294630686813,543,STOP,0.0,0.0
85.12125254976824,85.43572480538568,29.99999999999998,85.0,85.0,29.757494900463577,18.75425071604271,15.403612829562215,15.007135575461854,17.180497691191533,18.357867112865353,15.078047193921648,14.68994975114715,16.817376408324755,23.92443821273321,56.272038206636786,85.85576048255342,98.28955614673359,107.68937428816115,88.44957084708672,86.17294630686813,544,STOP,0.0,0.0
85.12125254976824,85.43572480538568,29.99999999999998,85.0,85.0,29.757494900463577,18.75425071604271,15.403612829562215,15.007135575461854,17.180497691191533,18.357867112865353,15.078047193921648,14.68994975114715,16.817376408324755,23.92443821273321,56.272038206636786,85.85576048255342,98.28955614673359,107.68937428816115,88.44957084708672,86.17294630686813,545,STOP,0.0,0.0
85.12125254976824,85.43572480538568,29.99999999999998,85.0,85.0,29.757494900463577,18.75425071604271,15.403612829562215,15.007135575461854,17.180497691191533,18.357867112865353,15.078047193921648,14.68994975114715,16.817376408324755,23.92443821273321,56.272038206636786,85.85576048255342,98.28955614673359,107.68937428816115,88.44957084708672,86.17294630686813,546,STOP,0.0,0.0
85.12125254976824,85.43572480538568,29.99999999999998,85.0,85.0,29.757494900463577,18.75425071604271,15.403612829562215,15.007135575461854,17.180497691191533,18.357867112865353,15.078047193921648,14.68994975114715,16.817376408324755,23.92443821273321,56.272038206636786,85.85576048255342,98.28955614673359,107.68937428816115,88.44957084708672,86.17294630686813,547,STOP,0.0,0.0
85.12125254976824,85.43572480538568,29.99999999999998,85.0,85.0,29.757494900463577,18.75425071604271,15.403612829562215,15.007135575461854,17.180497691191533,18.357867112865353,15.078047193921648,14.68994975114715,16.817376408324755,23.92443821273321,56.272038206636786,85.85576048255342,98.28955614673359,107.68937428816115,88.44957084708672,86.17294630686813,548,STOP,0.0,0.0
85.12125254976824,85.43572480538568,29.99999999999998,85.0,85.0,29.757494900463577,18.75425071604271,15.403612829562215,15.007135575461854,17.180497691191533,18.357867112865353,15.078047193921648,14.68994975114715,16.817376408324755,23.92443821273321,56.272038206636786,85.85576048255342,98.28955614673359,107.68937428816115,88.44957084708672,86.17294630686813,549,STOP,0.0,0.0
85.12125254976824,85.43572480538568,29.99999999999998,85.0,85.0,29.757494900463577,18.75425071604271,15.403612829562215,15.007135575461854,17.180497691191533,18.357867112865353,15.078047193921648,14.68994975114715,16.817376408324755,23.92443821273321,56.272038206636786,85.85576048255342,98.28955614673359,107.68937428816115,88.44957084708672,86.17294630686813,550,STOP,0.0,0.0
85.12125254976824,85.43572480538568,29.99999999999998,85.0,85.0,29.757494900463577,18.75425071604271,15.403612829562215,15.007135575461854,17.180497691191533,18.357867112865353,15.078047193921648,14.68994975114715,16.817376408324755,23.92443821273321,56.272038206636786,85.85576048255342,98.28955614673359,107.68937428816115,88.44957084708672,86.17294630686813,551,STOP,0.0,0.0
85.12125254976824,85.43572480538568,29.99999999999998,85.0,85.0,29.757494900463577,18.75425071604271,15.403612829562215,15.007135575461854,17.180497691191533,18.357867112865353,15.078047193921648,14.68994975114715,16.817376408324755,23.92443821273321,56.272038206636786,85.85576048255342,98.28955614673359,107.68937428816115,88.44957084708672,86.17294630686813,552,STOP,0.0,0.0
85.12125254976824,85.43572480538568,29.99999999999998,85.0,85.0,29.757494900463577,18.75425071604271,15.403612829562215,15.007135575461854,17.180497691191533,18.357867112865353,15.078047193921648,14.68994975114715,16.817376408324755,23.92443821273321,56.272038206636786,85.85576048255342,98.28955614673359,107.68937428816115,88.44957084708672,86.17294630686813,553,STOP,0.0,0.0
85.12125254976824,85.43572480538568,29.99999999999998,85.0,85.0,29.757494900463577,18.75425071604271,15.403612829562215,15.007135575461854,17.180497691191533,18.357867112865353,15.078047193921648,14.68994975114715,16.817376408324755,23.92443821273321,56.272038206636786,85.85576048255342,98.28955614673359,107.68937428816115,88.44957084708672,86.17294630686813,554,STOP,0.0,0.0
85.12125254976824,85.43572480538568,29.99999999999998,85.0,85.0,29.757494900463577,18.75425071604271,15.403612829562215,15.007135575461854,17.180497691191533,18.357867112865353,15.078047193921648,14.68994975114715,16.817376408324755,23.92443821273321,56.272038206636786,85.85576048255342,98.28955614673359,107.68937428816115,88.44957084708672,86.17294630686813,555,STOP,0.0,0.0
85.12125254976824,85.43572480538568,29.99999999999998,85.0,85.0,29.757494900463577,18.75425071604271,15.403612829562215,15.007135575461854,17.180497691191533,18.357867112865353,15.078047193921648,14.68994975114715,16.817376408324755,23.92443821273321,56.272038206636786,85.85576048255342,98.28955614673359,107.68937428816115,88.44957084708672,86.17294630686813,556,STOP,0.0,0.0
85.12125254976824,85.43572480538568,29.99999999999998,85.0,85.0,29.757494900463577,18.75425071604271,15.403612829562215,15.007135575461854,17.180497691191533,18.357867112865353,15.078047193921648,14.68994975114715,16.817376408324755,23.92443821273321,56.272038206636786,85.85576048255342,98.28955614673359,107.68937428816115,88.44957084708672,86.17294630686813,557,STOP,0.0,0.0
85.12125254976824,85.43572480538568,29.99999999999998,85.0,85.0,29.757494900463577,18.75425071604271,15.403612829562215,15.007135575461854,17.180497691191533,18.357867112865353,15.078047193921648,14.68994975114715,16.817376408324755,23.92443821273321,56.272038206636786,85.85576048255342,98.28955614673359,107.68937428816115,88.44957084708672,86.17294630686813,558,STOP,0.0,0.0
85.12125254976824,85.43572480538568,29.99999999999998,85.0,85.0,29.757494900463577,18.75425071604271,15.403612829562215,15.007135575461854,17.180497691191533,18.357867112865353,15.078047193921648,14.68994975114715,16.817376408324755,23.92443821273321,56.272038206636786,85.85576048255342,98.28955614673359,107.68937428816115,88.44957084708672,86.17294630686813,559,STOP,0.0,0.0
85.12125254976824,85.43572480538568,29.99999999999998,85.0,85.0,29.757494900463577,18.75425071604271,15.403612829562215,15.007135575461854,17.180497691191533,18.357867112865353,15.078047193921648,14.68994975114715,16.817376408324755,23.92443821273321,56.272038206636786,85.85576048255342,98.28955614673359,107.68937428816115,88.44957084708672,86.17294630686813,560,STOP,0.0,0.0
85.12125254976824,85.43572480538568,29.99999999999998,85.0,85.0,29.757494900463577,18.75425071604271,15.403612829562215,15.007135575461854,17.180497691191533,18.357867112865353,15.078047193921648,14.68994975114715,16.817376408324755,23.92443821273321,56.272038206636786,85.85576048255342,98.28955614673359,107.68937428816115,88.44957084708672,86.17294630686813,561,STOP,0.0,0.0
85.12125254976824,85.43572480538568,29.99999999999998,85.0,85.0,29.757494900463577,18.75425071604271,15.403612829562215,15.007135575461854,17.180497691191533,18.357867112865353,15.078047193921648,14.68994975114715,16.817376408324755,23.92443821273321,56.272038206636786,85.85576048255342,98.28955614673359,107.68937428816115,88.44957084708672,86.17294630686813,562,STOP,0.0,0.0
85.12125254976824,85.43572480538568,29.99999999999998,85.0,85.0,29.757494900463577,18.75425071604271,15.403612829562215,15.007135575461854,17.180497691191533,18.357867112865353,15.078047193921648,14.68994975114715,16.817376408324755,23.92443821273321,56.272038206636786,85.85576048255342,98.28955614673359,107.68937428816115,88.44957084708672,86.17294630686813,563,STOP,0.0,0.0
85.12125254976824,85.43572480538568,29.99999999999998,85.0,85.0,29.757494900463577,18.75425071604271,15.403612829562215,15.007135575461854,17.180497691191533,18.357867112865353,15.078047193921648,14.68994975114715,16.817376408324755,23.92443821273321,56.272038206636786,85.85576048255342,98.28955614673359,107.68937428816115,88.44957084708672,86.17294630686813,564,STOP,0.0,0.0
85.12125254976824,85.43572480538568,29.99999999999998,85.0,85.0,29.757494900463577,18.75425071604271,15.403612829562215,15.007135575461854,17.180497691191533,18.357867112865353,15.078047193921648,14.68994975114715,16.817376408324755,23.92443821273321,56.272038206636786,85.85576048255342,98.28955614673359,107.68937428816115,88.44957084708672,86.17294630686813,565,STOP,0.0,0.0
86.92529545458487,9.930570166210822,29.99999999999998,85.0,85.0,11.466834717336583,16.312745343247713,13.53593018176775,13.187525655534662,15.097368377740512,21.477550847308745,50.516779166062015,90.84663539330178,104.00321912058857,109.56693700019613,89.99168785924061,76.08105313812553,19.861140332421694,12.517209749902083,10.28088275096908,10.01626066471351,566,LEFT,-0.4999999999999968,0.866025403784434
86.92529545458487,9.930570166210822,32.99999999999998,85.0,85.0,11.840847343121562,15.864930305487274,13.36680122264423,13.29737023922733,15.589797764628338,23.08361683374306,62.88585549946499,91.60333616532775,107.39548194047318,105.47571070387754,88.86725826385876,54.49305309374934,18.23330596554994,12.04981749556496,10.152425011072904,10.099690415798825,567,LEFT,-0.5446390350150236,0.8386705679454196
86.92529545458487,9.930570166210822,35.99999999999997,85.0,85.0,12.274859780767974,15.334375615907966,13.23768238221473,13.446224807188484,16.161223603858577,25.023426719885933,83.5794371914946,92.62877012583122,111.33193796921098,101.94839404549303,88.0088301965856,42.53916206423592,16.894895078567814,11.646847734100849,10.054355972479247,10.212749240689655,568,LEFT,-0.5877852522924695,0.8090169943749431
86.92529545458487,9.930570166210822,38.99999999999997,85.0,85.0,12.778256156145083,14.87761714813614,13.146723673261668,13.636248890113315,16.824001145039784,27.401162116989212,90.56555743344023,93.93781391678473,115.89770043317164,98.91170096959695,87.40410428309,34.96490718331854,15.779832192700097,11.299928077334341,9.985270522911442,10.357077357795486,569,LEFT,-0.6293203910498335,0.7771459614569668
86.92529545458487,9.930570166210822,41.99999999999997,85.0,85.0,13.362900239305926,14.485838371310189,13.092647563872053,13.870283314461693,17.593750366243857,30.370191714796256,90.19303625535665,95.55003751153741,121.20037272133163,96.3070160369365,87.04458703592009,29.74944909462243,14.841004240187198,11.00236214615875,9.94419834443551,10.534832446962328,570,LEFT,-0.669130606358854,0.7431448254773904
86.92529545458487,9.930570166210822,44.99999999999997,85.0,85.0,14.043947011152985,14.151958221084856,13.074704545415145,14.151958221084856,18.490424492147227,34.16584947148044,90.06942983378917,97.49044833687648,122.93093174516235,94.0872618081546,86.92529545458488,25.949830398554706,14.04394701115302,10.74877169236296,9.930570166210837,10.748771692362945,571,LEFT,-0.7071067811865431,0.7071067811865438
86.92529545458487,9.930570166210822,47.99999999999997,85.0,85.0,14.841004240187164,13.870283314461709,13.092647563872053,14.485838371310185,19.53983933953111,39.16847177864209,90.19303625535663,99.79049226208792,116.96952259439384,92.21458664403806,87.04458703592007,23.066931932379212,13.362900239305947,10.534832446962332,9.94419834443551,11.002362146158744,572,LEFT,-0.7431448254773896,0.6691306063588547
86.92529545458487,9.930570166210822,50.99999999999997,85.0,85.0,15.779832192700072,13.636248890113317,13.146723673261667,14.877617148136133,20.77591117555209,46.0352047493951,90.5655574334402,102.4893900403987,111.85195544427698,90.65864238446692,87.40410428308999,20.811878547106442,12.778256156145103,10.357077357795493,9.985270522911442,11.299928077334332,573,LEFT,-0.777145961456966,0.6293203910498342
86.92529545458487,9.930570166210822,53.99999999999997,85.0,85.0,16.16122360385862,13.4462248071885,13.237682382214729,15.33437561590796,22.24401598104292,56.00755709796618,91.19215660632103,105.63592192730006,107.44557414612042,89.3952945593324,63.480705250323105,19.005928124624624,12.274859780767985,10.212749240689659,10.054355972479241,11.646847734100847,574,LEFT,-0.8090169943749423,0.58778525229247
86.92529545458487,9.930570166210822,56.99999999999998,85.0,85.0,15.589797764628338,13.297370239227334,13.366801222644227,15.864930305487274,24.006183370706022,71.74618949903089,92.08163447543002,109.29082351379977,103.64653151896648,88.40565634189927,47.76340439131579,17.532593249902238,11.84084734312158,10.099690415798834,10.152425011072895,12.049817495564959,575,LEFT,-0.8386705679454188,0.5446390350150242
86.92529545458487,9.930570166210822,59.999999999999986,85.0,85.0,15.097368377740523,13.187525655534676,13.535930181767746,16.4803044008304,26.149409090830204,90.8466353933018,93.24673529003923,113.53003165112438,100.3726854601847,87.67537040248064,38.36877677327514,16.312745343247748,11.466834717336592,10.016260664713515,10.28088275096907,12.517209749902063,576,LEFT,-0.8660254037844333,0.49999999999999745
86.92529545458487,9.930570166210822,62.99999999999997,85.0,85.0,14.674083960636658,13.115134126973876,13.74755792258039,17.194373975088403,28.799511339810042,90.3479423880702,94.7046030289085,118.44913626199136,97.55853980279949,87.19408572130872,32.13600011318968,15.290784523479056,11.145339452207446,9.961277460212388,10.441619394918227,13.059563727087127,577,LEFT,-0.8910065241883623,0.45399049973954453
86.92529545458487,9.930570166210822,65.99999999999997,85.0,85.0,14.312045926159342,13.079186455953634,14.00490431710474,18.024767717073992,32.145381459959765,90.10030495799296,96.47741884620491,124.1695784041747,95.15158192444541,86.95509279313319,27.71054213640148,14.426533238632704,10.870362370184207,9.933974291093854,10.637080517497969,13.690268863996856,578,LEFT,-0.9135454576425952,0.4067366430757982
86.92529545458487,9.930570166210822,68.99999999999999,85.0,85.0,14.004904317104744,13.079186455953634,14.312045926159325,18.994141983058476,36.484023088572414,90.10030495799295,98.59326548042043,119.83507955109765,93.1095950465982,86.95509279313319,24.415233629098342,13.690268863996888,10.637080517497976,9.933974291093852,10.870362370184198,14.42653323863266,579,LEFT,-0.9335804264971959,0.35836794954529855
86.92529545458487,9.930570166210822,71.99999999999997,85.0,85.0,13.747557922580379,13.115134126973874,14.67408396063664,20.132025308308997,42.3106326946887,90.3479423880702,101.08728431122861,114.3143260139901,91.39866450124637,87.19408572130871,21.87396029632334,13.05956372708716,10.44161939491823,9.961277460212388,11.145339452207438,15.290784523478997,580,LEFT,-0.9510565162951475,0.309016994374946
86.92529545458487,9.930570166210822,74.99999999999997,85.0,85.0,13.53593018176775,13.187525655534676,15.097368377740528,21.477550847308752,50.51677916606203,90.84663539330178,104.00321912058853,109.56693700019609,89.99168785924061,76.08105313812517,19.86114033242168,12.517209749902102,10.280882750969083,10.016260664713515,11.466834717336576,16.3127453432477,581,LEFT,-0.9659258262890621,0.25881904510251963
86.92529545458487,9.930570166210822,77.99999999999999,85.0,85.0,13.366801222644215,13.297370239227346,15.589797764628331,23.083616833743054,62.885855499464945,91.60333616532775,107.39548194047313,105.47571070387747,88.86725826385874,54.49305309374915,18.233305965549917,12.04981749556496,10.1524250110729,10.099690415798833,11.840847343121554,15.864930305487277,582,LEFT,-0.9781476007337994,0.2079116908177585
86.92529545458487,9.930570166210822,80.99999999999997,85.0,85.0,13.23768238221473,13.446224807188498,16.16122360385861,25.023426719885933,83.57943719149456,92.62877012583121,111.33193796921093,101.94839404549298,88.0088301965856,42.53916206423581,16.894895078567803,11.64684773410085,10.054355972479248,10.212749240689662,12.274859780767967,15.334375615907954,583,LEFT,-0.9876883405951313,0.15643446504023037
86.92529545458487,9.930570166210822,83.99999999999997,85.0,85.0,13.146723673261668,13.636248890113315,16.82400114503981,27.401162116989212,90.56555743344025,93.93781391678473,115.89770043317156,98.91170096959692,87.40410428309,34.96490718331846,15.779832192700097,11.299928077334348,9.985270522911444,10.357077357795493,12.778256156145083,14.877617148136148,584,LEFT,-0.9945218953682669,0.10452846326765329
86.92529545458487,9.930570166210822,86.99999999999999,85.0,85.0,13.092647563872053,13.870283314461705,17.59375036624387,30.37019171479622,90.19303625535665,95.55003751153738,121.20037272133158,96.30701603693647,87.04458703592009,29.7494490946224,14.841004240187198,11.00236214615876,9.944198344435513,10.534832446962337,13.362900239305917,14.485838371310193,585,LEFT,-0.9986295347545674,0.052335956242943994
86.92529545458487,9.930570166210822,89.99999999999997,85.0,85.0,13.074704545415145,14.151958221084854,18.49042449214725,34.16584947148044,90.06942983378919,97.49044833687645,122.93093174516244,94.08726180815458,86.92529545458488,25.94983039855466,14.043947011153008,10.74877169236296,9.930570166210838,10.748771692362949,14.043947011152985,14.151958221084872,586,LEFT,-0.9999999999999936,4.983163284495784e-16
86.92529545458487,9.930570166210822,92.99999999999997,85.0,85.0,13.092647563872053,14.485838371310185,19.539839339531145,39.16847177864209,90.19303625535663,99.79049226208791,116.96952259439388,92.21458664403804,87.04458703592009,23.066931932379173,13.362900239305928,10.53483244696234,9.944198344435511,11.002362146158747,14.841004240187143,13.870283314461714,587,UP,-0.05233595624294306,0.9986295347545674
86.8938938808391,10.529747887063563,92.99999999999997,85.0,85.0,13.124092231441878,14.520629071192236,19.586768255123037,39.26254286459232,89.59303625535664,99.12664616217687,116.92726760900044,92.18127432536491,87.01314236835026,24.4587142239273,14.169173391336336,11.170469352949274,10.544198344435507,11.666208246069775,15.736461293202895,13.903595633134831,588,UP,-0.05233595624294306,0.9986295347545674
86.86249230709333,11.128925607916303,92.99999999999997,85.0,85.0,13.155536899011706,14.55541977107428,19.633697170714942,39.356613950542624,88.99303625535664,98.46280006226584,116.88501262360698,92.14796200669178,86.98169770078043,25.8504965154754,14.975446543366735,11.8061062589362,11.144198344435504,12.3300543459808,16.631918346218626,13.936907951807953,589,UP,-0.05233595624294306,0.9986295347545674
86.83109073334757,11.728103328769043,92.99999999999997,85.0,85.0,13.186981566581531,14.59021047095633,19.680626086306834,39.450685036492885,88.39303625535663,97.79895396235482,116.84275763821353,92.11464968801867,86.9502530332106,27.242278807023503,15.781719695397134,12.441743164923137,11.7441983444355,12.993900445891825,17.527375399234366,13.970220270481073,590,UP,-0.05233595624294306,0.9986295347545674
86.7996891596018,12.327281049621783,92.99999999999997,85.0,85.0,13.218426234151357,14.625001170838374,19.727555001898725,39.544756122443154,87.79303625535664,97.13510786244379,116.80050265282006,92.08133736934556,86.91880836564079,28.63406109857163,16.587992847427543,13.077380070910069,12.344198344435494,13.657746545802862,17.762770307817703,14.003532589154196,591,UP,-0.05233595624294306,0.9986295347545674
86.76828758585603,12.926458770474524,92.99999999999997,85.0,85.0,13.249870901721184,14.65979187072042,19.774483917490617,39.63882720839338,87.19303625535665,96.47126176253278,116.75824766742662,92.04802505067242,86.88736369807096,30.02584339011975,17.394265999457943,13.713016976896995,12.944198344435492,14.321592645713887,17.805025293211166,14.036844907827314,592,UP,-0.05233595624294306,0.9986295347545674
86.73688601211026,13.525636491327264,92.99999999999997,85.0,85.0,13.281315569291012,14.694582570602469,19.82141283308252,39.73289829434365,86.59303625535665,95.80741566262172,116.71599268203316,92.01471273199931,86.85591903050113,31.417625681667857,18.200539151488343,14.348653882883932,13.544198344435488,14.985438745624917,17.84728027860462,14.070157226500436,593,UP,-0.05233595624294306,0.9986295347545674
86.7054844383645,14.124814212180004,92.99999999999997,85.0,85.0,13.312760236860838,14.729373270484514,19.86834174867441,39.82696938029395,85.99303625535664,95.14356956271072,116.67373769663972,91.98140041332618,86.82447436293131,32.80940797321597,19.00681230351874,14.984290788870869,14.144198344435484,15.649284845535934,17.88953526399807,14.103469545173553,594,UP,-0.05233595624294306,0.9986295347545674
86.67408286461873,14.723991933032744,92.99999999999997,85.0,85.0,13.344204904430663,14.764163970366562,19.915270664266302,39.921040466244214,85.39303625535666,94.47972346279968,116.63148271124626,91.94808809465307,86.79302969536147,34.20119026476411,19.81308545554914,15.619927694857799,14.744198344435478,16.313130945446957,17.931790249391526,14.136781863846677,595,UP,-0.05233595624294306,0.9986295347545674
86.64268129087296,15.323169653885484,92.99999999999997,85.0,85.0,13.37564957200049,14.798954670248609,19.962199579858193,40.015111552194476,84.79303625535667,93.81587736288864,116.58922772585281,91.91477577597995,86.76158502779165,35.59297255631221,20.619358607579535,16.25556460084473,15.344198344435474,16.97697704535799,17.97404523478498,14.170094182519795,596,UP,-0.05233595624294306,0.9986295347545674
86.61127971712719,15.922347374738225,92.99999999999997,85.0,85.0,13.407094239570316,14.833745370130655,20.009128495450085,40.109182638144716,84.19303625535667,93.15203126297763,116.54697274045935,91.88146345730684,86.73014036022182,36.9847548478603,21.425631759609946,16.891201506831663,15.94419834443547,17.640823145269014,18.01630022017843,14.203406501192918,597,UP,-0.05233595624294306,0.9986295347545674
86.57987814338142,16.521525095590967,92.99999999999997,85.0,85.0,13.438538907140144,14.868536070012702,20.05605741104199,40.20325372409498,83.59303625535667,92.4881851630666,116.5047177550659,91.84815113863371,86.698695692652,38.376537139408434,22.23190491164035,17.5268384128186,16.54419834443547,18.30466924518005,18.058555205571885,14.236718819866036,598,UP,-0.05233595624294306,0.9986295347545674
86.54847656963565,17.120702816443707,92.99999999999997,85.0,85.0,13.46998357470997,14.903326769894749,20.102986326633882,40.297324810045275,82.99303625535669,91.82433906315558,116.46246276967244,91.81483881996058,86.66725102508217,39.76831943095655,23.038178063670745,18.162475318805527,17.144198344435463,18.968515345091078,18.10081019096534,14.270031138539158,599,UP,-0.05233595624294306,0.9986295347545674
86.51707499588989,17.719880537296447,92.99999999999997,85.0,85.0,13.501428242279795,14.938117469776795,20.14991524222576,40.39139589599551,82.39303625535666,91.16049296324455,116.420207784279,91.78152650128747,86.63580635751235,41.160101722504656,23.844451215701152,18.798112224792458,17.74419834443546,19.632361445002104,18.143065176358792,14.303343457212277,600,UP,-0.05233595624294306,0.9986295347545674
86.48567342214412,18.319058258149187,92.99999999999997,85.0,85.0,13.532872909849623,14.972908169658844,20.196844157817672,40.485466981945805,81.79303625535668,90.49664686333352,116.37795279888553,91.74821418261435,86.60436168994252,42.55188401405277,24.650724367731545,19.43374913077939,18.344198344435455,20.296207544913134,18.185320161752255,14.3366557758854,601,UP,-0.05233595624294306,0.9986295347545674
86.45427184839835,18.918235979001928,92.99999999999997,85.0,85.0,13.564317577419448,15.00769886954089,20.243773073409557,40.57953806789603,81.19303625535667,89.8328007634225,116.33569781349209,91.71490186394124,86.57291702237269,43.9436663056009,25.456997519761952,20.06938603676632,18.94419834443545,20.960053644824157,18.2275751471457,14.369968094558518,602,UP,-0.05233595624294306,0.9986295347545674
86.42287027465258,19.517413699854668,92.99999999999997,85.0,85.0,13.595762244989276,15.042489569422937,20.290701989001462,40.67360915384631,80.5930362553567,89.16895466351147,116.29344282809862,91.68158954526811,86.54147235480286,45.33544859714901,26.26327067179234,20.705022942753253,19.544198344435443,21.623899744735176,18.269830132539152,14.403280413231638,603,UP,-0.05233595624294306,0.9986295347545674
86.39146870090681,20.116591420707408,92.99999999999997,85.0,85.0,13.627206912559101,15.077280269304984,20.33763090459335,40.767680239796604,79.9930362553567,88.50510856360043,116.25118784270516,91.64827722659498,86.51002768723303,46.72723088869711,27.06954382382275,21.340659848740184,20.14419834443544,22.287745844646206,18.312085117932618,14.43659273190476,604,UP,-0.05233595624294306,0.9986295347545674
86.36006712716105,20.71576914156015,92.99999999999997,85.0,85.0,13.658651580128929,15.11207096918703,20.384559820185245,40.86175132574687,79.3930362553567,87.84126246368942,116.20893285731172,91.61496490792187,86.47858301966322,48.11901318024523,27.875816975853148,21.976296754727123,20.744198344435436,22.95159194455723,18.35434010332606,14.469905050577882,605,UP,-0.05233595624294306,0.9986295347545674
86.32866555341528,21.31494686241289,92.99999999999997,85.0,85.0,13.690096247698754,15.14686166906908,20.43148873577715,40.95582241169709,78.7930362553567,87.17741636377839,116.16667787191827,91.58165258924875,86.44713835209339,49.510795471793344,28.682090127883548,22.61193366071405,21.344198344435434,23.615438044468267,18.39659508871951,14.503217369251,606,UP,-0.05233595624294306,0.9986295347545674
86.29726397966951,21.91412458326563,92.99999999999997,85.0,85.0,13.721540915268582,15.181652368951127,20.47841765136904,41.04989349764736,78.1930362553567,86.51357026386736,116.1244228865248,91.54834027057562,86.41569368452356,50.90257776334147,29.488363279913955,23.247570566700986,21.944198344435428,24.279284144379293,18.438850074112977,14.536529687924121,607,UP,-0.05233595624294306,0.9986295347545674
86.26586240592374,22.51330230411837,92.99999999999997,85.0,85.0,13.752985582838408,15.216443068833172,20.52534656696093,41.143964583597665,77.59303625535672,85.84972416395631,115.80205263294299,91.51502795190251,86.38424901695373,52.29436005488957,30.294636431944355,23.883207472687914,22.544198344435426,24.943130244290316,18.48110505950642,14.569842006597241,608,UP,-0.05233595624294306,0.9986295347545674
86.23446083217797,23.11248002497111,92.99999999999997,85.0,85.0,13.784430250408233,15.251233768715219,20.57227548255282,41.238035669547926,76.99303625535671,85.18587806404531,114.90659557992723,91.48171563322938,86.3528043493839,53.686142346437684,31.10090958397476,24.518844378674846,23.14419834443542,25.606976344201346,18.52336004489987,14.603154325270364,609,UP,-0.05233595624294306,0.9986295347545674
86.2030592584322,23.71165774582385,92.99999999999997,85.0,85.0,13.81587491797806,15.286024468597263,20.619204398144717,41.33210675549816,76.3930362553567,84.52203196413429,114.0111385269115,91.44840331455626,86.32135968181409,55.077924637985795,31.90718273600515,25.154481284661784,23.744198344435414,26.270822444112373,18.565615030293333,14.636466643943479,610,UP,-0.05233595624294306,0.9986295347545674
86.17165768468644,24.31083546667659,92.99999999999997,85.0,85.0,13.847319585547886,15.320815168479314,20.666133313736612,41.42617784144846,75.79303625535672,83.85818586422326,113.11568147389576,91.41509099588315,86.28991501424426,56.46970692953392,32.713455888035554,25.790118190648712,24.344198344435412,26.934668544023395,18.60787001568678,14.669778962616602,611,UP,-0.05233595624294306,0.9986295347545674
86.14025611094067,24.91001318752933,92.99999999999997,85.0,85.0,13.878764253117714,15.35560586836136,20.713062229328507,41.52024892739868,75.19303625535673,83.19433976431222,112.22022442088002,91.38177867721002,86.25847034667443,57.86148922108203,33.519729040065954,26.42575509663564,24.944198344435407,27.598514643934426,18.65012500108024,14.70309128128972,612,UP,-0.05233595624294306,0.9986295347545674
86.1088545371949,25.50919090838207,92.99999999999997,85.0,85.0,13.91020892068754,15.390396568243407,20.7599911449204,41.61432001334896,74.59303625535674,82.5304936644012,111.32476736786425,91.3484663585369,86.2270256791046,59.253271512630135,34.326002192096354,27.06139200262258,25.544198344435404,28.262360743845445,18.692379986473693,14.736403599962843,613,UP,-0.05233595624294306,0.9986295347545674
86.07745296344913,26.10836862923481,92.99999999999997,85.0,85.0,13.941653588257367,15.425187268125457,20.806920060512294,41.70839109929926,73.99303625535673,81.86664756449018,110.42931031484852,91.31515403986378,86.19558101153477,60.64505380417827,35.132275344126754,27.697028908609507,26.1441983444354,28.926206843756482,18.73463497186715,14.769715918635962,614,UP,-0.05233595624294306,0.9986295347545674
86.04605138970336,26.70754635008755,92.99999999999997,85.0,85.0,13.973098255827193,15.4599779680075,20.8538489761042,41.80246218524951,73.39303625535675,81.20280146457915,109.5338532618328,91.28184172119066,86.16413634396496,62.036836095726386,35.93854849615716,28.332665814596442,26.744198344435393,29.590052943667505,18.7768899572606,14.803028237309084,615,UP,-0.05233595624294306,0.9986295347545674
86.0146498159576,27.30672407094029,92.99999999999997,85.0,85.0,14.004542923397018,15.494768667889545,20.900777891696084,41.89653327119975,72.79303625535674,80.53895536466811,108.63839620881703,91.24852940251753,86.13269167639511,63.42861838727448,36.74482164818755,28.968302720583377,27.344198344435394,30.25389904357853,18.819144942654052,14.8363405559822,616,UP,-0.05233595624294306,0.9986295347545674
85.98324824221183,27.90590179179303,92.99999999999997,85.0,85.0,14.035987590966846,15.529559367771597,20.947706807287968,41.990604357150026,72.19303625535674,79.8751092647571,107.7429391558013,91.21521708384442,86.1012470088253,64.82040067882261,37.55109480021796,29.603939626570305,27.94419834443539,30.91774514348956,18.861399928047508,14.869652874655324,617,UP,-0.05233595624294306,0.9986295347545674
85.95184666846606,28.50507951264577,92.99999999999997,85.0,85.0,14.067432258536671,15.56435006765364,20.994635722879867,42.08467544310029,71.59303625535674,79.21126316484607,106.84748210278555,91.1819047651713,86.06980234125547,66.21218297037072,38.35736795224836,30.23957653255724,28.544198344435383,31.581591243400585,18.90365491344097,14.90296519332844,618,UP,-0.05233595624294306,0.9986295347545674
85.9204450947203,29.10425723349851,92.99999999999997,85.0,85.0,14.098876926106499,15.599140767535687,21.04156463847177,42.178746529050535,70.99303625535676,78.54741706493503,105.95202504976982,91.14859244649818,86.03835767368564,67.60396526191884,39.16364110427876,30.87521343854417,29.14419834443538,32.245437343311615,18.945909898834415,14.936277512001567,619,UP,-0.05233595624294306,0.9986295347545674
85.88904352097452,29.703434954351252,92.99999999999997,85.0,85.0,14.130321593676324,15.633931467417739,21.08849355406366,42.27281761500081,70.39303625535676,77.883570965024,105.05656799675408,91.11528012782506,86.00691300611582,68.99574755346694,39.96991425630917,31.510850344531104,29.744198344435375,32.777218946597856,18.988164884227867,14.969589830674682,620,UP,-0.05233595624294306,0.9986295347545674
85.85764194722876,30.302612675203992,92.99999999999997,85.0,85.0,14.16176626124615,15.668722167299782,21.135422469655545,42.36688870095108,69.79303625535678,77.21972486511298,104.16111094373832,91.08196780915193,85.975468338546,70.38752984501507,40.77618740833955,32.146487250518035,30.344198344435373,32.850159165743385,19.03041986962132,15.002902149347808,621,UP,-0.05233595624294306,0.9986295347545674
85.82624037348299,30.901790396056732,92.99999999999997,85.0,85.0,14.193210928815978,15.703512867181832,21.182351385247443,42.460959786901384,69.19303625535677,76.55587876520197,103.26565389072259,91.04865549047882,85.94402367097616,71.77931213656316,41.58246056036996,32.78212415650496,30.944198344435367,32.9230993848889,19.07267485501477,15.036214468020924,622,UP,-0.05233595624294306,0.9986295347545674
85.79483879973722,31.500968116909473,92.99999999999997,85.0,85.0,14.224655596385805,15.738303567063877,21.22928030083935,42.55503087285162,68.59303625535678,75.89203266529094,102.37019683770686,91.0153431718057,85.91257900340634,73.1710944281113,42.38873371240036,33.4177610624919,31.54419834443536,32.996039604034394,19.114929840408227,15.069526786694048,623,UP,-0.05233595624294306,0.9986295347545674
85.76343722599145,32.10014583776221,92.99999999999997,85.0,85.0,14.25610026395563,15.773094266945925,21.27620921643124,42.64910195880188,67.99303625535677,75.22818656537989,101.47473978469114,90.98203085313257,85.8811343358365,74.5628767196594,43.19500686443076,34.05339796847883,32.14419834443536,33.068979823179866,19.15718482580169,15.102839105367165,624,UP,-0.05233595624294306,0.9986295347545674
85.73203565224568,32.69932355861496,92.99999999999997,85.0,85.0,14.287544931525458,15.80788496682797,21.323138132023132,42.74317304475217,67.39303625535678,74.56434046546887,100.57928273167535,90.94871853445946,85.84968966826669,75.95465901120753,44.00128001646117,34.68903487446577,32.74419834443536,33.14192004232537,19.199439811195145,15.136151424040289,625,UP,-0.05233595624294306,0.9986295347545674
85.70063407849992,33.2985012794677,92.99999999999997,85.0,85.0,14.318989599095284,15.842675666710015,21.370067047615034,42.8372441307024,66.79303625535678,73.90049436555785,99.6838256786596,90.91540621578633,85.81824500069686,77.34644130275565,44.80755316849157,35.324671780452704,33.344198344435355,33.21486026147083,19.24169479658859,15.169463742713406,626,UP,-0.05233595624294306,0.9986295347545674
85.66923250475415,33.897679000320444,92.99999999999997,85.0,85.0,14.35043426666511,15.877466366592063,21.416995963206926,42.9313152166527,66.19303625535679,73.23664826564682,98.78836862564387,90.88209389711322,85.78680033312703,78.73822359430378,45.61382632052198,35.96030868643964,33.94419834443536,33.28780048061641,19.283949781982038,15.202776061386528,627,UP,-0.05233595624294306,0.9986295347545674
85.63783093100838,34.49685672117319,92.99999999999997,85.0,85.0,14.381878934234937,15.912257066474112,21.463924878798824,43.02538630260296,65.59303625535676,72.57280216573578,97.89291157262812,90.8487815784401,85.7553556655572,80.13000588585189,46.42009947255238,36.59594559242658,34.54419834443536,33.360740699761855,19.326204767375504,15.236088380059641,628,UP,-0.05233595624294306,0.9986295347545674
85.60642935726261,35.09603444202593,92.99999999999997,85.0,85.0,14.413323601804763,15.947047766356155,21.510853794390716,43.11945738855319,64.99303625535677,71.90895606582475,96.99745451961236,90.81546925976697,85.72391099798737,81.52178817740001,47.22637262458279,37.23158249841351,35.14419834443536,33.43368091890738,19.36845975276896,15.269400698732772,629,UP,-0.05233595624294306,0.9986295347545674
85.57502778351684,35.695212162878676,92.99999999999997,85.0,85.0,14.444768269374588,15.981838466238203,21.557782709982607,43.21352847450347,64.39303625535678,71.24510996591373,96.10199746659661,90.78215694109386,85.69246633041755,82.91357046894814,48.032645776613194,37.86721940440045,35.744198344435354,33.50662113805288,19.410714738162405,15.302713017405889,630,UP,-0.05233595624294306,0.9986295347545674
85.54362620977108,36.29438988373142,92.99999999999997,85.0,85.0,14.476212936944416,16.016629166120254,21.6047116255745,43.30759956045371,63.79303625535678,70.58126386600269,95.2065404135809,90.74884462242073,85.66102166284773,84.30535276049625,48.838918928643594,38.50285631038738,36.344198344435355,33.5795613571984,19.45296972355586,15.33602533607901,631,UP,-0.05233595624294306,0.9986295347545674
85.51222463602531,36.89356760458416,92.99999999999997,85.0,85.0,14.507657604514243,16.0514198660023,21.65164054116639,43.401670646404,63.19303625535678,69.91741776609165,94.31108336056514,90.71553230374761,85.6295769952779,85.69713505204437,49.645192080674,39.13849321637432,36.94419834443536,33.65250157634392,19.495224708949305,15.369337654752128,632,UP,-0.05233595624294306,0.9986295347545674
85.48082306227954,37.49274532543691,92.99999999999997,85.0,85.0,14.539102272084069,16.086210565884343,21.698569456758285,43.49574173235426,62.593036255356786,69.25357166618063,93.41562630754939,90.6822199850745,85.59813232770807,87.08891734359251,50.4514652327044,39.77413012236126,37.54419834443535,33.725441795489395,19.53747969434276,15.40264997342525,633,UP,-0.05233595624294306,0.9986295347545674
85.44942148853377,38.09192304628965,92.99999999999997,85.0,85.0,14.570546939653894,16.121001265766395,21.745498372350188,43.5898128183045,61.993036255356785,68.5897255662696,92.52016925453363,90.64890766640137,85.56668766013824,88.48069963514064,51.257738384734814,40.40976702834819,38.14419834443535,33.798382014634896,19.579734679736227,15.435962292098369,634,UP,-0.05233595624294306,0.9986295347545674
85.418019914788,38.691100767142395,92.99999999999997,85.0,85.0,14.601991607223722,16.15579196564844,21.792427287942086,43.68388390425479,61.39303625535678,67.92587946635857,91.6247122015179,90.61559534772826,85.53524299256841,89.87248192668874,52.064011536765214,41.04540393433513,38.744198344435354,33.87132223378042,19.62198966512967,15.46927461077149,635,UP,-0.05233595624294306,0.9986295347545674
85.38661834104224,39.29027848799514,92.99999999999997,85.0,85.0,14.63343627479355,16.190582665530485,21.83935620353398,43.77795499020505,60.79303625535677,67.26203336644754,90.72925514850212,90.58228302905513,85.50379832499858,91.26426421823687,52.87028468879562,41.68104084032206,39.344198344435355,33.94426245292591,19.664244650523127,15.502586929444611,636,UP,-0.05233595624294306,0.9986295347545674
85.35521676729647,39.88945620884788,92.99999999999997,85.0,85.0,14.664880942363375,16.225373365412537,21.88628511912587,43.87202607615535,60.19303625535678,66.59818726653651,89.83379809548639,90.54897071038201,85.47235365742877,92.65604650978499,53.67655784082603,42.316677746309,39.94419834443535,34.01720267207139,19.706499635916593,15.535899248117731,637,UP,-0.05233595624294306,0.9986295347545674
85.3238151935507,40.488633929700626,92.99999999999997,85.0,85.0,14.696325609933202,16.260164065294582,21.933214034717768,43.96609716210557,59.593036255356786,65.93434116662547,88.93834104247065,90.5156583917089,85.44090898985894,94.04782880133313,54.482830992856435,42.95231465229593,40.54419834443535,34.090142891216914,19.748754621310038,15.56921156679085,638,UP,-0.05233595624294306,0.9986295347545674
85.29241361980493,41.08781165055337,92.99999999999997,85.0,85.0,14.727770277503028,16.294954765176627,21.980142950309652,44.06016824805583,58.993036255356785,65.27049506671446,88.0428839894549,90.48234607303577,85.40946432228911,94.49789964306999,55.289104144886835,43.58795155828287,41.14419834443535,34.16308311036243,19.791009606703494,15.602523885463974,639,UP,-0.05233595624294306,0.9986295347545674
85.26101204605916,41.68698937140611,92.99999999999997,85.0,85.0,14.759214945072854,16.329745465058675,22.02707186590155,44.1542393340061,58.39303625535678,64.6066489668034,87.14742693643917,90.44903375436265,85.37801965471928,94.46310894318795,56.095377296917235,44.22358846426981,41.744198344435354,34.23602332950793,19.83326459209694,15.63583620413709,640,UP,-0.05233595624294306,0.9986295347545674
85.2296104723134,42.28616709225886,92.99999999999997,85.0,85.0,14.79065961264268,16.364536164940723,22.074000781493442,44.24831041995636,57.79303625535679,63.942802866892386,86.2519698834234,90.41572143568953,85.34657498714947,94.4283182433059,56.901650448947656,44.859225370256745,42.34419834443535,34.30896354865345,19.875519577490394,15.669148522810215,641,UP,-0.05233595624294306,0.9986295347545674
85.19820889856763,42.8853448131116,92.99999999999997,85.0,85.0,14.822104280212507,16.399326864822765,22.120929697085348,44.34238150590665,57.19303625535679,63.27895676698135,85.35651283040767,90.38240911701641,85.31513031957964,94.39352754342384,57.707923600978056,45.49486227624368,42.94419834443535,34.381903767798924,19.91777456288384,15.702460841483333,642,UP,-0.05233595624294306,0.9986295347545674
85.16680732482186,43.484522533964345,92.99999999999997,85.0,85.0,14.853548947782333,16.434117564704813,22.167858612677243,44.43645259185689,56.593036255356786,62.615110667070326,84.46105577739192,90.3490967983433,85.28368565200981,94.3587368435418,58.514196753008456,46.130499182230615,43.54419834443535,34.45484398694445,19.960029548277294,15.735773160156455,643,UP,-0.05233595624294306,0.9986295347545674
85.13540575107609,44.08370025481709,92.99999999999997,85.0,85.0,14.88499361535216,16.468908264586865,22.214787528269124,44.53052367780718,55.99303625535678,61.9512645671593,83.56559872437616,90.31578447967016,85.25224098443998,94.32394614365975,59.32046990503887,46.76613608821755,44.14419834443535,34.52778420608994,20.002284533670764,15.769085478829572,644,UP,-0.05233595624294306,0.9986295347545674
85.10400417733032,44.68287797566983,92.99999999999997,85.0,85.0,14.916438282921987,16.50369896446891,22.26171644386103,44.62459476375744,55.39303625535679,61.287418467248266,82.67014167136041,90.28247216099706,85.22079631687015,94.2891554437777,60.12674305706926,47.401772994204485,44.74419834443535,34.60072442523544,20.044539519064205,15.802397797502694,645,UP,-0.05233595624294306,0.9986295347545674
85.07260260358456,45.282055696522576,92.99999999999997,85.0,85.0,14.947882950491813,16.538489664350955,22.308645359452914,44.71866584970767,54.79303625535679,60.62357236733723,81.77468461834466,90.24915984232393,85.18935164930032,94.25436474389565,60.93301620909967,48.03740990019142,45.34419834443535,34.67366464438096,20.08679450445767,15.835710116175813,646,UP,-0.05233595624294306,0.9986295347545674
85.04120102983879,45.88123341737532,92.99999999999997,85.0,85.0,14.979327618061639,16.573280364233,22.355574275044813,44.81273693565797,54.193036255356795,59.9597262674262,80.87922756532892,90.21584752365081,85.1579069817305,94.21957404401361,61.73928936113008,48.673046806178355,45.94419834443535,34.746604863526485,20.129049489851127,15.869022434848938,647,UP,-0.05233595624294306,0.9986295347545674
85.00979945609302,46.480411138228064,92.99999999999997,85.0,85.0,15.010772285631464,16.608071064115048,22.402503190636697,44.906808021608235,53.59303625535679,59.29588016751515,79.9837705123132,90.1825352049777,85.12646231416068,94.18478334413156,62.545562513160476,49.30868371216529,46.544198344435344,34.81954508267196,20.171304475244572,15.902334753522055,648,UP,-0.05233595624294306,0.9986295347545674
84.97839788234725,47.07958885908081,92.99999999999997,85.0,85.0,15.042216953201294,16.642861763997097,22.449432106228603,45.00087910755849,52.99303625535679,58.63203406760414,79.08831345929742,90.14922288630457,85.09501764659085,94.14999264424951,63.3518356651909,49.944320618152226,47.144198344435345,34.89248530181746,20.21355946063803,15.935647072195176,649,UP,-0.05233595624294306,0.9986295347545674
84.94699630860148,47.67876657993355,92.99999999999997,85.0,85.0,15.073661620771118,16.67765246387914,22.496361021820494,45.09495019350875,52.39303625535679,57.96818796769312,78.19285640628169,90.11591056763145,85.06357297902102,94.11520194436747,64.15810881722129,50.57995752413917,47.74419834443535,34.96542552096298,20.255814446031476,15.968959390868296,650,UP,-0.05233595624294306,0.9986295347545674
84.91559473485572,48.277944300786295,92.99999999999997,85.0,85.0,15.105106288340947,16.71244316376119,22.543289937412393,45.18902127945901,51.793036255356796,57.304341867782085,77.29739935326592,90.08259824895833,85.0321283114512,94.08041124448542,64.96438196925169,51.2155944301261,48.34419834443534,35.0383657401085,20.29806943142494,16.002271709541418,651,UP,-0.05233595624294306,0.9986295347545674
84.88419316110995,48.87712202163904,92.99999999999997,85.0,85.0,15.13655095591077,16.74723386364324,22.590218853004277,45.28309236540928,51.19303625535678,56.64049576787105,76.4019423002502,90.04928593028521,85.00068364388137,94.04562054460338,65.77065512128212,51.85123133611304,48.94419834443534,35.11130595925395,20.340324416818394,16.035584028214537,652,UP,-0.05233595624294306,0.9986295347545674
84.85279158736418,49.47629974249178,92.99999999999997,85.0,85.0,15.167995623480596,16.78202456352529,22.637147768596165,45.37716345135954,50.59303625535679,55.97664966796002,75.50648524723445,90.01597361161208,84.96923897631154,94.01082984472133,66.5769282733125,52.48686824209997,49.544198344435344,35.18424617839947,20.38257940221184,16.06889634688766,653,UP,-0.05233595624294306,0.9986295347545674
84.82139001361841,50.07547746334453,92.99999999999997,85.0,85.0,15.199440291050424,16.816815263407328,22.684076684188074,45.471234537309805,49.99303625535679,55.31280356804899,74.61102819421869,89.98266129293897,84.93779430874172,93.97603914483928,67.38320142534292,53.12250514808691,50.144198344435345,35.25718639754495,20.42483438760531,16.102208665560774,654,UP,-0.05233595624294306,0.9986295347545674
84.78998843987264,50.67465518419727,92.99999999999997,85.0,85.0,15.230884958620251,16.85160596328938,22.73100559977997,45.565305623260066,49.3930362553568,54.64895746813796,73.71557114120294,89.94934897426585,84.90634964117189,93.94124844495724,68.18947457737332,53.75814205407384,50.74419834443534,35.33012661669047,20.467089372998764,16.1355209842339,655,UP,-0.05233595624294306,0.9986295347545674
84.75858686612688,51.273832905050014,92.99999999999997,85.0,85.0,15.262329626190077,16.886396663171425,22.777934515371868,45.65937670921036,48.793036255356796,53.98511136822691,72.82011408818721,89.91603665559272,84.87490497360206,93.90645774507519,68.99574772940373,54.393778960060786,51.34419834443534,35.403066835836015,20.509344358392216,16.168833302907018,656,UP,-0.05233595624294306,0.9986295347545674
84.72718529238111,51.87301062590276,92.99999999999997,85.0,85.0,15.293774293759903,16.921187363053477,22.824863430963756,45.753447795160625,48.193036255356795,53.32126526831589,71.92465703517145,89.88272433691961,84.84346030603224,93.87166704519315,69.80202088143413,55.02941586604772,51.94419834443534,35.476007054981466,20.551599343785664,16.20214562158014,657,UP,-0.05233595624294306,0.9986295347545674
84.69578371863534,52.4721883467555,92.99999999999997,85.0,85.0,15.32521896132973,16.955978062935515,22.871792346555655,45.847518881110844,47.5930362553568,52.657419168404864,71.02919998215569,89.84941201824648,84.81201563846241,93.8368763453111,70.60829403346455,55.66505277203465,52.544198344435344,35.54894727412699,20.59385432917911,16.235457940253255,658,UP,-0.05233595624294306,0.9986295347545674
84.66438214488957,53.071366067608245,92.99999999999997,85.0,85.0,15.356663628899557,16.990768762817567,22.91872126214754,45.94158996706115,46.9930362553568,51.99357306849383,70.13374292913996,89.81609969957337,84.78057097089258,93.80208564542905,71.41456718549493,56.300689678021584,53.14419834443534,35.6218874932725,20.636109314572565,16.26877025892638,659,UP,-0.05233595624294306,0.9986295347545674
84.6329805711438,53.67054378846099,92.99999999999997,85.0,85.0,15.388108296469383,17.02555946269961,22.965650177739438,46.03566105301144,46.39303625535678,51.3297269685828,69.23828587612421,89.78278738090025,84.74912630332275,93.767294945547,72.22084033752536,56.93632658400852,53.74419834443534,35.69482771241796,20.67836429996602,16.3020825775995,660,UP,-0.05233595624294306,0.9986295347545674
84.60157899739804,54.26972150931373,92.99999999999997,85.0,85.0,15.419552964039209,17.06035016258166,23.012579093331336,46.129732138961664,45.793036255356796,50.66588086867178,68.34282882310845,89.74947506222712,84.71768163575292,93.73250424566496,73.02711348955576,57.57196348999546,54.34419834443534,35.767767931563476,20.720619285359483,16.33539489627262,661,UP,-0.05233595624294306,0.9986295347545674
84.57017742365227,54.86889923016648,92.99999999999997,85.0,85.0,15.450997631609034,17.09514086246371,23.05950800892323,46.22380322491193,45.193036255356795,50.002034768760744,67.44737177009272,89.71616274355401,84.6862369681831,93.6977135457829,73.83338664158616,58.207600395982396,54.944198344435335,35.840708150709006,20.762874270752928,16.368707214945744,662,UP,-0.05233595624294306,0.9986295347545674
84.5387758499065,55.46807695101922,92.99999999999997,85.0,85.0,15.482442299178862,17.129931562345753,23.10643692451513,46.317874310862194,44.593036255356786,49.33818866884971,66.55191471707698,89.68285042488088,84.65479230061328,93.66292284590087,74.63965979361656,58.84323730196933,55.54419834443534,35.91364836985452,20.805129256146383,16.40201953361887,663,UP,-0.05233595624294306,0.9986295347545674
84.50737427616073,56.067254671871964,92.99999999999997,85.0,85.0,15.513886966748688,17.1647222622278,23.153365840107018,46.411945396812456,43.9930362553568,48.67434256893867,65.65645766406124,89.64953810620777,84.62334763304345,93.62813214601881,75.44593294564697,59.47887420795627,56.14419834443534,35.98658858899997,20.847384241539853,16.435331852291974,664,UP,-0.05233595624294306,0.9986295347545674
84.47597270241496,56.66643239272471,92.99999999999997,85.0,85.0,15.545331634318517,17.19951296210985,23.200294755698913,45.97035884455657,43.3930362553568,48.01049646902764,64.76100061104547,89.61622578753465,84.59190296547362,93.59334144613676,76.25220609767737,60.11451111394321,56.74419834443534,36.059528808145494,20.889639226933298,16.468644170965103,665,UP,-0.05233595624294306,0.9986295347545674
84.4445711286692,57.26561011357745,92.99999999999997,85.0,85.0,15.57677630188834,17.234303661991902,23.2472236712908,45.334721938569636,42.79303625535679,47.34665036911662,63.86554355802972,89.58291346886152,84.5604582979038,93.55855074625472,77.05847924970779,60.750148019930144,57.344198344435334,36.13246902729099,20.931894212326753,16.50195648963822,666,UP,-0.05233595624294306,0.9986295347545674
84.41316955492343,57.864787834430196,92.99999999999997,85.0,85.0,15.608220969458168,17.26909436187394,23.2941525868827,44.699085032582694,42.1930362553568,46.68280426920558,62.970086505013974,89.5496011501884,84.52901363033398,93.52376004637267,77.86475240173817,61.38578492591707,57.944198344435335,36.20540924643652,20.974149197720198,16.535268808311343,667,UP,-0.05233595624294306,0.9986295347545674
84.38176798117766,58.46396555528294,92.99999999999997,85.0,85.0,15.639665637027992,17.30388506175599,23.341081502474598,44.06344812659576,41.593036255356786,46.01895816929456,62.07462945199824,89.51628883151528,84.49756896276415,93.48896934649062,78.67102555376859,62.021421831904014,58.54419834443534,36.27834946558201,21.016404183113654,16.56858112698447,668,UP,-0.05233595624294306,0.9986295347545674
84.35036640743189,59.06314327613568,92.99999999999997,85.0,85.0,15.67111030459782,17.33867576163803,23.388010418066493,43.427811220608824,40.993036255356806,45.35511206938353,61.179172398982494,89.48297651284216,84.46612429519432,93.45417864660858,79.477298705799,62.65705873789095,59.14419834443533,36.35128968472748,21.0586591685071,16.60189344565758,669,UP,-0.05233595624294306,0.9986295347545674
84.31896483368612,59.66232099698843,92.99999999999997,85.0,85.0,15.702554972167647,17.37346646152008,23.43493933365839,42.792174314621896,40.393036255356805,44.69126596947249,60.28371534596677,89.44966419416905,84.43467962762449,93.41938794672653,80.2835718578294,63.29269564387789,59.74419834443533,36.424229903873005,21.100914153900554,16.6352057643307,670,UP,-0.05233595624294306,0.9986295347545674
84.28756325994036,60.26149871784117,92.99999999999997,85.0,85.0,15.733999639737473,17.408257161402133,23.481868249250276,42.156537408634954,39.79303625535679,44.02741986956146,59.38825829295101,89.41635187549592,84.40323496005468,93.38459724684449,81.0898450098598,63.92833254986482,60.344198344435334,36.497170123018535,21.143169139294017,16.66851808300383,671,UP,-0.05233595624294306,0.9986295347545674
84.25616168619459,60.860676438693915,92.99999999999997,85.0,85.0,15.7654443073073,17.44304786128417,23.528797164842175,41.52090050264803,39.1930362553568,43.363573769650415,58.49280123993527,89.3830395568228,84.37179029248485,93.34980654696244,81.89611816189021,64.56396945585176,60.94419834443533,36.57011034216403,21.18542412468746,16.701830401676943,672,UP,-0.05233595624294306,0.9986295347545674
84.22476011244882,61.45985415954666,92.99999999999997,85.0,85.0,15.796888974877126,17.477838561166216,23.575726080434084,40.88526359666108,38.59303625535681,42.6997276697394,57.59734418691951,89.34972723814968,84.34034562491502,93.31501584708039,82.70239131392061,65.19960636183869,61.54419834443533,36.64305056130955,21.22767911008093,16.73514272035007,673,UP,-0.05233595624294306,0.9986295347545674
84.19335853870305,62.0590318803994,92.99999999999997,85.0,85.0,15.828333642446953,17.512629261048268,23.62265499602597,40.249626690674155,37.99303625535681,42.03588156982837,56.70188713390377,89.31641491947657,84.30890095734519,93.28022514719835,83.50866446595103,65.83524326782563,62.14419834443533,36.71599078045502,21.269934095474387,16.768455039023188,674,UP,-0.05233595624294306,0.9986295347545674
84.16195696495728,62.658209601252146,92.99999999999997,85.0,85.0,15.859778310016779,17.547419960930313,23.669583911617863,39.61398978468722,37.393036255356805,41.37203546991734,55.806430080888006,89.28310260080343,84.27745628977536,93.2454344473163,84.31493761798141,66.47088017381256,62.74419834443533,36.788930999600545,21.31218908086783,16.801767357696306,675,UP,-0.05233595624294306,0.9986295347545674
84.13055539121152,63.25738732210489,92.99999999999997,85.0,85.0,15.891222977586605,17.58221066081237,23.716512827209744,38.97835287870028,36.7930362553568,40.708189370006295,54.91097302787226,89.24979028213032,84.24601162220553,93.21064374743425,85.12121077001184,67.1065170797995,63.34419834443533,36.86187121874604,21.354444066261287,16.83507967636942,676,UP,-0.05233595624294306,0.9986295347545674
84.09915381746575,63.856565042957634,92.99999999999997,85.0,85.0,15.922667645156434,17.61700136069441,23.763441742801636,38.34271597271335,36.19303625535681,40.044343270095275,54.015515974856505,89.21647796345721,84.21456695463571,93.1758530475522,85.92748392204224,67.74215398578643,63.94419834443533,36.93481143789154,21.396699051654732,16.86839199504255,677,UP,-0.05233595624294306,0.9986295347545674
84.06775224371998,64.45574276381038,92.99999999999997,85.0,85.0,15.954112312726258,17.651792060576454,23.81037065839355,37.70707906672641,35.593036255356814,39.38049717018424,53.12005892184076,89.18316564478408,84.18312228706588,93.14106234767016,86.73375707407266,68.37779089177337,64.54419834443533,37.00775165703706,21.438954037048187,16.90170431371567,678,UP,-0.05233595624294306,0.9986295347545674
84.03635066997421,65.05492048466311,92.99999999999997,85.0,85.0,15.985556980296085,17.686582760458506,23.857299573985443,37.07144216073947,34.993036255356806,38.71665107027322,52.224601868825026,89.14985332611096,84.15167761949606,93.1062716477881,87.54003022610304,69.0134277977603,65.14419834443532,37.08069187618253,21.481209022441647,16.935016632388795,679,UP,-0.05233595624294306,0.9986295347545674
84.00494909622844,65.65409820551585,92.99999999999997,85.0,85.0,16.01700164786591,17.72137346034055,23.904228489577324,36.43580525475255,34.39303625535683,38.05280497036219,51.3291448158093,89.11654100743785,84.12023295192623,93.07148094790605,88.34630337813344,69.64906470374723,65.74419834443532,37.15363209532807,21.5234640078351,16.9683289510619,680,UP,-0.05233595624294306,0.9986295347545674
83.97354752248268,66.25327592636859,92.99999999999997,85.0,85.0,16.04844631543574,17.756164160222596,23.951157405169237,35.80016834876562,33.79303625535684,37.38895887045117,50.43368776279357,89.0832286887647,84.0887882843564,93.03669024802402,89.15257653016383,70.28470160973416,66.34419834443531,37.226572314473536,21.565718993228547,17.00164126973503,681,UP,-0.05233595624294306,0.9986295347545674
83.94214594873691,66.85245364722132,92.99999999999997,85.0,85.0,16.079890983005562,17.790954860104648,23.998086320761118,35.16453144277869,33.193036255356844,36.72511277054015,49.5382307097778,89.0499163700916,84.05734361678657,93.00189954814196,89.95884968219423,70.92033851572108,66.9441983444353,37.29951253361905,21.607973978622,17.034953588408143,682,UP,-0.05233595624294306,0.9986295347545674
83.91074437499114,67.45163136807406,92.99999999999997,85.0,85.0,16.11133565057539,17.82574555998669,24.04501523635301,34.528894536791775,32.593036255356836,36.06126667062913,48.64277365676208,89.01660405141847,84.02589894921675,92.96710884825993,90.76512283422463,71.55597542170801,67.5441983444353,37.37245275276453,21.650228964015447,17.06826590708127,683,UP,-0.05233595624294306,0.9986295347545674
83.87934280124537,68.0508090889268,92.99999999999997,85.0,85.0,16.142780318145217,17.860536259868738,24.0919441519449,33.89325763080484,31.99303625535686,35.3974205707181,47.74731660374635,88.98329173274536,83.99445428164692,92.93231814837786,91.57139598625501,72.19161232769494,68.1441983444353,37.4453929719101,21.692483949408917,17.101578225754395,684,UP,-0.05233595624294306,0.9986295347545674
83.8479412274996,68.64998680977953,92.99999999999997,85.0,85.0,16.174224985715043,17.895326959750786,24.138873067536792,33.257620724817905,31.39303625535687,34.73357447080708,46.8518595507306,88.94997941407223,83.9630096140771,92.89752744849582,92.37766913828543,72.82724923368187,68.74419834443529,37.518333191055575,21.734738934802373,17.134890544427506,685,UP,-0.05233595624294306,0.9986295347545674
83.81653965375384,69.24916453063227,92.99999999999997,85.0,85.0,16.205669653284872,17.930117659632835,24.18580198312871,32.621983818830984,30.793036255356874,34.06972837089606,45.95640249771487,88.91666709539912,83.93156494650727,92.86273674861377,93.18394229031581,73.4628861396688,69.34419834443528,37.59127341020108,21.7769939201958,17.168202863100632,686,UP,-0.05233595624294306,0.9986295347545674
83.78513808000807,69.84834225148501,92.99999999999997,85.0,85.0,16.237114320854694,17.964908359514883,24.2327308987206,31.986346912844066,30.19303625535687,33.40588227098504,45.06094544469912,88.883354776726,83.90012027893745,92.82794604873173,93.99021544234621,74.09852304565572,69.94419834443526,37.66421362934655,21.819248905589273,17.20151518177375,687,UP,-0.05233595624294306,0.9986295347545674
83.7537365062623,70.44751997233774,92.99999999999997,85.0,85.0,16.268558988424523,17.99969905939693,24.27965981431248,31.350710006857124,29.593036255356893,32.742036171074005,44.16548839168341,88.53167396109772,83.86867561136762,92.79315534884968,94.7964885943766,74.73415995164265,70.54419834443526,37.73715384849207,21.861503890982743,17.23482750044687,688,UP,-0.05233595624294306,0.9986295347545674
83.72233493251653,71.04669769319048,92.99999999999997,85.0,85.0,16.300003655994352,18.034489759278973,24.326588729904383,30.715073100870196,28.993036255356902,32.07819007116299,43.27003133866768,86.73669071171781,83.83723094379779,92.75836464896764,95.602761746407,75.3697968576296,71.14419834443525,37.81009406763758,21.903758876376173,17.268139819119995,689,UP,-0.05233595624294306,0.9986295347545674
83.69093335877076,71.64587541404322,92.99999999999997,85.0,85.0,16.331448323564175,18.06928045916102,24.37351764549628,30.079436194883268,28.393036255356908,31.414343971251963,42.37457428565193,84.9417074623379,83.80578627622796,92.72357394908558,96.4090348984374,76.00543376361651,71.74419834443525,37.8830342867831,21.94601386176962,17.30145213779311,690,UP,-0.05233595624294306,0.9986295347545674
83.659531785025,72.24505313489595,92.99999999999997,85.0,85.0,16.362892991134004,18.10407115904307,24.42044656108816,29.443799288896354,27.793036255356903,30.75049787134095,41.47911723263616,83.14672421295799,83.77434160865815,92.68878324920354,97.21530805046778,76.64107066960344,72.34419834443524,37.955974505928566,21.988268847163095,17.33476445646624,691,UP,-0.05233595624294306,0.9986295347545674
83.62813021127923,72.84423085574869,92.99999999999997,85.0,85.0,16.39433765870383,18.13886185892511,24.467375476680072,28.808162382909412,27.193036255356922,30.086651771429914,40.58366017962045,81.35174096357812,83.7428969410883,92.6539925493215,98.02158120249818,77.27670757559036,72.94419834443524,38.02891472507409,22.030523832556547,17.36807677513935,692,UP,-0.05233595624294306,0.9986295347545674
83.59672863753346,73.44340857660143,92.99999999999997,85.0,85.0,16.425782326273655,18.173652558807163,24.514304392271953,28.172525476922484,26.59303625535693,29.422805671518894,39.68820312660472,79.55675771419821,83.71145227351849,92.61920184943945,98.82785435452858,77.91234448157729,73.54419834443522,38.101854944219596,22.072778817949995,17.401389093812476,693,UP,-0.05233595624294306,0.9986295347545674
83.56532706378769,74.04258629745416,92.99999999999997,85.0,85.0,16.457226993843484,18.208443258689208,24.561233307863844,27.536888570935556,25.993036255356937,28.758959571607893,38.79274607358898,77.76177446481827,83.68000760594866,92.5844111495574,99.63412750655897,78.54798138756422,74.14419834443521,38.17479516336512,22.115033803343447,17.434701412485595,694,UP,-0.05233595624294306,0.9986295347545674
83.53392549004192,74.6417640183069,92.99999999999997,85.0,85.0,16.48867166141331,18.24323395857126,24.60816222345575,26.901251664948646,25.393036255356932,28.095113471696852,37.89728902057323,75.96679121543835,83.64856293837883,92.54962044967536,100.44040065858938,79.18361829355116,74.7441983444352,38.247735382510584,22.157288788736896,17.468013731158713,695,UP,-0.05233595624294306,0.9986295347545674
83.50252391629616,75.24094173915964,92.99999999999997,85.0,85.0,16.520116328983136,18.278024658453297,24.655091139047652,26.2656147589617,24.793036255356952,27.431267371785818,37.00183196755749,74.17180796605845,83.617118270809,92.51482974979331,101.24667381061978,79.81925519953809,75.3441983444352,38.32067560165609,22.19954377413037,17.50132604983184,696,RIGHT,0.9986295347545674,0.05233595624294312
83.50252391629616,75.24094173915964,89.99999999999997,85.0,85.0,16.49747608370386,17.856739437511372,23.33095442249976,26.799011548118603,24.759058260840376,26.799011548118585,35.01459598406601,64.69853713766102,83.50252391629617,90.38248059172804,106.40676025324352,81.44020848112089,75.24094173915965,43.10998252980238,23.33095442249981,17.85673943751138,697,RIGHT,0.9999999999999934,-3.7478610481266973e-16
83.50252391629616,75.24094173915964,86.99999999999999,85.0,85.0,16.520116328983136,17.501326049831825,22.19954377413032,27.43126737178585,24.793036255356927,26.265614758961693,33.31659915001789,57.51084802319387,83.617118270809,88.58354390866789,112.36372918650724,83.36158703646088,75.3441983444352,49.42222014722103,24.655091139047677,18.278024658453344,698,RIGHT,0.9986295347545673,-0.05233595624294387
83.50252391629616,75.24094173915964,83.99999999999997,85.0,85.0,16.588348794065325,17.2060247445488,21.228285163799676,28.173163567382517,24.89543807547048,25.82243289375343,31.85895505964255,51.88851242586359,83.96247916228634,87.0888665300314,107.44767142551703,85.61615455035061,75.6553898808812,58.08656606530175,26.21474898689151,18.77236554228271,699,UP,0.10452846326765322,0.9945218953682667
83.56524099425675,75.8376548763806,83.99999999999997,85.0,85.0,16.52528625290591,17.140614036279203,21.147583363789007,27.49416775741986,24.295438075470482,25.200091576067695,31.091128722229385,50.63795771133563,84.02554170344575,87.15427723830099,107.5283732255277,86.29515036031327,76.2553898808812,57.86574321495194,26.115090563531055,18.701000206927983,700,UP,0.10452846326765322,0.9945218953682667
83.62795807221735,76.43436801360156,83.99999999999997,85.0,85.0,16.462223711746496,17.0752033280096,21.066881563778328,26.815171947457195,23.695438075470484,24.577750258381954,30.323302384816184,49.3874029968077,84.08860424460516,87.21968794657059,107.60907502553837,86.97414617027593,76.85538988088119,57.64492036460216,26.015432140170628,18.629634871573238,701,UP,0.10452846326765322,0.9945218953682667
83.69067515017795,77.03108115082252,83.99999999999997,85.0,85.0,16.399161170587085,17.009792619740004,20.98617976376767,26.13617613749453,23.09543807547049,23.95540894069622,29.555476047402973,48.13684828227977,84.15166678576458,87.2850986548402,107.68977682554903,87.6531419802386,77.45538988088119,57.42409751425234,25.9157737168102,18.558269536218514,702,UP,0.10452846326765322,0.9945218953682667
83.75339222813855,77.62779428804348,83.99999999999997,85.0,85.0,16.336098629427674,16.9443819114704,20.905477963756997,25.457180327531873,22.495438075470496,23.33306762301049,28.78764970998979,46.88629356775185,84.214729326924,87.3505093631098,107.7704786255597,88.33213779020126,78.05538988088118,57.20327466390261,25.81611529344977,18.486904200863776,703,UP,0.10452846326765322,0.9945218953682667
83.81610930609915,78.22450742526443,83.99999999999997,85.0,85.0,16.27303608826826,16.8789712032008,20.82477616374634,24.7781845175692,21.8954380754705,22.71072630532475,28.0198233725766,45.635738853223884,84.27779186808341,87.41592007137939,107.85118042557038,89.01113360016393,78.65538988088117,56.98245181355279,25.716456870089313,18.415538865509042,704,UP,0.10452846326765322,0.9945218953682667
83.87882638405975,78.8212205624854,83.99999999999997,85.0,85.0,16.20997354710885,16.813560494931206,20.74407436373567,24.099188707606523,21.295438075470507,22.088384987639014,27.251997035163416,44.385184138695955,84.34085440924282,87.48133077964899,107.93188222558103,89.69012941012659,79.25538988088117,56.76162896320305,25.616798446728886,18.344173530154315,705,UP,0.10452846326765322,0.9945218953682667
83.94154346202035,79.41793369970635,83.99999999999997,85.0,85.0,16.146911005949434,16.7481497866616,20.663372563725,23.42019289764388,20.69543807547051,21.46604366995328,26.484170697750216,43.134629424168025,84.40391695040223,87.5467414879186,108.0125840255917,90.36912522008924,79.85538988088116,56.54080611285324,25.51714002336843,18.272808194799584,706,UP,0.10452846326765322,0.9945218953682667
84.00426053998095,80.01464683692731,83.99999999999997,85.0,85.0,16.083848464790023,16.682739078391997,20.582670763714322,22.74119708768122,20.095438075470515,20.84370235226754,25.716344360337025,41.88407470964006,84.46697949156164,87.61215219618819,108.09328582560238,91.04812103005192,80.45538988088116,56.31998326250341,25.417481600008006,18.201442859444857,707,UP,0.10452846326765322,0.9945218953682667
84.06697761794155,80.61135997414827,83.99999999999997,85.0,85.0,16.020785923630605,16.617328370122394,20.501968963703664,22.06220127771856,19.49543807547052,20.221361034581808,24.948518022923846,40.633519995112145,84.53004203272106,87.6775629044578,108.17398762561304,91.72711684001459,81.05538988088115,56.0991604121536,25.317823176647575,18.13007752409011,708,UP,0.10452846326765322,0.9945218953682667
84.12969469590215,81.20807311136923,83.99999999999997,85.0,85.0,15.957723382471194,16.551917661852798,20.421267163692992,21.38320546775589,18.895438075470523,19.599019716896066,24.180691685510652,39.38296528058421,84.59310457388048,87.7429736127274,108.25468942562372,92.40611264997723,81.65538988088116,55.878337561803825,25.218164753287123,18.058712188735385,709,UP,0.10452846326765322,0.9945218953682667
84.19241177386274,81.80478624859019,83.99999999999997,85.0,85.0,15.894660841311783,16.486506953583202,20.340565363682327,20.704209657793232,18.29543807547053,18.976678399210343,23.41286534809745,38.13241056605628,84.65616711503989,87.80838432099699,108.33539122563438,93.0851084599399,82.25538988088114,55.65751471145401,25.118506329926692,17.98734685338065,710,UP,0.10452846326765322,0.9945218953682667
84.25512885182334,82.40149938581115,83.99999999999997,85.0,85.0,15.831598300152368,16.4210962453136,20.259863563671654,20.025213847830575,17.695438075470534,18.3543370815246,22.64503901068426,36.881855851528314,84.7192296561993,87.87379502926659,108.41609302564505,93.76410426990257,82.85538988088113,55.43669186110427,25.018847906566265,17.915981518025927,711,UP,0.10452846326765322,0.9945218953682667
84.31784592978394,82.99821252303211,83.99999999999997,85.0,85.0,15.768535758992956,16.355685537044003,20.179161763660986,19.346218037867903,17.09543807547054,17.731995763838867,21.8772126732711,35.6313011370004,84.78229219735871,87.9392057375362,108.49679482565573,94.44310007986523,83.45538988088114,55.21586901075446,24.919189483205837,17.84461618267118,712,UP,0.10452846326765322,0.9945218953682667
84.38056300774454,83.59492566025307,83.99999999999997,85.0,85.0,15.705473217833543,16.2902748287744,20.098459963650317,18.667222227905224,16.495438075470542,17.109654446153126,21.109386335857895,34.38074642247247,84.84535473851813,88.0046164458058,108.57749662566638,95.12209588982789,84.05538988088114,54.99504616040467,24.819531059845414,17.773250847316454,713,UP,0.10452846326765322,0.9945218953682667
84.44328008570514,84.19163879747403,83.99999999999997,85.0,85.0,15.642410676674132,16.224864120504797,20.017758163639648,17.988226417942585,15.895438075470546,16.48731312846739,20.341559998444687,33.13019170794454,84.90841727967754,88.07002715407539,108.65819842567706,95.80109169979055,84.65538988088113,54.77422331005486,24.719872636484983,17.701885511961713,714,UP,0.10452846326765322,0.9945218953682667
34.66331582629397,12.118661897748797,83.99999999999997,85.0,85.0,65.696576895888,68.14282372138256,84.07260336425693,99.99957537929117,88.36541308093433,91.65574602438912,55.080554069554935,39.44315071573616,34.85425106046368,36.152067553197654,19.256744370752656,13.78974273844191,12.185414875417349,12.639145250191103,15.593804122753305,25.39754670155351,715,RIGHT,0.9945218953682667,-0.10452846326765317
34.66331582629397,12.118661897748797,80.99999999999997,85.0,85.0,66.15111416050232,67.19323870794446,80.76058306313533,103.06966734182025,88.97679003611383,90.37850334398436,58.972755255598145,40.654096857556304,35.09539841829802,35.64828065857641,20.617499078930194,14.213102319580704,12.269722542686532,12.463016022536529,14.979489901954116,23.193674999541816,716,RIGHT,0.9876883405951311,-0.15643446504023023
34.66331582629397,12.118661897748797,77.99999999999999,85.0,85.0,58.28754434194435,66.44938527241096,77.90506388434245,106.63577898087874,89.84465947299032,89.37798064998225,63.644567498430675,42.0606896187257,35.43771492184778,35.25364130871561,22.25081405965412,14.704862028486067,12.38940001351269,12.32504593114433,14.449847605165289,21.395707016829768,717,RIGHT,0.978147600733799,-0.20791169081775834
34.66331582629397,12.118661897748797,74.99999999999997,85.0,85.0,46.82291402840336,65.90047184587885,75.44430439129349,107.32724029526193,90.98145603982577,88.63966270446662,69.3266316525881,43.692153377168985,35.886105208994024,34.962424212136455,24.23732379549764,15.275239016829673,12.546162001182603,12.22323335354869,13.99342541776666,19.907079062946323,718,RIGHT,0.9659258262890617,-0.2588190451025194
34.66331582629397,12.118661897748797,71.99999999999997,85.0,85.0,39.21681369745167,65.53871816938083,73.32907492817998,100.60340367746919,92.40390723002827,88.15308464259967,76.35251364550648,45.58527601626773,36.447167158188606,34.77050167890176,26.69364646330984,15.937094717801267,12.742315193798511,12.156135205682908,13.601092212863296,18.659940435432006,719,RIGHT,0.951056516295147,-0.30901699437494573
34.66331582629397,12.118661897748797,68.99999999999997,85.0,85.0,33.816254810523745,65.35908109841901,71.5199048138305,94.91719308738061,94.13365534234953,87.91146316504009,85.22299727943162,47.78679425621286,37.129437210194006,34.67519815066782,29.794861377882707,16.70676878318264,12.980844021353464,12.12281608404673,13.265526960224774,17.605260901382223,720,RIGHT,0.9335804264971952,-0.3583679495452982
34.66331582629397,12.118661897748797,65.99999999999997,85.0,85.0,29.79486137788261,65.35908109841901,69.98506215350892,90.07305301195873,96.19810089037998,87.9114631650401,94.13365534234943,50.35677403808755,37.9437230367742,34.675198150667825,33.81625481052384,17.605260901382273,13.26552696022479,12.12281608404673,12.980844021353448,16.706768783182596,721,RIGHT,0.9135454576425944,-0.4067366430757978
34.66331582629397,12.118661897748797,62.99999999999997,85.0,85.0,26.693646463309776,65.53871816938084,68.69905526563817,85.92342397281075,98.63153155057287,88.15308464259967,92.4039072300282,53.37350064476741,38.903548835256125,34.77050167890176,36.44716715818859,18.65994043543206,13.60109221286331,12.156135205682908,12.7423151937985,15.937094717801232,722,RIGHT,0.8910065241883615,-0.45399049973954403
34.66331582629397,12.118661897748797,59.99999999999997,85.0,85.0,24.23732379549759,65.90047184587885,67.64151283201431,82.35508802385746,101.47662842015858,88.63966270446663,90.9814560398257,56.94072287519621,40.0257494466317,34.96242421213646,35.88610520899402,19.907079062946398,13.993425417766682,12.22323335354869,12.546162001182596,15.275239016829639,723,RIGHT,0.8660254037844324,-0.4999999999999969
34.66331582629397,12.118661897748797,56.99999999999998,85.0,85.0,22.250814059654093,66.44938527241098,66.79634456465519,79.27995139063903,104.78648167842957,89.37798064998225,89.84465947299024,61.19868314743527,41.33126539925232,35.25364130871562,35.43771492184778,21.395707016829846,14.44984760516531,12.32504593114433,12.389400013512683,14.704862028486039,724,RIGHT,0.8386705679454179,-0.5446390350150236
34.66331582629397,12.118661897748797,53.99999999999997,85.0,85.0,20.617499078930173,51.912197773304435,66.15111416050232,76.6286728038446,108.62730784802498,90.37850334398436,88.9767900361138,66.3414565457005,42.84621468684367,35.64828065857642,35.09539841829801,23.193674999541926,14.979489901954146,12.463016022536532,12.26972254268653,14.213102319580685,725,UP,0.5877852522924694,0.8090169943749415
35.01598697766945,12.604072094373763,53.99999999999997,85.0,85.0,21.443328231212867,53.99152883650168,65.79404691886315,76.21505030971468,108.02730784802498,89.87930012261523,88.4853291403291,67.0164271105808,43.28214020364689,36.01097302901837,35.45246565993719,24.122692281893418,15.579489901954144,12.962219243905661,12.761183438471203,14.782404842401291,726,UP,0.5877852522924694,0.8090169943749415
35.36865812904493,13.089482290998728,53.99999999999997,85.0,85.0,22.26915738349556,56.07085989969892,65.43697967722396,75.80142781558477,107.42730784802498,89.3800969012461,87.99386824454443,67.69139767546113,43.7180657204501,36.373665399460315,35.80953290157636,25.051709564244913,16.17948990195414,13.461422465274794,13.252644334255878,15.351707365221902,727,UP,0.5877852522924694,0.8090169943749415
35.72132928042041,13.574892487623693,53.99999999999997,85.0,85.0,23.09498653577826,58.15019096289613,65.07991243558479,75.38780532145485,106.82730784802497,88.88089367987698,87.50240734875976,68.36636824034146,44.153991237253315,36.73635776990226,36.16660014321554,25.980726846596404,16.779489901954133,13.960625686643922,13.744105230040551,15.921009888042517,728,UP,0.5877852522924694,0.8090169943749415
36.074000431795895,14.060302684248658,53.99999999999997,85.0,85.0,23.92081568806096,60.229522026093356,64.72284519394562,74.97418282732494,106.22730784802499,88.38169045850785,87.01094645297509,69.0413388052218,44.58991675405653,37.09905014034421,36.52366738485472,26.909744128947896,17.37948990195413,14.459828908013053,14.235566125825226,16.490312410863126,729,UP,0.5877852522924694,0.8090169943749415
36.42667158317138,14.545712880873623,53.99999999999997,85.0,85.0,24.74664484034366,62.308853089290594,64.36577795230644,74.56056033319501,105.627307848025,87.88248723713872,86.51948555719042,69.7163093701021,45.02584227085974,37.46174251078616,36.8807346264939,27.83876141129939,17.97948990195413,14.959032129382184,14.727027021609901,17.05961493368374,730,UP,0.5877852522924694,0.8090169943749415
36.77934273454686,15.031123077498588,53.99999999999997,85.0,85.0,25.572473992626346,64.38818415248785,64.00871071066726,74.1469378390651,105.027307848025,87.38328401576958,86.02802466140574,70.39127993498242,45.46176778766296,37.82443488122811,37.23780186813307,28.767778693650886,18.579489901954126,15.458235350751314,15.218487917394574,17.628917456504347,731,UP,0.5877852522924694,0.8090169943749415
37.13201388592234,15.516533274123553,53.99999999999997,85.0,85.0,26.398303144909054,64.65439211485085,63.65164346902807,73.73331534493518,104.427307848025,86.88408079440046,85.53656376562107,71.06625049986275,45.897693304466166,38.187127251670056,37.59486910977225,29.696795976002377,19.17948990195412,15.957438572120447,15.709948813179249,18.19821997932496,732,UP,0.5877852522924694,0.8090169943749415
37.48468503729782,16.001943470748518,53.99999999999997,85.0,85.0,27.22413229719176,64.29169974440889,63.29457622738891,73.31969285080527,103.827307848025,86.38487757303132,85.0451028698364,71.74122106474309,46.33361882126939,38.549819622112004,37.951936351411426,30.62581325835387,19.77948990195412,16.456641793489574,16.201409708963926,18.767522502145567,733,UP,0.5877852522924694,0.8090169943749415
37.837356188673304,16.487353667373483,53.99999999999997,85.0,85.0,28.04996144947445,63.92900737396695,62.93750898574973,72.90607035667534,103.227307848025,85.88567435166219,84.55364197405171,72.41619162962341,46.7695443380726,38.91251199255395,38.309003593050605,31.554830540705364,20.379489901954113,16.955845014858706,16.6928706047486,19.33682502496618,734,UP,0.5877852522924694,0.8090169943749415
38.190027340048786,16.97276386399845,53.99999999999997,85.0,85.0,28.875790601757142,63.566315003525,62.58044174411054,72.49244786254545,102.62730784802501,85.38647113029307,84.06218107826703,73.09116219450372,47.205469854875815,39.2752043629959,38.66607083468978,32.48384782305686,20.97948990195411,17.45504823622784,17.184331500533272,19.90612754778679,735,UP,0.5877852522924694,0.8090169943749415
38.54269849142427,17.458174060623413,53.99999999999997,85.0,85.0,29.70161975403984,63.20362263308306,62.223374502471366,72.07882536841551,102.02730784802502,84.88726790892393,83.57072018248236,73.76613275938405,47.641395371679025,39.63789673343785,39.023138076328955,33.41286510540836,21.5794899019541,17.954251457596968,17.675792396317945,20.475430070607402,736,UP,0.5877852522924694,0.8090169943749415
38.89536964279975,17.94358425724838,53.99999999999997,85.0,85.0,30.527448906322537,62.840930262641095,61.8663072608322,71.6652028742856,101.42730784802502,84.3880646875548,83.07925928669769,74.44110332426435,48.07732088848224,40.0005891038798,39.380205317968134,34.34188238775984,22.179489901954103,18.453454678966096,18.16725329210262,21.044732593428012,737,UP,0.5877852522924694,0.8090169943749415
39.24804079417523,18.428994453873344,53.99999999999997,85.0,85.0,31.35327805860524,62.478237892199154,61.50924001919302,71.25158038015569,100.82730784802501,83.88886146618567,82.58779839091302,75.11607388914469,48.51324640528546,40.363281474321745,39.73727255960731,35.27089967011133,22.779489901954094,18.952657900335225,18.658714187887295,21.614035116248626,738,UP,0.5877852522924694,0.8090169943749415
39.600711945550714,18.91440465049831,53.99999999999997,85.0,85.0,32.179107210887935,62.1155455217572,61.152172777553844,70.83795788602576,100.22730784802502,83.38965824481653,82.09633749512834,75.79104445402501,48.94917192208867,40.72597384476369,40.094339801246484,36.199916952462836,23.379489901954095,19.451861121704354,19.15017508367197,22.183337639069233,739,UP,0.5877852522924694,0.8090169943749415
39.953383096926196,19.399814847123274,53.99999999999997,85.0,85.0,33.00493636317063,61.752853151315264,60.79510553591466,70.42433539189584,99.62730784802503,82.89045502344742,81.60487659934368,76.46601501890534,49.38509743889188,41.08866621520565,40.45140704288566,37.128934234814324,23.979489901954086,19.951064343073487,19.641635979456648,22.752640161889847,740,UP,0.5877852522924694,0.8090169943749415
40.30605424830168,19.88522504374824,53.99999999999997,85.0,85.0,33.830765515453336,61.3901607808733,60.438038294275486,70.01071289776594,99.02730784802503,82.39125180207827,81.113415703559,77.14098558378566,49.8210229556951,41.45135858564759,40.80847428452484,38.05795151716581,24.579489901954087,20.45026756444262,20.13309687524132,23.32194268471046,741,UP,0.5877852522924694,0.8090169943749415
40.65872539967716,20.370635240373204,53.99999999999997,85.0,85.0,34.65659466773603,61.02746841043137,60.080971052636315,69.59709040363602,98.42730784802504,81.89204858070914,80.6219548077743,77.81595614866598,50.25694847249831,41.81405095608954,41.16554152616402,38.98696879951731,25.17948990195408,20.94947078581175,20.624557771025994,23.891245207531068,742,UP,0.5877852522924694,0.8090169943749415
41.01139655105264,20.85604543699817,53.99999999999997,85.0,85.0,35.48242382001874,60.664776039989405,59.72390381099712,69.1834679095061,97.82730784802503,81.39284535934003,80.13049391198963,78.4909267135463,50.69287398930153,42.17674332653149,41.5226087678032,39.91598608186881,25.77948990195408,21.448674007180877,21.116018666810668,24.460547730351678,743,UP,0.5877852522924694,0.8090169943749415
41.36406770242812,21.341455633623134,53.99999999999997,85.0,85.0,36.308252972301425,60.302083669547464,59.36683656935794,68.76984541537618,97.22730784802505,80.89364213797089,79.63903301620496,79.16589727842663,51.12879950610475,42.539435696973435,41.87967600944237,40.845003364220304,26.37948990195407,21.94787722855001,21.607479562595344,25.02985025317229,744,UP,0.5877852522924694,0.8090169943749415
41.716738853803605,21.8268658302481,53.99999999999997,85.0,85.0,37.13408212458411,59.93939129910551,59.009769327718786,68.35622292124627,96.62730784802505,80.39443891660176,79.1475721204203,79.84086784330694,51.56472502290796,42.90212806741538,42.23674325108155,41.77402064657178,26.979489901954068,22.44708044991914,22.098940458380017,25.599152775992902,745,UP,0.5877852522924694,0.8090169943749415
42.06941000517909,22.312276026873064,53.99999999999997,85.0,85.0,37.959911276866826,59.57669892866357,58.65270208607961,67.94260042711635,96.02730784802505,79.89523569523263,78.65611122463562,80.51583840818728,52.000650539711174,43.26482043785734,42.59381049272073,42.70303792892328,27.579489901954066,22.94628367128827,22.590401354164694,26.168455298813505,746,UP,0.5877852522924694,0.8090169943749415
42.42208115655457,22.79768622349803,53.99999999999997,85.0,85.0,38.78574042914951,59.21400655822161,58.29563484444043,67.52897793298644,95.42730784802505,79.39603247386349,78.16465032885095,81.1908089730676,52.43657605651438,43.62751280829929,42.9508777343599,43.63205521127477,28.179489901954064,23.445486892657403,23.081862249949367,26.73775782163412,747,UP,0.5877852522924694,0.8090169943749415
42.77475230793005,23.283096420122995,53.99999999999997,85.0,85.0,39.611569581432214,58.85131418777967,57.93856760280124,67.11535543885651,94.82730784802506,78.89682925249437,77.67318943306628,81.86577953794792,52.8725015733176,43.99020517874123,43.30794497599908,44.56107249362626,28.779489901954058,23.944690114026532,23.57332314573404,27.30706034445473,748,UP,0.5877852522924694,0.8090169943749415
43.12742345930553,23.76850661674796,53.99999999999997,85.0,85.0,40.4373987337149,58.48862181733772,57.58150036116208,66.7017329447266,94.22730784802506,78.39762603112524,77.1817285372816,82.54075010282824,53.308427090120816,44.352897549183176,43.66501221763826,45.49008977597776,29.379489901954056,24.44389333539566,24.064784041518717,27.876362867275347,749,UP,0.5877852522924694,0.8090169943749415
43.480094610681014,24.253916813372925,53.99999999999997,85.0,85.0,41.263227885997615,58.125929446895775,57.2244331195229,66.28811045059668,93.62730784802505,77.8984228097561,76.69026764149693,83.21572066770857,53.744352606924025,44.715589919625124,44.022079459277435,46.419107058329246,29.979489901954054,24.943096556764793,24.55624493730339,28.44566539009595,750,UP,0.5877852522924694,0.8090169943749415
43.832765762056496,24.73932700999789,53.99999999999997,85.0,85.0,42.089057038280316,57.76323707645383,56.86736587788371,65.87448795646677,93.02730784802507,77.39921958838698,76.19880674571223,83.89069123258888,54.18027812372724,45.07828229006708,44.379146700916614,47.348124340680755,30.579489901954048,25.442299778133922,25.047705833088063,29.01496791291656,751,UP,0.5877852522924694,0.8090169943749415
44.18543691343198,25.224737206622855,53.99999999999997,85.0,85.0,42.914886190563,57.400544706011885,56.51029863624453,65.46086546233684,92.42730784802508,76.90001636701786,75.70734584992758,84.5656617974692,54.61620364053045,45.44097466050902,44.73621394255579,48.277141623032236,31.179489901954046,25.94150299950305,25.53916672887274,29.58427043573717,752,UP,0.5877852522924694,0.8090169943749415
44.53810806480746,25.71014740324782,53.99999999999997,85.0,85.0,43.74071534284571,57.03785233556992,56.15323139460537,65.04724296820694,91.82730784802509,76.40081314564871,75.21588495414291,85.24063236234953,55.05212915733367,45.80366703095097,45.093281184194964,49.20615890538373,31.77948990195404,26.440706220872187,26.030627624657413,30.15357295855779,753,UP,0.5877852522924694,0.8090169943749415
44.89077921618294,26.195557599872785,53.99999999999997,85.0,85.0,44.566544495128404,56.67515996512798,55.79616415296619,64.63362047407702,91.22730784802508,75.90160992427958,74.72442405835822,85.91560292722986,55.48805467413689,46.166359401392924,45.45034842583414,50.135176187735226,32.37948990195404,26.939909442241316,26.52208852044209,30.722875481378388,754,UP,0.5877852522924694,0.8090169943749415
45.243450367558424,26.68096779649775,53.99999999999997,85.0,85.0,45.392373647411105,56.31246759468603,55.43909691132701,64.2199979799471,90.62730784802508,75.40240670291044,74.23296316257355,85.99059165720189,55.92398019094009,46.52905177183487,45.80741566747332,51.064193470086714,32.97948990195403,27.439112663610445,27.013549416226763,31.29217800419901,755,UP,0.5877852522924694,0.8090169943749415
45.596121518933906,27.166377993122715,53.99999999999997,85.0,85.0,46.2182027996938,55.949775224244085,55.08202966968782,63.80637548581718,90.02730784802509,74.90320348154133,73.74150226678888,85.42128913438127,56.35990570774331,46.89174414227682,46.1644829091125,51.99321075243821,33.579489901954034,27.938315884979573,27.50501031201144,31.861480527019616,756,UP,0.5877852522924694,0.8090169943749415
45.94879267030939,27.65178818974768,53.99999999999997,85.0,85.0,47.04403195197649,55.58708285380213,54.72496242804866,63.392752991687274,89.4273078480251,74.4040002601722,73.2500413710042,84.85198661156066,56.795831224546525,47.25443651271877,46.52155015075168,52.922228034789704,34.17948990195403,28.437519106348706,27.996471207796112,32.43078304984023,757,UP,0.5877852522924694,0.8090169943749415
46.30146382168487,28.137198386372646,53.99999999999997,85.0,85.0,47.8698611042592,55.22439048336019,54.367895186409484,62.97913049755735,88.82730784802509,73.90479703880305,72.75858047521952,84.28268408874007,57.23175674134974,47.61712888316072,46.87861739239085,53.85124531714119,34.77948990195402,28.936722327717835,28.48793210358079,33.000085572660836,758,UP,0.5877852522924694,0.8090169943749415
46.65413497306035,28.62260858299761,53.99999999999997,85.0,85.0,48.6956902565419,54.86169811291823,54.01082794477029,62.56550800342744,88.22730784802509,73.40559381743394,72.26711957943483,83.71338156591945,57.66768225815296,47.97982125360266,47.23568463403003,54.7172616579734,35.37948990195402,29.435925549086967,28.97939299936546,33.569388095481436,759,UP,0.5877852522924694,0.8090169943749415
47.00680612443583,29.108018779622576,53.99999999999997,85.0,85.0,49.5215194088246,54.49900574247629,53.65376070313112,62.151885509297514,87.62730784802511,72.90639059606481,71.77565868365018,83.14407904309884,58.10360777495617,48.342513624044614,47.59275187566921,55.13088415210332,35.97948990195401,29.935128770456096,29.470853895150135,34.13869061830206,760,UP,0.5877852522924694,0.8090169943749415
47.359477275811315,29.59342897624754,53.99999999999997,85.0,85.0,50.3473485611073,54.136313372034344,53.296693461491955,61.73826301516761,87.02730784802512,72.40718737469567,71.28419778786551,82.57477652027823,58.53953329175938,48.70520599448656,47.94981911730839,55.54450664623324,36.57948990195401,30.43433199182523,29.962314790934812,34.70799314112267,761,UP,0.5877852522924694,0.8090169943749415
47.7121484271868,30.078839172872506,53.99999999999997,85.0,85.0,51.17317771338999,53.7736210015924,52.93962621985277,61.32464052103768,86.4273078480251,71.90798415332654,70.79273689208084,82.00547399745761,58.9754588085626,49.0678983649285,48.30688635894756,55.958129140363155,37.17948990195401,30.93353521319436,30.45377568671948,35.27729566394328,762,UP,0.5877852522924694,0.8090169943749415
48.06481957856228,30.56424936949747,53.99999999999997,85.0,85.0,51.99900686567269,53.41092863115044,52.5825589782136,60.91101802690777,85.82730784802511,71.40878093195741,70.30127599629616,81.43617147463699,59.41138432536582,49.43059073537046,48.66395360058674,56.371751634493066,37.779489901954,31.43273843456349,30.945236582504158,35.84659818676389,763,UP,0.5877852522924694,0.8090169943749415
48.41749072993776,31.049659566122436,53.99999999999997,85.0,85.0,52.82483601795539,53.04823626070851,52.225491736574405,60.497395532777844,85.2273078480251,70.90957771058827,69.80981510051149,80.86686895181639,59.847309842169025,49.79328310581241,49.02102084222591,56.78537412862299,38.379489901953995,31.93194165593262,31.43669747828883,36.4159007095845,764,UP,0.5877852522924694,0.8090169943749415
48.77016188131324,31.5350697627474,53.99999999999997,85.0,85.0,53.65066517023809,52.685543890266544,51.86842449493524,60.083773038647934,84.6273078480251,70.41037448921915,69.31835420472682,80.29756642899578,60.28323535897224,50.155975476254355,49.378088083865094,57.1989966227529,38.979489901954,32.43114487730175,31.928158374073508,36.98520323240511,765,UP,0.5877852522924694,0.8090169943749415
49.122833032688725,32.020479959372366,53.99999999999997,85.0,85.0,54.476494322520765,52.3228515198246,51.51135725329607,59.670150544518016,84.02730784802512,69.91117126785001,68.82689330894215,79.72826390617517,60.71916087577546,50.5186678466963,49.73515532550427,57.61261911688282,39.57948990195399,32.930348098670876,32.41961926985818,37.55450575522572,766,UP,0.5877852522924694,0.8090169943749415
49.47550418406421,32.50589015599733,53.99999999999997,85.0,85.0,55.30232347480348,51.96015914938265,51.154290011656876,59.256528050388106,83.42730784802515,69.4119680464809,68.33543241315748,79.15896138335457,61.15508639257867,50.881360217138244,50.092222567143445,58.02624161101273,40.179489901953986,33.429551320040005,32.91108016564286,38.123808278046326,767,UP,0.5877852522924694,0.8090169943749415
49.82817533543969,32.99130035262229,53.99999999999997,85.0,85.0,56.12815262708617,51.597466778940706,50.7972227700177,58.84290555625818,82.82730784802514,68.91276482511176,67.8439715173728,78.58965886053394,61.59101190938189,51.2440525875802,50.44928980878262,58.439864105142654,40.77948990195397,33.928754541409134,33.40254106142753,38.69311080086693,768,UP,0.5877852522924694,0.8090169943749415
50.18084648681517,33.47671054924725,53.99999999999997,85.0,85.0,56.95398177936886,51.23477440849875,50.44015552837853,58.42928306212827,82.22730784802515,68.41356160374262,67.35251062158812,78.02035633771334,62.02693742618509,51.60674495802215,50.8063570504218,58.85348659927257,41.37948990195397,34.42795776277826,33.8940019572122,39.26241332368755,769,UP,0.5877852522924694,0.8090169943749415
50.53351763819065,33.96212074587221,53.99999999999997,85.0,85.0,57.77981093165155,50.87208203805681,50.08308828673936,58.015660567998346,81.62730784802514,67.91435838237352,66.86104972580345,77.45105381489276,62.46286294298831,51.969437328464096,51.163424292060974,59.26710909340249,41.97948990195396,34.927160984147385,34.385462852996866,39.83171584650815,770,UP,0.5877852522924694,0.8090169943749415
50.886188789566134,34.447530942497174,53.99999999999997,85.0,85.0,58.60564008393425,50.509389667614855,49.72602104510018,57.60203807386843,81.02730784802516,67.41515516100438,66.36958883001878,76.88175129207214,62.898788459791525,52.332129698906044,51.52049153370015,59.6807315875324,42.579489901953956,35.426364205516506,34.876923748781536,40.401018369328746,771,UP,0.5877852522924694,0.8090169943749415
51.238859940941616,34.932941139122136,53.99999999999997,85.0,85.0,59.431469236216955,50.14669729717291,49.368953803461,57.18841557973852,80.42730784802517,66.91595193963525,65.87812793423412,76.31244876925152,63.33471397659474,52.69482206934799,51.87755877533933,60.09435408166232,43.17948990195395,35.925567426885635,35.368384644566206,40.97032089214936,772,UP,0.5877852522924694,0.8090169943749415
51.5915310923171,35.4183513357471,53.99999999999997,85.0,85.0,59.83615825658111,49.78400492673096,49.011886561821825,56.77479308560861,79.82730784802517,66.41674871826612,65.38666703844945,75.74314624643091,63.77063949339795,53.05751443978994,52.23462601697851,60.507976575792235,43.77948990195394,36.424770648254764,35.859845540350875,41.53962341496996,773,UP,0.5877852522924694,0.8090169943749415
51.94420224369258,35.90376153237206,53.99999999999997,85.0,85.0,59.40023273977789,49.42131255628902,48.65481932018265,56.36117059147868,79.22730784802518,65.91754549689699,64.89520614266478,75.1738437236103,64.20656501020116,53.42020681023189,52.59169325861768,60.92159906992215,44.37948990195393,36.92397386962389,36.351306436135545,42.108925937790566,774,UP,0.5877852522924694,0.8090169943749415
52.29687339506806,36.38917172899702,53.99999999999997,85.0,85.0,58.96430722297467,49.05862018584706,48.29775207854346,55.947548097348765,78.6273078480252,65.41834227552786,64.4037452468801,74.60454120078971,64.64249052700438,53.78289918067384,52.94876050025687,61.33522156405207,44.979489901953926,37.423177090993015,36.842767331920214,42.67822846061117,775,UP,0.5877852522924694,0.8090169943749415
52.64954454644354,36.87458192562198,53.99999999999997,85.0,85.0,58.52838170617146,48.69592781540512,47.94068483690428,55.53392560321885,78.0273078480252,64.91913905415875,63.91228435109544,74.0352386779691,65.07841604380761,54.145591551115785,53.305827741896046,61.74884405818198,45.57948990195391,37.922380312362144,37.334228227704884,43.24753098343178,776,UP,0.5877852522924694,0.8090169943749415
53.002215697819025,37.35999212224694,53.99999999999997,85.0,85.0,58.09245618936824,48.333235444963165,47.58361759526512,55.12030310908893,77.42730784802521,64.41993583278962,63.42082345531076,73.46593615514848,65.51434156061083,54.508283921557734,53.66289498353522,62.1624665523119,46.17948990195391,38.42158353373127,37.82568912348956,43.81683350625239,777,UP,0.5877852522924694,0.8090169943749415
53.35488684919451,37.845402318871905,53.99999999999997,85.0,85.0,57.65653067256504,47.970543074521224,47.226550353625946,54.706680614959005,76.82730784802521,63.92073261142051,62.929362559526076,72.89663363232789,65.95026707741403,54.87097629199968,54.019962225174396,62.576089046441815,46.7794899019539,38.9207867551004,38.31715001927423,44.38613602907299,778,UP,0.5877852522924694,0.8090169943749415
53.70755800056999,38.330812515496866,53.99999999999997,85.0,85.0,57.220605155761824,47.60785070407927,46.86948311198677,54.2930581208291,76.22730784802523,63.42152939005136,62.43790166374142,72.32733110950728,66.38619259421725,55.23366866244163,54.377029466813575,62.98971154057173,47.37948990195389,39.41998997646952,38.8086109150589,44.9554385518936,779,UP,0.5877852522924694,0.8090169943749415
54.06022915194547,38.81622271212183,53.99999999999997,85.0,85.0,56.7846796389586,47.24515833363732,46.512415870347574,53.879435626699184,75.62730784802524,62.92232616868224,61.94644076795675,71.75802858668668,66.82211811102046,55.59636103288358,54.734096708452746,63.40333403470165,47.979489901953876,39.91919319783865,39.30007181084357,45.524741074714214,780,UP,0.5877852522924694,0.8090169943749415
54.41290030332095,39.30163290874679,53.99999999999997,85.0,85.0,56.348754122155384,46.88246596319537,46.15534862870841,53.46581313256927,75.02730784802523,62.42312294731311,61.45497987217208,71.18872606386606,67.25804362782367,55.95905340332553,55.091163950091925,63.81695652883157,48.57948990195388,40.418396419207774,39.791532706628246,46.094043597534814,781,UP,0.5877852522924694,0.8090169943749415
54.765571454696435,39.78704310537175,53.99999999999997,85.0,85.0,55.91282860535217,46.51977359275343,45.79828138706923,53.05219063843934,74.42730784802524,61.92391972594398,60.96351897638741,70.61942354104546,67.69396914462688,56.321745773767475,55.448231191731104,64.23057902296148,49.179489901953865,40.9175996405769,40.28299360241291,46.66334612035541,782,UP,0.5877852522924694,0.8090169943749415
55.11824260607192,40.27245330199671,53.99999999999997,85.0,85.0,55.47690308854895,46.157081222311476,45.441214145430045,52.63856814430944,73.82730784802526,61.42471650457486,60.472058080602736,70.05012101822486,68.1298946614301,56.68443814420942,55.80529843337028,64.6442015170914,49.77948990195385,41.41680286194603,40.774454498197585,47.23264864317603,783,UP,0.5877852522924694,0.8090169943749415
55.4709137574474,40.757863498621674,53.99999999999997,85.0,85.0,55.04097757174574,45.794388851869535,45.08414690379087,52.2249456501795,73.22730784802526,60.92551328320573,59.980597184818066,69.48081849540425,68.56582017823331,57.04713051465137,56.162365675009454,65.05782401122131,50.37948990195385,41.91600608331516,41.265915393982254,47.80195116599664,784,UP,0.5877852522924694,0.8090169943749415
55.82358490882288,41.243273695246636,53.99999999999997,85.0,85.0,54.60505205494253,45.43169648142758,44.7270796621517,51.811323156049596,72.62730784802528,60.4263100618366,59.4891362890334,68.91151597258363,69.00174569503653,57.40982288509332,56.51943291664863,65.47144650535124,50.97948990195384,42.41520930468428,41.757376289766924,48.371253688817234,785,UP,0.5877852522924694,0.8090169943749415
56.17625606019836,41.7286838918716,53.99999999999997,85.0,85.0,54.16912653813932,45.06900411098564,44.37001242051252,51.39770066191968,72.02730784802527,59.927106840467495,58.99767539324871,68.34221344976305,69.43767121183974,57.77251525553527,56.876500158287804,65.88506899948115,51.579489901953835,42.91441252605341,42.2488371855516,48.94055621163785,786,UP,0.5877852522924694,0.8090169943749415
56.528927211573844,42.21409408849656,53.99999999999997,85.0,85.0,53.73320102133611,44.70631174054368,44.012945178873345,50.98407816778976,71.4273078480253,59.42790361909835,58.50621449746406,67.77291092694244,69.87359672864297,58.135207625977216,57.23356739992699,66.29869149361106,52.17948990195383,43.41361574742253,42.74029808133626,49.50985873445846,787,UP,0.5877852522924694,0.8090169943749415
56.881598362949326,42.69950428512152,53.99999999999997,85.0,85.0,53.29727550453289,44.34361937010174,43.65587793723416,50.57045567365985,70.8273078480253,58.92870039772922,58.01475360167939,67.20360840412181,70.30952224544617,58.497899996419164,57.59063464156616,66.71231398774098,52.77948990195382,43.91281896879167,43.23175897712094,50.079161257279054,788,UP,0.5877852522924694,0.8090169943749415
57.23426951432481,43.18491448174648,53.99999999999997,85.0,85.0,52.86134998772968,43.980926999659786,43.29881069559498,50.15683317952994,70.2273078480253,58.429497176360094,57.52329270589472,66.63430588130119,70.74544776224937,58.86059236686111,57.94770188320534,67.1259364818709,53.37948990195381,44.41202219016079,43.72321987290561,50.648463780099675,789,UP,0.5877852522924694,0.8090169943749415
57.58694066570029,43.67032467837144,53.99999999999997,85.0,85.0,52.42542447092646,43.618234629217845,42.9417434539558,49.743210685400015,69.62730784802531,57.930293954990965,57.03183181011004,66.06500335848061,71.1813732790526,59.22328473730306,58.30476912484452,67.53955897600082,53.9794899019538,44.91122541152992,44.21468076869028,51.21776630292026,790,UP,0.5877852522924694,0.8090169943749415
57.93961181707577,44.155734874996405,53.99999999999997,85.0,85.0,51.98949895412324,43.25554225877589,42.58467621231663,49.329588191270105,69.02730784802533,57.43109073362184,56.54037091432537,65.49570083566,71.61729879585582,59.58597710774501,58.6618363664837,67.95318147013073,54.57948990195379,45.41042863289905,44.706141664474956,51.78706882574088,791,UP,0.5877852522924694,0.8090169943749415
58.292282968451254,44.64114507162137,53.99999999999997,85.0,85.0,51.55357343732003,42.89284988833394,42.22760897067745,48.91596569714018,68.42730784802534,56.931887512252715,56.0489100185407,64.9263983128394,72.05322431265903,59.94866947818696,59.01890360812287,68.36680396426064,55.17948990195379,45.90963185426817,45.197602560259625,52.35637134856148,792,UP,0.5877852522924694,0.8090169943749415
58.644954119826735,45.12655526824633,53.99999999999997,85.0,85.0,51.117647920516816,42.53015751789199,41.87054172903829,48.50234320301027,67.82730784802534,56.432684290883586,55.557449122756026,64.35709579001878,72.48914982946224,60.311361848628906,59.37597084976205,68.78042645839056,55.77948990195378,46.4088350756373,45.689063456044295,52.92567387138209,793,UP,0.5877852522924694,0.8090169943749415
58.99762527120222,45.61196546487129,53.99999999999997,85.0,85.0,50.6817224037136,42.16746514745005,41.51347448739911,48.088720708880345,67.22730784802535,55.93348106951448,55.06598822697135,63.7877932671982,72.92507534626544,60.674054219070854,59.73303809140123,69.19404895252048,56.37948990195377,46.90803829700643,46.180524351828964,53.494976394202695,794,UP,0.5877852522924694,0.8090169943749415
59.3502964225777,46.09737566149625,53.99999999999997,85.0,85.0,50.24579688691039,41.8047727770081,41.15640724575993,47.675098214750435,66.62730784802535,55.434277848145335,54.574527331186694,63.21849074437758,73.36100086306867,61.0367465895128,60.090105333040405,69.6076714466504,56.97948990195376,47.40724151837555,46.671985247613634,54.0642789170233,795,UP,0.5877852522924694,0.8090169943749415
59.70296757395318,46.58278585812121,53.99999999999997,85.0,85.0,49.80987137010718,41.442080406566156,40.799340004120744,47.26147572062051,66.02730784802536,54.93507462677621,54.08306643540202,62.64918822155696,73.79692637987188,61.39943895995475,60.447172574679584,70.02129394078031,57.57948990195375,47.90644473974468,47.1634461433983,54.63358143984391,796,UP,0.5877852522924694,0.8090169943749415
60.05563872532866,47.068196054746174,53.99999999999997,85.0,85.0,49.373945853303965,41.0793880361242,40.442272762481565,46.8478532264906,65.42730784802536,54.435871405407084,53.59160553961735,62.07988569873635,74.23285189667509,61.7621313303967,60.804239816318756,70.43491643491022,58.17948990195375,48.40564796111381,47.65490703918298,55.20288396266452,797,UP,0.5877852522924694,0.8090169943749415
60.408309876704145,47.553606251371136,53.99999999999997,85.0,85.0,48.93802033650074,40.71669566568226,40.085205520842386,46.43423073236068,64.82730784802538,53.936668184037956,53.10014464383268,61.51058317591575,74.66877741347831,62.12482370083865,61.161307057957934,70.84853892904015,58.77948990195374,48.90485118248293,48.14636793496764,55.77218648548513,798,UP,0.5877852522924694,0.8090169943749415
60.76098102807963,48.0390164479961,53.99999999999997,85.0,85.0,48.502094819697525,40.354003295240304,39.72813827920321,46.02060823823077,64.22730784802539,53.43746496266883,52.608683748048,60.94128065309514,75.10470293028152,62.487516071280595,61.51837429959711,71.26216142317006,59.379489901953725,49.40405440385206,48.63782883075232,56.34148900830572,799,UP,0.5877852522924694,0.8090169943749415
61.11365217945511,48.52442664462106,53.99999999999997,85.0,85.0,48.066169302894316,39.99131092479836,39.371071037564036,45.60698574410085,63.627307848025396,52.938261741299705,52.11722285226334,60.37197813027454,75.54062844708474,62.85020844172255,61.87544154123629,71.67578391729998,59.97948990195371,49.90325762522119,49.12928972653699,56.910791531126335,800,UP,0.5877852522924694,0.8090169943749415
61.46632333083059,49.00983684124602,53.99999999999997,85.0,85.0,47.6302437860911,39.62861855435641,39.014003795924864,45.193363249970936,63.0273078480254,52.439058519930576,51.62576195647866,59.80267560745392,75.97655396388795,63.21290081216449,62.23250878287546,72.08940641142989,60.579489901953714,50.402460846590316,49.62075062232166,57.48009405394696,801,UP,0.5877852522924694,0.8090169943749415
61.81899448220607,49.49524703787098,53.99999999999997,85.0,85.0,47.19431826928788,39.265926183914466,38.65693655428569,44.779740755841004,62.4273078480254,51.93985529856146,51.13430106069398,59.23337308463334,76.41247948069118,63.57559318260644,62.58957602451464,72.50302890555982,61.17948990195371,50.901664067959445,50.112211518106335,58.049396576767556,802,UP,0.5877852522924694,0.8090169943749415
62.171665633581554,49.98065723449594,53.99999999999997,85.0,85.0,46.75839275248468,38.90323381347251,38.29986931264651,44.366118261711094,61.82730784802541,51.440652077192325,50.64284016490932,58.66407056181272,76.84840499749438,63.93828555304839,62.94664326615382,72.91665139968973,61.7794899019537,51.400867289328566,50.603672413891,58.61869909958815,803,UP,0.5877852522924694,0.8090169943749415
62.524336784957036,50.466067431120905,53.99999999999997,85.0,85.0,46.322467235681465,38.54054144303057,37.94280207100732,43.952495767581176,61.227307848025426,50.94144885582319,50.151379269124654,58.094768038992115,77.2843305142976,64.30097792349034,63.303710507793,73.33027389381964,62.37948990195369,51.900070510697695,51.09513330967567,59.18800162240877,804,UP,0.5877852522924694,0.8090169943749415
62.87700793633252,50.95147762774587,53.99999999999997,85.0,85.0,45.88654171887825,38.177849072588614,37.58573482936816,43.538873273451266,60.62730784802543,50.44224563445407,49.659918373339984,57.5254655161715,77.7202560311008,64.66367029393228,63.66077774943218,73.74389638794956,62.97948990195368,52.39927373206682,51.586594205460344,59.75730414522936,805,UP,0.5877852522924694,0.8090169943749415
63.229679087708,51.43688782437083,53.99999999999997,85.0,85.0,45.45061620207502,37.81515670214667,37.22866758772897,43.12525077932135,60.02730784802544,49.94304241308494,49.16845747755531,56.9561629933509,78.15618154790404,65.02636266437423,64.01784499107134,74.15751888207947,63.57948990195368,52.89847695343595,52.07805510124501,60.326606668049976,806,UP,0.5877852522924694,0.8090169943749415
63.58235023908348,51.92229802099579,53.99999999999997,85.0,85.0,45.014690685271816,37.45246433170472,36.8716003460898,42.711628285191445,59.42730784802544,49.44383919171582,48.67699658177064,56.386860470530294,78.59210706470724,65.38905503481618,64.37491223271053,74.5711413762094,64.17948990195367,53.397680174805075,52.56951599702968,60.89590919087059,807,UP,0.5877852522924694,0.8090169943749415
63.935021390458964,52.40770821762075,53.99999999999997,85.0,85.0,44.5787651684686,37.08977196126277,36.51453310445062,42.29800579106151,58.827307848025455,48.94463597034669,48.18553568598597,55.81755794770969,79.02803258151046,65.75174740525813,64.73197947434971,74.98476387033931,64.77948990195365,53.896883396174196,53.06097689281435,61.4652117136912,808,UP,0.5877852522924694,0.8090169943749415
64.28769254183445,52.89311841424571,53.99999999999997,85.0,85.0,44.14283965166538,36.727079590820814,36.15746586281146,41.88438329693161,58.227307848025475,48.44543274897756,47.6940747902013,55.24825542488907,79.46395809831367,66.11443977570008,65.08904671598889,75.39838636446923,65.37948990195365,54.396086617543325,53.55243778859903,62.034514236511804,809,UP,0.5877852522924694,0.8090169943749415
64.64036369320992,53.378528610870674,53.99999999999997,85.0,85.0,43.70691413486219,36.36438722037887,35.80039862117228,41.470760802801685,57.627307848025474,47.946229527608445,47.202613894416615,54.67895290206849,79.3171846474487,66.47713214614203,65.44611395762806,75.81200885859913,65.97948990195364,54.895289838912454,54.0438986843837,62.60381675933241,810,UP,0.5877852522924694,0.8090169943749415
64.9930348445854,53.863938807495636,53.99999999999997,85.0,85.0,43.27098861805898,36.00169484993693,35.443331379533106,41.05713830867178,57.02730784802548,47.44702630623931,46.71115299863195,54.109650379247874,78.491355495166,66.83982451658396,65.80318119926721,76.22563135272904,66.57948990195362,55.39449306028158,54.53535958016837,63.173119282153,811,UP,0.5877852522924694,0.8090169943749415
65.34570599596087,54.3493490041206,53.99999999999997,85.0,85.0,42.83506310125577,35.639002479495,35.086264137893934,40.64351581454188,56.427307848025485,46.94782308487018,46.21969210284729,53.54034785642725,77.6655263428833,67.20251688702591,66.1602484409064,76.63925384685895,67.17948990195362,55.89369628165071,55.02682047595304,63.74242180497362,812,UP,0.5877852522924694,0.8090169943749415
65.69837714733634,54.83475920074556,53.99999999999997,85.0,85.0,42.39913758445257,35.27631010905306,34.72919689625478,40.22989332041197,55.827307848025505,46.44861986350105,45.72823120706261,52.971045333606654,76.83969719060062,67.56520925746784,66.51731568254556,77.05287634098886,67.77948990195361,56.392899503019834,55.518281371737714,64.31172432779422,813,UP,0.5877852522924694,0.8090169943749415
66.05104829871182,55.32016939737052,53.99999999999997,85.0,85.0,41.96321206764936,34.913617738611116,34.37212965461559,39.81627082628205,55.227307848025504,45.94941664213193,45.236770311277944,52.401742810786054,76.01386803831792,67.92790162790979,66.87438292418473,77.46649883511876,68.3794899019536,56.89210272438896,56.00974226752238,64.88102685061483,814,UP,0.5877852522924694,0.8090169943749415
66.4037194500873,55.80557959399548,53.99999999999997,85.0,85.0,41.52728655084616,34.55092536816917,34.01506241297643,39.40264833215215,54.62730784802551,45.4502134207628,44.745309415493274,51.83244028796545,75.18803888603524,68.29059399835174,67.2314501658239,77.88012132924868,68.9794899019536,57.391305945758084,56.501203163307046,64.29927815816501,815,UP,0.5877852522924694,0.8090169943749415
66.75639060146277,56.29098979062044,53.99999999999997,85.0,85.0,41.09136103404295,34.188232997727226,33.657995171337255,38.98902583802224,54.02730784802552,44.95101019939367,44.25384851970859,51.26313776514483,74.36220973375255,68.65328636879366,67.58851740746307,78.29374382337859,69.5794899019536,57.89050916712722,56.99266405909172,63.62430759328467,816,UP,0.5877852522924694,0.8090169943749415
67.10906175283824,56.776399987245405,53.99999999999997,85.0,85.0,40.655435517239745,33.82554062728529,33.300927929698105,38.57540334389234,53.42730784802553,44.45180697802454,43.762387623923914,50.69383524232422,73.53638058146986,69.0159787392356,67.94558464910224,78.7073663175085,70.17948990195357,58.38971238849634,57.48412495487639,62.94933702840439,817,UP,0.5877852522924694,0.8090169943749415
67.46173290421372,57.26181018387037,53.99999999999997,85.0,85.0,40.21951000043655,33.462848256843344,32.94386068805892,38.16178084976242,52.82730784802554,43.952603756655435,43.270926728139244,50.124532719503634,72.71055142918716,69.37867110967755,68.3026518907414,79.1209888116384,70.77948990195358,58.88891560986547,57.97558585066106,62.27436646352409,818,UP,0.5877852522924694,0.8090169943749415
67.8144040555892,57.74722038049533,53.99999999999997,85.0,85.0,39.783584483633334,33.10015588640141,32.58679344641975,37.74815835563251,52.22730784802554,43.45340053528629,42.77946583235459,49.55523019668301,71.88472227690447,69.74136348011949,68.65971913238059,79.53461130576832,71.37948990195356,59.3881188312346,58.46704674644573,61.59939589864378,819,UP,0.5877852522924694,0.8090169943749415
68.16707520696467,58.23263057712029,53.99999999999997,85.0,85.0,39.347658966830124,32.73746351595947,32.229726204780576,37.334535861502616,51.627307848025545,42.95419731391717,42.28800493656992,48.98592767386241,71.05889312462176,70.10405585056144,69.01678637401974,79.94823379989822,71.97948990195356,59.88732205260372,58.95850764223041,60.92442533376346,820,UP,0.5877852522924694,0.8090169943749415
68.51974635834014,58.71804077374525,53.99999999999997,85.0,85.0,38.91173345002693,32.37477114551753,31.872658963141422,36.9209133673727,51.027307848025565,42.454994092548034,41.79654404078525,48.4166251510418,70.2330639723391,70.46674822100337,69.37385361565893,80.36185629402813,72.57948990195355,60.38652527397285,59.44996853801508,60.24945476888316,821,UP,0.5877852522924694,0.8090169943749415
68.87241750971562,59.20345097037021,53.99999999999997,85.0,85.0,38.47580793322371,32.01207877507558,31.51559172150224,36.507290873242795,50.42730784802557,41.95579087117891,41.30508314500057,47.8473226282212,69.4072348200564,70.8294405914453,69.73092085729809,80.77547878815804,73.17948990195354,60.88572849534197,59.94142943379975,59.57448420400284,822,UP,0.5877852522924694,0.8090169943749415
69.22508866109109,59.688861166995174,53.99999999999997,85.0,85.0,38.039882416420504,31.649386404633645,31.15852447986307,36.09366837911289,49.827307848025576,41.456587649809784,40.8136222492159,47.27802010540059,68.5814056677737,71.19213296188725,70.08798809893726,81.18910128228795,73.77948990195353,61.3849317167111,60.43289032958442,58.89951363912251,823,UP,0.5877852522924694,0.8090169943749415
69.57775981246657,60.174271363620136,53.99999999999997,85.0,85.0,37.60395689961731,31.2866940341917,30.801457238223897,35.680045884982974,49.22730784802559,40.95738442844067,40.32216135343122,46.708717582579986,67.75557651549101,71.5548253323292,70.44505534057642,81.60272377641786,74.37948990195352,61.88413493808023,60.92435122536909,58.22454307424223,824,UP,0.5877852522924694,0.8090169943749415
69.93043096384204,60.6596815602451,53.99999999999997,85.0,85.0,37.16803138281411,30.924001663749763,30.444389996584743,35.26642339085307,48.627307848025595,40.45818120707155,39.83070045764655,46.13941505975936,66.92974736320832,71.91751770277114,70.8021225822156,82.01634627054777,74.97948990195351,62.38333815944936,61.415812121153756,57.54957250936193,825,UP,0.5877852522924694,0.8090169943749415
70.28310211521752,61.14509175687006,53.99999999999997,85.0,85.0,36.73210586601089,30.561309293307822,30.08732275494556,34.85280089672315,48.02730784802561,39.95897798570242,39.33923956186188,45.57011253693879,66.10391821092563,72.28021007321308,71.15918982385476,82.42996876467767,75.57948990195351,62.88254138081849,61.90727301693843,56.87460194448161,826,UP,0.5877852522924694,0.8090169943749415
70.63577326659299,61.63050195349502,53.99999999999997,85.0,85.0,36.29618034920768,30.198616922865877,29.73025551330639,34.43917840259325,47.427307848025606,39.45977476433328,38.847778666077225,45.00081001411817,65.27808905864292,72.64290244365502,71.51625706549395,82.84359125880758,76.1794899019535,63.38174460218761,62.3987339127231,56.19963137960127,827,UP,0.5877852522924694,0.8090169943749415
70.98844441796847,62.11591215011998,53.99999999999997,85.0,85.0,35.860254832404486,29.835924552423936,29.373188271667217,34.025555908463346,46.82730784802562,38.96057154296415,38.35631777029254,44.43150749129756,64.45225990636024,73.00559481409695,71.8733243071331,83.25721375293749,76.7794899019535,63.88094782355673,62.89019480850777,55.524660814720995,828,UP,0.5877852522924694,0.8090169943749415
71.34111556934394,62.601322346744944,53.99999999999997,85.0,85.0,35.42432931560128,29.473232181981995,29.01612103002806,33.611933414333436,46.227307848025625,38.46136832159503,37.86485687450788,43.862204968476945,63.62643075407752,73.3682871845389,72.23039154877229,83.6708362470674,77.37948990195349,64.38015104492587,63.38165570429244,54.84969024984068,829,UP,0.5877852522924694,0.8090169943749415
71.69378672071942,63.086732543369905,53.99999999999997,85.0,85.0,34.98840379879808,29.110539811540058,28.659053788388878,33.198310920203525,45.62730784802563,37.962165100225896,37.3733959787232,43.292902445656345,62.80060160179485,73.73097955498083,72.58745879041145,84.08445874119731,77.97948990195347,64.879354266295,63.87311660007711,54.17471968496034,830,UP,0.5877852522924694,0.8090169943749415
72.04645787209489,63.57214273999487,53.99999999999997,85.0,85.0,34.552478281994865,28.747847441098116,28.301986546749706,32.784688426073615,45.02730784802563,37.462961878856774,36.88193508293854,42.723599922835746,61.97477244951216,74.09367192542278,72.94452603205063,84.49808123532722,78.57948990195347,65.37855748766412,64.36457749586178,53.499749120080025,831,UP,0.5877852522924694,0.8090169943749415
72.39912902347037,64.05755293661983,53.99999999999997,85.0,85.0,34.116552765191656,28.385155070656175,27.94491930511054,32.371065931943704,44.427307848025656,36.963758657487645,36.390474187153835,42.15429740001513,61.14894329722946,74.45636429586472,73.30159327368978,84.91170372945713,79.17948990195346,65.87776070903325,64.85603839164645,52.82477855519973,832,UP,0.5877852522924694,0.8090169943749415
72.75180017484584,64.5429631332448,53.99999999999997,85.0,85.0,33.680627248388454,28.022462700214234,27.587852063471384,31.957443437813804,43.82730784802565,36.46455543611852,35.89901329136919,41.584994877194525,60.32311414494677,74.81905666630666,73.65866051532896,85.32532622358703,79.77948990195347,66.37696393040238,65.34749928743113,52.14980799031945,833,UP,0.5877852522924694,0.8090169943749415
73.10447132622132,65.02837332986977,53.99999999999997,85.0,85.0,33.24470173158525,27.6597703297723,27.2307848218322,31.543820943683887,43.227307848025646,35.96535221474937,35.407552395584474,41.0156923543739,59.497284992664085,75.18174903674861,74.01572775696812,85.73894871771694,80.37948990195345,66.87616715177151,65.83896018321582,51.47483742543912,834,UP,0.5877852522924694,0.8090169943749415
73.45714247759679,65.51378352649473,53.99999999999997,85.0,85.0,32.80877621478204,27.297077959330352,26.873717580193027,31.130198449553976,42.627307848025644,35.46614899338026,34.916091499799826,40.44638983155328,58.67145584038137,75.54444140719055,74.3727949986073,86.15257121184683,80.97948990195346,67.37537037314064,66.33042107900049,50.799866860558794,835,UP,0.5877852522924694,0.8090169943749415
73.80981362897226,65.9991937231197,53.99999999999997,85.0,85.0,32.37285069797883,26.934385588888407,26.51665033855386,30.716575955424073,42.02730784802565,34.96694577201111,34.42463060401512,39.87708730873267,57.845626688098655,75.9071337776325,74.72986224024646,86.56619370597674,81.57948990195345,67.87457359450978,66.82188197478517,50.1248962956785,836,UP,0.5877852522924694,0.8090169943749415
74.16248478034774,66.48460391974467,53.99999999999997,85.0,85.0,31.93692518117565,26.57169321844647,26.159583096914705,30.30295346129417,41.427307848025656,34.46774255064199,33.933169708230466,39.307784785912055,57.019797535815954,76.26982614807443,75.08692948188565,86.97981620010667,82.17948990195346,68.37377681587891,67.31334287056984,49.44992573079819,837,UP,0.5877852522924694,0.8090169943749415
74.51515593172321,66.97001411636964,53.99999999999997,85.0,85.0,31.500999664372433,26.20900084800453,25.802515855275523,29.88933096716426,40.82730784802564,33.96853932927284,33.44170881244577,38.73848226309143,56.19396838353327,76.63251851851636,75.4439967235248,87.39343869423656,82.77948990195347,68.87298003724806,67.80480376635451,48.77495516591786,838,UP,0.5877852522924694,0.8090169943749415
74.86782708309869,67.45542431299461,53.99999999999997,85.0,85.0,31.065074147569224,25.846308477562587,25.44544861363635,29.47570847303435,40.22730784802564,33.46933610790372,32.95024791666111,38.16917974027083,55.36813923125055,76.99521088895831,75.80106396516399,87.80706118836648,83.37948990195346,69.37218325861718,68.2962646621392,48.099984601037555,839,UP,0.5877852522924694,0.8090169943749415
75.22049823447416,67.94083450961958,53.99999999999997,85.0,85.0,30.629148630766018,25.483616107120646,25.08838137199718,29.062085978904445,39.627307848025644,32.97013288653457,32.458787020876414,37.59987721745021,54.54231007896786,77.35790325940025,76.15813120680313,88.22068368249639,83.97948990195347,69.87138647998631,68.78772555792386,47.425014036157236,840,UP,0.5877852522924694,0.8090169943749415
75.57316938584964,68.42624470624455,53.99999999999997,85.0,85.0,30.193223113962826,25.12092373667871,24.731314130358026,28.648463484774535,39.02730784802565,32.47092966516546,31.96732612509176,37.03057469462959,53.71648092668517,77.7205956298422,76.51519844844233,88.6343061766263,84.57948990195347,70.37058970135546,69.27918645370855,46.75004347127694,841,UP,0.5877852522924694,0.8090169943749415
75.92584053722511,68.91165490286951,53.99999999999997,85.0,85.0,29.75729759715961,24.758231366236767,24.37424688871884,28.234840990644628,38.42730784802565,31.971726443796303,31.475865229307054,36.46127217180898,52.89065177440245,78.08328800028414,76.87226569008148,89.04792867075619,85.17948990195346,70.86979292272459,69.77064734949323,46.07507290639664,842,UP,0.5877852522924694,0.8090169943749415
76.27851168860059,69.39706509949448,53.99999999999997,85.0,85.0,29.321372080356397,24.39553899579482,24.01717964707967,27.821218496514714,37.82730784802563,31.47252322242718,30.984404333522402,35.891969648988365,52.064822622119735,78.44598037072608,77.22933293172066,89.46155116488612,85.77948990195347,71.36899614409373,70.2621082452779,45.40010234151633,843,UP,0.5877852522924694,0.8090169943749415
76.63118283997606,69.88247529611945,53.99999999999997,85.0,85.0,28.88544656355319,24.03284662535288,23.6601124054405,27.407596002384814,37.22730784802564,30.97332000105803,30.492943437737697,35.32266712616775,51.238993469837034,78.80867274116801,77.58640017335982,89.87517365901601,86.37948990195348,71.86819936546286,70.75356914106258,44.72513177663603,844,UP,0.5877852522924694,0.8090169943749415
76.98385399135154,70.36788549274442,53.99999999999997,85.0,85.0,28.44952104675,23.67015425491094,23.303045163801347,26.993973508254903,36.627307848025644,30.474116779688913,30.001482541953045,34.75336460334714,50.41316431755431,79.17136511160996,77.943467414999,90.28879615314592,86.97948990195347,72.36740258683199,71.24503003684727,44.05016121175572,845,UP,0.5877852522924694,0.8090169943749415
77.33652514272701,70.85329568936939,53.99999999999997,85.0,85.0,28.013595529946784,23.307461884469003,22.94597792216216,26.580351014124993,36.027307848025636,29.974913558319766,29.51002164616834,34.184062080526516,49.58733516527163,79.5340574820519,78.30053465663816,90.70241864727583,87.57948990195347,72.86660580820111,71.73649093263194,43.37519064687541,846,UP,0.5877852522924694,0.8090169943749415
77.68919629410249,71.33870588599436,53.99999999999997,85.0,85.0,27.577670013143575,22.944769514027065,22.58891068052299,26.166728519995083,35.42730784802564,29.475710336950648,29.01856075038369,33.614759557705895,48.76150601298892,79.89674985249384,78.65760189827735,91.11604114140573,88.17948990195347,73.36580902957026,72.22795182841662,42.70022008199507,847,UP,0.5877852522924694,0.8090169943749415
78.04186744547796,71.82411608261933,53.99999999999997,85.0,85.0,27.141744496340372,22.58207714358512,22.231843438883818,25.753106025865172,34.82730784802564,28.976507115581498,28.527099854598987,33.045457034885295,47.935676860706195,80.25944222293577,79.01466913991649,91.52966363553564,88.77948990195347,73.86501225093939,72.71941272420129,42.025249517114766,848,UP,0.5877852522924694,0.8090169943749415
78.39453859685344,72.3095262792443,53.99999999999997,85.0,85.0,26.705818979537177,22.21938477314318,21.874776197244667,25.33948353173526,34.227307848025646,28.477303894212376,28.035638958814335,32.476154512064674,47.109847708423494,80.62213459337772,79.37173638155568,91.94328612966555,89.37948990195348,74.36421547230852,73.21087361998597,41.350278952234454,849,UP,0.5877852522924694,0.8090169943749415
78.74720974822891,72.79493647586926,53.99999999999997,85.0,85.0,26.269893462733958,21.856692402701235,21.517708955605485,24.92586103760535,33.62730784802564,27.978100672843226,27.544178063029626,31.90685198924406,46.28401855614081,80.98482696381966,79.72880362319485,92.35690862379546,89.97948990195347,74.86341869367766,73.70233451577064,40.67530838735413,850,UP,0.5877852522924694,0.8090169943749415
79.09988089960439,73.28034667249423,53.99999999999997,85.0,85.0,25.833967945930752,21.494000032259294,21.160641713966314,24.51223854347545,33.02730784802563,27.47889745147411,27.052717167244978,31.337549466423443,45.4581894038581,81.3475193342616,80.08587086483402,92.77053111792537,90.57948990195348,75.36262191504679,74.19379541155533,40.000337822473824,851,UP,0.5877852522924694,0.8090169943749415
79.45255205097986,73.7657568691192,53.99999999999997,85.0,85.0,25.398042429127546,21.131307661817356,20.803574472327142,24.098616049345537,32.427307848025634,26.97969423010496,26.56125627146027,30.768246943602843,44.63236025157541,81.71021170470355,80.44293810647318,93.18415361205528,91.17948990195347,75.86182513641593,74.68525630734001,39.32536725759354,852,UP,0.5877852522924694,0.8090169943749415
79.80522320235534,74.25116706574417,53.99999999999997,85.0,85.0,24.962116912324362,20.768615291375415,20.44650723068799,23.684993555215637,31.827307848025637,26.480491008735843,26.06979537567562,30.198944420782215,43.80653109929273,82.07290407514549,80.80000534811236,93.59777610618518,91.77948990195348,76.36102835778506,75.17671720312468,38.65039669271323,853,UP,0.5877852522924694,0.8090169943749415
80.15789435373081,74.73657726236914,53.99999999999997,85.0,85.0,24.526191395521145,20.405922920933474,20.089439989048802,23.27137106108572,31.227307848025625,25.981287787366693,25.578334479890916,29.629641897961598,42.98070194701001,82.43559644558744,81.15707258975151,94.0113986003151,92.37948990195348,76.86023157915419,75.66817809890937,37.975426127832925,854,UP,0.5877852522924694,0.8090169943749415
80.51056550510629,75.2219874589941,53.99999999999997,85.0,85.0,24.090265878717936,20.043230550491533,19.732372747409634,22.857748566955816,30.62730784802563,25.48208456599757,25.086873584106264,29.06033937514098,42.1548727947273,82.79828881602937,81.51413983139071,94.425021094445,92.97948990195347,77.35943480052333,76.15963899469403,37.30045556295258,855,UP,0.5877852522924694,0.8090169943749415
80.86323665648176,75.70739765561908,53.99999999999997,85.0,85.0,23.654340361914734,19.68053818004959,19.375305505770463,22.444126072825906,30.02730784802563,24.98288134462842,24.595412688321563,28.49103685232037,41.329043642444574,83.1609811864713,81.87120707302985,94.83864358857491,93.57948990195348,77.85863802189246,76.65109989047872,36.625484998072295,856,UP,0.5877852522924694,0.8090169943749415
81.21590780785723,76.19280785224404,53.99999999999997,85.0,85.0,23.21841484511153,19.31784580960765,19.01823826413131,22.030503578695996,29.427307848025634,24.483678123259306,24.10395179253691,27.921734329499753,40.50321449016189,83.52367355691325,82.22827431466904,95.25226608270482,94.17948990195347,78.3578412432616,77.1425607862634,35.950514433191984,857,UP,0.5877852522924694,0.8090169943749415
81.56857895923271,76.67821804886901,53.99999999999997,85.0,85.0,22.78248932830833,18.95515343916571,18.66117102249212,21.616881084566096,28.82730784802563,23.984474901890156,23.612490896752206,27.35243180667913,39.67738533787917,83.88636592735519,82.5853415563082,95.66588857683473,94.77948990195347,78.85704446463073,77.63402168204807,35.27554386831168,858,UP,0.5877852522924694,0.8090169943749415
81.92125011060818,77.16362824549398,53.99999999999997,85.0,85.0,22.346563811505117,18.592461068723768,18.304103780852955,21.203258590436185,28.227307848025617,23.485271680521038,23.12103000096755,26.783129283858525,38.85155618559646,84.24905829779713,82.94240879794738,96.07951107096464,95.37948990195348,79.35624768599986,78.12548257783276,34.60057330343137,859,LEFT,-0.8090169943749415,0.5877852522924694
81.92125011060818,77.16362824549398,56.99999999999997,85.0,85.0,21.55643774847277,18.38663580554357,18.482639916336936,21.936871002267853,27.229251421628657,23.225281235650154,23.34654988406065,27.70979987019911,41.92937025506431,83.31639077558303,83.75141957016604,99.40377000709677,92.00707786196621,78.47774534547644,78.8875096024423,31.918345369122555,860,LEFT,-0.8386705679454178,0.5446390350150236
81.92125011060818,77.16362824549398,59.99999999999997,85.0,85.0,20.875542230504585,18.234750709525834,18.71649913207879,22.78776551536951,26.369170759556877,23.033425906169395,23.64195172442971,28.78461663263802,45.67274350901205,82.62814534848948,84.81111890892954,103.25947588565681,89.10088307836838,77.82947015184592,69.85092570073711,29.69759420998543,861,LEFT,-0.8660254037844323,0.49999999999999695
81.92125011060818,77.16362824549398,62.99999999999997,85.0,85.0,20.290255344493755,18.134652972371196,19.00912257014726,23.775128953816143,25.629859192454358,22.90698634859856,24.01158223852483,30.031815619023995,50.301430905728594,82.1745668759114,86.13709985367949,107.73357103526219,86.60276457098182,77.40223349968403,58.504063590289,27.837099419845337,862,LEFT,-0.8910065241883613,0.45399049973954403
81.92125011060818,77.16362824549398,65.99999999999997,85.0,85.0,19.789655498965473,18.084947149098213,19.36496243523805,24.923336985510293,24.997520991933115,22.844199891262164,24.461065277673185,31.482187222353883,56.145351404324224,81.94933209998864,87.74953692846486,112.0986639301776,84.46610685867165,77.19007935782467,50.44745187824507,26.263717171010715,863,LEFT,-0.9135454576425942,0.40673664307579777
81.92125011060818,77.16362824549398,68.99999999999999,85.0,85.0,19.364962435238052,18.084947149098213,19.789655498965473,26.26371717101067,24.461065277673207,22.844199891262164,24.99752099193306,33.175303195290795,63.72325366562757,81.94933209998862,89.67397235163921,106.3776600458179,82.65343408602978,77.19007935782467,44.44829399357235,24.923336985510353,864,UP,0.3583679495452981,0.9335804264971949
82.13627088033536,77.7237765013923,68.99999999999999,85.0,85.0,19.1346440142168,17.869852671865793,19.554285963789816,25.951347968684278,23.861065277673212,22.28385962074793,24.3843623896849,32.36155360216317,62.160200226811334,82.16442657722105,89.90934188681486,107.14987957587465,83.25343408602976,77.75041962833889,43.91964536211111,24.626909680769618,865,UP,0.3583679495452981,0.9335804264971949
82.35129165006254,78.2839247572906,68.99999999999999,85.0,85.0,18.904325593195548,17.654758194633374,19.318916428614155,25.6389787663579,23.261065277673225,21.72351935023375,23.77120378743672,31.547804009035563,60.59714678799507,82.37952105445346,90.14471142199054,107.9220991059314,83.85343408602975,78.31075989885309,43.390996730649825,24.330482376028886,866,UP,0.3583679495452981,0.9335804264971949
82.56631241978971,78.84407301318892,68.99999999999999,85.0,85.0,18.674007172174306,17.439663717400954,19.083546893438495,25.32660956403151,22.661065277673234,21.163179079719544,23.158045185188527,30.734054415907966,59.03409334917883,82.59461553168587,90.38008095716619,108.69431863598813,84.45343408602974,78.8711001693673,42.86234809918854,24.034055071288154,867,UP,0.3583679495452981,0.9335804264971949
82.78133318951689,79.40422126908723,68.99999999999999,85.0,85.0,18.44368875115307,17.224569240168538,18.848177358262827,25.01424036170512,22.061065277673244,20.602838809205334,22.544886582940364,29.92030482278039,57.47103991036258,82.8097100089183,90.61545049234185,109.46653816604488,85.05343408602974,79.43144043988151,42.33369946772725,23.737627766547416,868,UP,0.3583679495452981,0.9335804264971949
82.99635395924406,79.96436952498554,68.99999999999999,85.0,85.0,18.213370330131823,17.00947476293612,18.612807823087167,24.701871159378744,21.461065277673242,20.042498538691103,21.93172798069218,29.106555229652773,55.90798647154629,83.02480448615071,90.85082002751751,110.2387576961016,85.65343408602972,79.99178071039572,41.80505083626596,23.441200461806684,869,UP,0.3583679495452981,0.9335804264971949
83.21137472897124,80.52451778088385,68.99999999999999,85.0,85.0,17.983051909110575,16.7943802857037,18.37743828791151,24.389501957052364,20.861065277673262,19.482158268176907,21.318569378444,28.292805636525216,54.344933032730026,83.23989896338314,91.08618956269316,111.01097722615836,86.25343408602971,80.55212098090992,41.27640220480472,23.144773157065952,870,UP,0.3583679495452981,0.9335804264971949
83.42639549869841,81.08466603678217,68.99999999999999,85.0,85.0,17.752733488089326,16.579285808471283,18.142068752735845,24.077132754725984,20.261065277673275,18.921817997662714,20.705410776195805,27.47905604339759,52.781879593913786,83.45499344061555,91.32155909786883,111.78319675621509,86.85343408602971,81.11246125142412,40.74775357334344,22.848345852325235,871,UP,0.3583679495452981,0.9335804264971949
83.64141626842559,81.64481429268048,68.99999999999999,85.0,85.0,17.52241506706809,16.364191331238864,17.90669921756019,23.764763552399586,19.661065277673273,18.36147772714851,20.092252173947617,26.665306450269995,51.21882615509755,83.67008791784798,91.55692863304449,112.55541628627184,87.45343408602969,81.67280152193834,40.219104941882144,22.55191854758451,872,UP,0.3583679495452981,0.9335804264971949
83.85643703815276,82.20496254857879,68.99999999999999,85.0,85.0,17.292096646046843,16.149096854006444,17.671329682384524,23.452394350073195,19.061065277673283,17.801137456634272,19.479093571699458,25.851556857142402,49.65577271628128,83.88518239508039,91.79229816822016,113.32763581632858,88.05343408602968,82.23314179245254,39.69045631042091,22.25549124284377,873,UP,0.3583679495452981,0.9335804264971949
84.07145780787994,82.7651108044771,68.99999999999999,85.0,85.0,17.061778225025602,15.934002376774027,17.435960147208867,23.140025147746826,18.461065277673292,17.240797186120094,18.865934969451274,25.037807264014784,48.09271927746504,84.10027687231282,92.0276677033958,114.09985534638533,88.65343408602968,82.79348206296675,39.16180767895957,21.959063938103036,874,UP,0.3583679495452981,0.9335804264971949
84.28647857760711,83.32525906037542,68.99999999999999,85.0,85.0,16.831459804004353,15.718907899541609,17.20059061203321,22.827655945420428,17.861065277673312,16.680456915605888,18.252776367203083,24.224057670887213,46.529665838648796,84.31537134954523,92.26303723857147,114.87207487644207,89.25343408602967,83.35382233348095,38.63315904749833,21.66263663336228,875,UP,0.3583679495452981,0.9335804264971949
84.50149934733429,83.88540731627373,68.99999999999999,85.0,85.0,16.601141382983105,15.50381342230919,16.965221076857546,22.21555286167302,17.261065277673318,16.12011664509168,17.63961776495491,23.41030807775961,44.966612399832506,84.53046582677766,92.49840677374713,115.64429440649882,89.85343408602965,83.91416260399517,38.104510416037044,21.366209328621572,876,UP,0.3583679495452981,0.9335804264971949
84.71652011706146,84.44555557217204,68.99999999999999,85.0,85.0,16.370822961961867,15.288718945076772,16.729851541681878,21.443333331616284,16.661065277673323,15.559776374577446,17.02645916270673,22.596558484631995,43.40355896101623,84.74556030401007,92.7337763089228,116.41651393655555,90.45343408602965,84.47450287450937,37.57586178457576,21.069782023880833,877,UP,0.3583679495452981,0.9335804264971949
84.93154088678864,85.00570382807035,68.99999999999999,85.0,85.0,16.140504540940622,15.073624467844352,16.494482006506225,20.671113801559546,16.061065277673336,14.999436104063253,16.413300560458556,21.782808891504413,41.84050552220005,84.96065478124248,92.96914584409845,117.18873346661229,91.05343408602964,85.03484314502357,37.04721315311447,20.77335471914013,878,STOP,0.0,0.0
84.93154088678864,85.00570382807035,68.99999999999999,85.0,85.0,16.140504540940622,15.073624467844352,16.494482006506225,20.671113801559546,16.061065277673336,14.999436104063253,16.413300560458556,21.782808891504413,41.84050552220005,84.96065478124248,92.96914584409845,117.18873346661229,91.05343408602964,85.03484314502357,37.04721315311447,20.77335471914013,879,STOP,0.0,0.0
84.93154088678864,85.00570382807035,68.99999999999999,85.0,85.0,16.140504540940622,15.073624467844352,16.494482006506225,20.671113801559546,16.061065277673336,14.999436104063253,16.413300560458556,21.782808891504413,41.84050552220005,84.96065478124248,92.96914584409845,117.18873346661229,91.05343408602964,85.03484314502357,37.04721315311447,20.77335471914013,880,STOP,0.0,0.0
84.93154088678864,85.00570382807035,68.99999999999999,85.0,85.0,16.140504540940622,15.073624467844352,16.494482006506225,20.671113801559546,16.061065277673336,14.999436104063253,16.413300560458556,21.782808891504413,41.84050552220005,84.96065478124248,92.96914584409845,117.18873346661229,91.05343408602964,85.03484314502357,37.04721315311447,20.77335471914013,881,STOP,0.0,0.0
84.93154088678864,85.00570382807035,68.99999999999999,85.0,85.0,16.140504540940622,15.073624467844352,16.494482006506225,20.671113801559546,16.061065277673336,14.999436104063253,16.413300560458556,21.782808891504413,41.84050552220005,84.96065478124248,92.96914584409845,117.18873346661229,91.05343408602964,85.03484314502357,37.04721315311447,20.77335471914013,882,STOP,0.0,0.0
84.93154088678864,85.00570382807035,68.99999999999999,85.0,85.0,16.140504540940622,15.073624467844352,16.494482006506225,20.671113801559546,16.061065277673336,14.999436104063253,16.413300560458556,21.782808891504413,41.84050552220005,84.96065478124248,92.96914584409845,117.18873346661229,91.05343408602964,85.03484314502357,37.04721315311447,20.77335471914013,883,STOP,0.0,0.0
84.93154088678864,85.00570382807035,68.99999999999999,85.0,85.0,16.140504540940622,15.073624467844352,16.494482006506225,20.671113801559546,16.061065277673336,14.999436104063253,16.413300560458556,21.782808891504413,41.84050552220005,84.96065478124248,92.96914584409845,117.18873346661229,91.05343408602964,85.03484314502357,37.04721315311447,20.77335471914013,884,STOP,0.0,0.0
84.93154088678864,85.00570382807035,68.99999999999999,85.0,85.0,16.140504540940622,15.073624467844352,16.494482006506225,20.671113801559546,16.061065277673336,14.999436104063253,16.413300560458556,21.782808891504413,41.84050552220005,84.96065478124248,92.96914584409845,117.18873346661229,91.05343408602964,85.03484314502357,37.04721315311447,20.77335471914013,885,STOP,0.0,0.0
84.93154088678864,85.00570382807035,68.99999999999999,85.0,85.0,16.140504540940622,15.073624467844352,16.494482006506225,20.671113801559546,16.061065277673336,14.999436104063253,16.413300560458556,21.782808891504413,41.84050552220005,84.96065478124248,92.96914584409845,117.18873346661229,91.05343408602964,85.03484314502357,37.04721315311447,20.77335471914013,886,STOP,0.0,0.0
84.93154088678864,85.00570382807035,68.99999999999999,85.0,85.0,16.140504540940622,15.073624467844352,16.494482006506225,20.671113801559546,16.061065277673336,14.999436104063253,16.413300560458556,21.782808891504413,41.84050552220005,84.96065478124248,92.96914584409845,117.18873346661229,91.05343408602964,85.03484314502357,37.04721315311447,20.77335471914013,887,STOP,0.0,0.0
84.93154088678864,85.00570382807035,68.99999999999999,85.0,85.0,16.140504540940622,15.073624467844352,16.494482006506225,20.671113801559546,16.061065277673336,14.999436104063253,16.413300560458556,21.782808891504413,41.84050552220005,84.96065478124248,92.96914584409845,117.18873346661229,91.05343408602964,85.03484314502357,37.04721315311447,20.77335471914013,888,STOP,0.0,0.0
84.93154088678864,85.00570382807035,68.99999999999999,85.0,85.0,16.140504540940622,15.073624467844352,16.494482006506225,20.671113801559546,16.061065277673336,14.999436104063253,16.413300560458556,21.782808891504413,41.84050552220005,84.96065478124248,92.96914584409845,117.18873346661229,91.05343408602964,85.03484314502357,37.04721315311447,20.77335471914013,889,STOP,0.0,0.0
84.93154088678864,85.00570382807035,68.99999999999999,85.0,85.0,16.140504540940622,15.073624467844352,16.494482006506225,20.671113801559546,16.061065277673336,14.999436104063253,16.413300560458556,21.782808891504413,41.84050552220005,84.96065478124248,92.96914584409845,117.18873346661229,91.05343408602964,85.03484314502357,37.04721315311447,20.77335471914013,890,STOP,0.0,0.0
84.93154088678864,85.00570382807035,68.99999999999999,85.0,85.0,16.140504540940622,15.073624467844352,16.494482006506225,20.671113801559546,16.061065277673336,14.999436104063253,16.413300560458556,21.782808891504413,41.84050552220005,84.96065478124248,92.96914584409845,117.18873346661229,91.05343408602964,85.03484314502357,37.04721315311447,20.77335471914013,891,STOP,0.0,0.0
84.93154088678864,85.00570382807035,68.99999999999999,85.0,85.0,16.140504540940622,15.073624467844352,16.494482006506225,20.671113801559546,16.061065277673336,14.999436104063253,16.413300560458556,21.782808891504413,41.84050552220005,84.96065478124248,92.96914584409845,117.18873346661229,91.05343408602964,85.03484314502357,37.04721315311447,20.77335471914013,892,STOP,0.0,0.0
84.93154088678864,85.00570382807035,68.99999999999999,85.0,85.0,16.140504540940622,15.073624467844352,16.494482006506225,20.671113801559546,16.061065277673336,14.999436104063253,16.413300560458556,21.782808891504413,41.84050552220005,84.96065478124248,92.96914584409845,117.18873346661229,91.05343408602964,85.03484314502357,37.04721315311447,20.77335471914013,893,STOP,0.0,0.0
84.93154088678864,85.00570382807035,68.99999999999999,85.0,85.0,16.140504540940622,15.073624467844352,16.494482006506225,20.671113801559546,16.061065277673336,14.999436104063253,16.413300560458556,21.782808891504413,41.84050552220005,84.96065478124248,92.96914584409845,117.18873346661229,91.05343408602964,85.03484314502357,37.04721315311447,20.77335471914013,894,STOP,0.0,0.0
84.93154088678864,85.00570382807035,68.99999999999999,85.0,85.0,16.140504540940622,15.073624467844352,16.494482006506225,20.671113801559546,16.061065277673336,14.999436104063253,16.413300560458556,21.782808891504413,41.84050552220005,84.96065478124248,92.96914584409845,117.18873346661229,91.05343408602964,85.03484314502357,37.04721315311447,20.77335471914013,895,STOP,0.0,0.0
84.93154088678864,85.00570382807035,68.99999999999999,85.0,85.0,16.140504540940622,15.073624467844352,16.494482006506225,20.671113801559546,16.061065277673336,14.999436104063253,16.413300560458556,21.782808891504413,41.84050552220005,84.96065478124248,92.96914584409845,117.18873346661229,91.05343408602964,85.03484314502357,37.04721315311447,20.77335471914013,896,STOP,0.0,0.0
84.93154088678864,85.00570382807035,68.99999999999999,85.0,85.0,16.140504540940622,15.073624467844352,16.494482006506225,20.671113801559546,16.061065277673336,14.999436104063253,16.413300560458556,21.782808891504413,41.84050552220005,84.96065478124248,92.96914584409845,117.18873346661229,91.05343408602964,85.03484314502357,37.04721315311447,20.77335471914013,897,STOP,0.0,0.0
84.93154088678864,85.00570382807035,68.99999999999999,85.0,85.0,16.140504540940622,15.073624467844352,16.494482006506225,20.671113801559546,16.061065277673336,14.999436104063253,16.413300560458556,21.782808891504413,41.84050552220005,84.96065478124248,92.96914584409845,117.18873346661229,91.05343408602964,85.03484314502357,37.04721315311447,20.77335471914013,898,STOP,0.0,0.0
84.93154088678864,85.00570382807035,68.99999999999999,85.0,85.0,16.140504540940622,15.073624467844352,16.494482006506225,20.671113801559546,16.061065277673336,14.999436104063253,16.413300560458556,21.782808891504413,41.84050552220005,84.96065478124248,92.96914584409845,117.18873346661229,91.05343408602964,85.03484314502357,37.04721315311447,20.77335471914013,899,STOP,0.0,0.0
84.93154088678864,85.00570382807035,68.99999999999999,85.0,85.0,16.140504540940622,15.073624467844352,16.494482006506225,20.671113801559546,16.061065277673336,14.999436104063253,16.413300560458556,21.782808891504413,41.84050552220005,84.96065478124248,92.96914584409845,117.18873346661229,91.05343408602964,85.03484314502357,37.04721315311447,20.77335471914013,900,STOP,0.0,0.0
84.93154088678864,85.00570382807035,68.99999999999999,85.0,85.0,16.140504540940622,15.073624467844352,16.494482006506225,20.671113801559546,16.061065277673336,14.999436104063253,16.413300560458556,21.782808891504413,41.84050552220005,84.96065478124248,92.96914584409845,117.18873346661229,91.05343408602964,85.03484314502357,37.04721315311447,20.77335471914013,901,STOP,0.0,0.0
84.93154088678864,85.00570382807035,68.99999999999999,85.0,85.0,16.140504540940622,15.073624467844352,16.494482006506225,20.671113801559546,16.061065277673336,14.999436104063253,16.413300560458556,21.782808891504413,41.84050552220005,84.96065478124248,92.96914584409845,117.18873346661229,91.05343408602964,85.03484314502357,37.04721315311447,20.77335471914013,902,STOP,0.0,0.0
84.93154088678864,85.00570382807035,68.99999999999999,85.0,85.0,16.140504540940622,15.073624467844352,16.494482006506225,20.671113801559546,16.061065277673336,14.999436104063253,16.413300560458556,21.782808891504413,41.84050552220005,84.96065478124248,92.96914584409845,117.18873346661229,91.05343408602964,85.03484314502357,37.04721315311447,20.77335471914013,903,STOP,0.0,0.0
84.93154088678864,85.00570382807035,68.99999999999999,85.0,85.0,16.140504540940622,15.073624467844352,16.494482006506225,20.671113801559546,16.061065277673336,14.999436104063253,16.413300560458556,21.782808891504413,41.84050552220005,84.96065478124248,92.96914584409845,117.18873346661229,91.05343408602964,85.03484314502357,37.04721315311447,20.77335471914013,904,STOP,0.0,0.0
84.93154088678864,85.00570382807035,68.99999999999999,85.0,85.0,16.140504540940622,15.073624467844352,16.494482006506225,20.671113801559546,16.061065277673336,14.999436104063253,16.413300560458556,21.782808891504413,41.84050552220005,84.96065478124248,92.96914584409845,117.18873346661229,91.05343408602964,85.03484314502357,37.04721315311447,20.77335471914013,905,STOP,0.0,0.0
84.93154088678864,85.00570382807035,68.99999999999999,85.0,85.0,16.140504540940622,15.073624467844352,16.494482006506225,20.671113801559546,16.061065277673336,14.999436104063253,16.413300560458556,21.782808891504413,41.84050552220005,84.96065478124248,92.96914584409845,117.18873346661229,91.05343408602964,85.03484314502357,37.04721315311447,20.77335471914013,906,STOP,0.0,0.0
84.93154088678864,85.00570382807035,68.99999999999999,85.0,85.0,16.140504540940622,15.073624467844352,16.494482006506225,20.671113801559546,16.061065277673336,14.999436104063253,16.413300560458556,21.782808891504413,41.84050552220005,84.96065478124248,92.96914584409845,117.18873346661229,91.05343408602964,85.03484314502357,37.04721315311447,20.77335471914013,907,STOP,0.0,0.0
84.93154088678864,85.00570382807035,68.99999999999999,85.0,85.0,16.140504540940622,15.073624467844352,16.494482006506225,20.671113801559546,16.061065277673336,14.999436104063253,16.413300560458556,21.782808891504413,41.84050552220005,84.96065478124248,92.96914584409845,117.18873346661229,91.05343408602964,85.03484314502357,37.04721315311447,20.77335471914013,908,STOP,0.0,0.0
84.93154088678864,85.00570382807035,68.99999999999999,85.0,85.0,16.140504540940622,15.073624467844352,16.494482006506225,20.671113801559546,16.061065277673336,14.999436104063253,16.413300560458556,21.782808891504413,41.84050552220005,84.96065478124248,92.96914584409845,117.18873346661229,91.05343408602964,85.03484314502357,37.04721315311447,20.77335471914013,909,STOP,0.0,0.0
84.93154088678864,85.00570382807035,68.99999999999999,85.0,85.0,16.140504540940622,15.073624467844352,16.494482006506225,20.671113801559546,16.061065277673336,14.999436104063253,16.413300560458556,21.782808891504413,41.84050552220005,84.96065478124248,92.96914584409845,117.18873346661229,91.05343408602964,85.03484314502357,37.04721315311447,20.77335471914013,910,STOP,0.0,0.0
84.93154088678864,85.00570382807035,68.99999999999999,85.0,85.0,16.140504540940622,15.073624467844352,16.494482006506225,20.671113801559546,16.061065277673336,14.999436104063253,16.413300560458556,21.782808891504413,41.84050552220005,84.96065478124248,92.96914584409845,117.18873346661229,91.05343408602964,85.03484314502357,37.04721315311447,20.77335471914013,911,STOP,0.0,0.0
84.93154088678864,85.00570382807035,68.99999999999999,85.0,85.0,16.140504540940622,15.073624467844352,16.494482006506225,20.671113801559546,16.061065277673336,14.999436104063253,16.413300560458556,21.782808891504413,41.84050552220005,84.96065478124248,92.96914584409845,117.18873346661229,91.05343408602964,85.03484314502357,37.04721315311447,20.77335471914013,912,STOP,0.0,0.0
84.93154088678864,85.00570382807035,68.99999999999999,85.0,85.0,16.140504540940622,15.073624467844352,16.494482006506225,20.671113801559546,16.061065277673336,14.999436104063253,16.413300560458556,21.782808891504413,41.84050552220005,84.96065478124248,92.96914584409845,117.18873346661229,91.05343408602964,85.03484314502357,37.04721315311447,20.77335471914013,913,STOP,0.0,0.0
84.93154088678864,85.00570382807035,68.99999999999999,85.0,85.0,16.140504540940622,15.073624467844352,16.494482006506225,20.671113801559546,16.061065277673336,14.999436104063253,16.413300560458556,21.782808891504413,41.84050552220005,84.96065478124248,92.96914584409845,117.18873346661229,91.05343408602964,85.03484314502357,37.04721315311447,20.77335471914013,914,STOP,0.0,0.0
84.93154088678864,85.00570382807035,68.99999999999999,85.0,85.0,16.140504540940622,15.073624467844352,16.494482006506225,20.671113801559546,16.061065277673336,14.999436104063253,16.413300560458556,21.782808891504413,41.84050552220005,84.96065478124248,92.96914584409845,117.18873346661229,91.05343408602964,85.03484314502357,37.04721315311447,20.77335471914013,915,STOP,0.0,0.0
84.93154088678864,85.00570382807035,68.99999999999999,85.0,85.0,16.140504540940622,15.073624467844352,16.494482006506225,20.671113801559546,16.061065277673336,14.999436104063253,16.413300560458556,21.782808891504413,41.84050552220005,84.96065478124248,92.96914584409845,117.18873346661229,91.05343408602964,85.03484314502357,37.04721315311447,20.77335471914013,916,STOP,0.0,0.0
84.93154088678864,85.00570382807035,68.99999999999999,85.0,85.0,16.140504540940622,15.073624467844352,16.494482006506225,20.671113801559546,16.061065277673336,14.999436104063253,16.413300560458556,21.782808891504413,41.84050552220005,84.96065478124248,92.96914584409845,117.18873346661229,91.05343408602964,85.03484314502357,37.04721315311447,20.77335471914013,917,STOP,0.0,0.0
84.93154088678864,85.00570382807035,68.99999999999999,85.0,85.0,16.140504540940622,15.073624467844352,16.494482006506225,20.671113801559546,16.061065277673336,14.999436104063253,16.413300560458556,21.782808891504413,41.84050552220005,84.96065478124248,92.96914584409845,117.18873346661229,91.05343408602964,85.03484314502357,37.04721315311447,20.77335471914013,918,STOP,0.0,0.0
84.93154088678864,85.00570382807035,68.99999999999999,85.0,85.0,16.140504540940622,15.073624467844352,16.494482006506225,20.671113801559546,16.061065277673336,14.999436104063253,16.413300560458556,21.782808891504413,41.84050552220005,84.96065478124248,92.96914584409845,117.18873346661229,91.05343408602964,85.03484314502357,37.04721315311447,20.77335471914013,919,STOP,0.0,0.0
84.93154088678864,85.00570382807035,68.99999999999999,85.0,85.0,16.140504540940622,15.073624467844352,16.494482006506225,20.671113801559546,16.061065277673336,14.999436104063253,16.413300560458556,21.782808891504413,41.84050552220005,84.96065478124248,92.96914584409845,117.18873346661229,91.05343408602964,85.03484314502357,37.04721315311447,20.77335471914013,920,STOP,0.0,0.0
84.93154088678864,85.00570382807035,68.99999999999999,85.0,85.0,16.140504540940622,15.073624467844352,16.494482006506225,20.671113801559546,16.061065277673336,14.999436104063253,16.413300560458556,21.782808891504413,41.84050552220005,84.96065478124248,92.96914584409845,117.18873346661229,91.05343408602964,85.03484314502357,37.04721315311447,20.77335471914013,921,STOP,0.0,0.0
84.93154088678864,85.00570382807035,68.99999999999999,85.0,85.0,16.140504540940622,15.073624467844352,16.494482006506225,20.671113801559546,16.061065277673336,14.999436104063253,16.413300560458556,21.782808891504413,41.84050552220005,84.96065478124248,92.96914584409845,117.18873346661229,91.05343408602964,85.03484314502357,37.04721315311447,20.77335471914013,922,STOP,0.0,0.0
84.93154088678864,85.00570382807035,68.99999999999999,85.0,85.0,16.140504540940622,15.073624467844352,16.494482006506225,20.671113801559546,16.061065277673336,14.999436104063253,16.413300560458556,21.782808891504413,41.84050552220005,84.96065478124248,92.96914584409845,117.18873346661229,91.05343408602964,85.03484314502357,37.04721315311447,20.77335471914013,923,STOP,0.0,0.0
84.93154088678864,85.00570382807035,68.99999999999999,85.0,85.0,16.140504540940622,15.073624467844352,16.494482006506225,20.671113801559546,16.061065277673336,14.999436104063253,16.413300560458556,21.782808891504413,41.84050552220005,84.96065478124248,92.96914584409845,117.18873346661229,91.05343408602964,85.03484314502357,37.04721315311447,20.77335471914013,924,STOP,0.0,0.0
84.93154088678864,85.00570382807035,68.99999999999999,85.0,85.0,16.140504540940622,15.073624467844352,16.494482006506225,20.671113801559546,16.061065277673336,14.999436104063253,16.413300560458556,21.782808891504413,41.84050552220005,84.96065478124248,92.96914584409845,117.18873346661229,91.05343408602964,85.03484314502357,37.04721315311447,20.77335471914013,925,STOP,0.0,0.0
84.93154088678864,85.00570382807035,68.99999999999999,85.0,85.0,16.140504540940622,15.073624467844352,16.494482006506225,20.671113801559546,16.061065277673336,14.999436104063253,16.413300560458556,21.782808891504413,41.84050552220005,84.96065478124248,92.96914584409845,117.18873346661229,91.05343408602964,85.03484314502357,37.04721315311447,20.77335471914013,926,STOP,0.0,0.0
84.93154088678864,85.00570382807035,68.99999999999999,85.0,85.0,16.140504540940622,15.073624467844352,16.494482006506225,20.671113801559546,16.061065277673336,14.999436104063253,16.413300560458556,21.782808891504413,41.84050552220005,84.96065478124248,92.96914584409845,117.18873346661229,91.05343408602964,85.03484314502357,37.04721315311447,20.77335471914013,927,STOP,0.0,0.0
84.93154088678864,85.00570382807035,68.99999999999999,85.0,85.0,16.140504540940622,15.073624467844352,16.494482006506225,20.671113801559546,16.061065277673336,14.999436104063253,16.413300560458556,21.782808891504413,41.84050552220005,84.96065478124248,92.96914584409845,117.18873346661229,91.05343408602964,85.03484314502357,37.04721315311447,20.77335471914013,928,STOP,0.0,0.0
84.93154088678864,85.00570382807035,68.99999999999999,85.0,85.0,16.140504540940622,15.073624467844352,16.494482006506225,20.671113801559546,16.061065277673336,14.999436104063253,16.413300560458556,21.782808891504413,41.84050552220005,84.96065478124248,92.96914584409845,117.18873346661229,91.05343408602964,85.03484314502357,37.04721315311447,20.77335471914013,929,STOP,0.0,0.0
84.93154088678864,85.00570382807035,68.99999999999999,85.0,85.0,16.140504540940622,15.073624467844352,16.494482006506225,20.671113801559546,16.061065277673336,14.999436104063253,16.413300560458556,21.782808891504413,41.84050552220005,84.96065478124248,92.96914584409845,117.18873346661229,91.05343408602964,85.03484314502357,37.04721315311447,20.77335471914013,930,STOP,0.0,0.0
84.93154088678864,85.00570382807035,68.99999999999999,85.0,85.0,16.140504540940622,15.073624467844352,16.494482006506225,20.671113801559546,16.061065277673336,14.999436104063253,16.413300560458556,21.782808891504413,41.84050552220005,84.96065478124248,92.96914584409845,117.18873346661229,91.05343408602964,85.03484314502357,37.04721315311447,20.77335471914013,931,STOP,0.0,0.0
84.93154088678864,85.00570382807035,68.99999999999999,85.0,85.0,16.140504540940622,15.073624467844352,16.494482006506225,20.671113801559546,16.061065277673336,14.999436104063253,16.413300560458556,21.782808891504413,41.84050552220005,84.96065478124248,92.96914584409845,117.18873346661229,91.05343408602964,85.03484314502357,37.04721315311447,20.77335471914013,932,STOP,0.0,0.0
84.93154088678864,85.00570382807035,68.99999999999999,85.0,85.0,16.140504540940622,15.073624467844352,16.494482006506225,20.671113801559546,16.061065277673336,14.999436104063253,16.413300560458556,21.782808891504413,41.84050552220005,84.96065478124248,92.96914584409845,117.18873346661229,91.05343408602964,85.03484314502357,37.04721315311447,20.77335471914013,933,STOP,0.0,0.0
84.93154088678864,85.00570382807035,68.99999999999999,85.0,85.0,16.140504540940622,15.073624467844352,16.494482006506225,20.671113801559546,16.061065277673336,14.999436104063253,16.413300560458556,21.782808891504413,41.84050552220005,84.96065478124248,92.96914584409845,117.18873346661229,91.05343408602964,85.03484314502357,37.04721315311447,20.77335471914013,934,STOP,0.0,0.0
84.93154088678864,85.00570382807035,68.99999999999999,85.0,85.0,16.140504540940622,15.073624467844352,16.494482006506225,20.671113801559546,16.061065277673336,14.999436104063253,16.413300560458556,21.782808891504413,41.84050552220005,84.96065478124248,92.96914584409845,117.18873346661229,91.05343408602964,85.03484314502357,37.04721315311447,20.77335471914013,935,STOP,0.0,0.0
84.93154088678864,85.00570382807035,68.99999999999999,85.0,85.0,16.140504540940622,15.073624467844352,16.494482006506225,20.671113801559546,16.061065277673336,14.999436104063253,16.413300560458556,21.782808891504413,41.84050552220005,84.96065478124248,92.96914584409845,117.18873346661229,91.05343408602964,85.03484314502357,37.04721315311447,20.77335471914013,936,STOP,0.0,0.0
84.93154088678864,85.00570382807035,68.99999999999999,85.0,85.0,16.140504540940622,15.073624467844352,16.494482006506225,20.671113801559546,16.061065277673336,14.999436104063253,16.413300560458556,21.782808891504413,41.84050552220005,84.96065478124248,92.96914584409845,117.18873346661229,91.05343408602964,85.03484314502357,37.04721315311447,20.77335471914013,937,STOP,0.0,0.0
84.93154088678864,85.00570382807035,68.99999999999999,85.0,85.0,16.140504540940622,15.073624467844352,16.494482006506225,20.671113801559546,16.061065277673336,14.999436104063253,16.413300560458556,21.782808891504413,41.84050552220005,84.96065478124248,92.96914584409845,117.18873346661229,91.05343408602964,85.03484314502357,37.04721315311447,20.77335471914013,938,STOP,0.0,0.0
84.93154088678864,85.00570382807035,68.99999999999999,85.0,85.0,16.140504540940622,15.073624467844352,16.494482006506225,20.671113801559546,16.061065277673336,14.999436104063253,16.413300560458556,21.782808891504413,41.84050552220005,84.96065478124248,92.96914584409845,117.18873346661229,91.05343408602964,85.03484314502357,37.04721315311447,20.77335471914013,939,STOP,0.0,0.0
84.93154088678864,85.00570382807035,68.99999999999999,85.0,85.0,16.140504540940622,15.073624467844352,16.494482006506225,20.671113801559546,16.061065277673336,14.999436104063253,16.413300560458556,21.782808891504413,41.84050552220005,84.96065478124248,92.96914584409845,117.18873346661229,91.05343408602964,85.03484314502357,37.04721315311447,20.77335471914013,940,STOP,0.0,0.0
84.93154088678864,85.00570382807035,68.99999999999999,85.0,85.0,16.140504540940622,15.073624467844352,16.494482006506225,20.671113801559546,16.061065277673336,14.999436104063253,16.413300560458556,21.782808891504413,41.84050552220005,84.96065478124248,92.96914584409845,117.18873346661229,91.05343408602964,85.03484314502357,37.04721315311447,20.77335471914013,941,STOP,0.0,0.0
84.93154088678864,85.00570382807035,68.99999999999999,85.0,85.0,16.140504540940622,15.073624467844352,16.494482006506225,20.671113801559546,16.061065277673336,14.999436104063253,16.413300560458556,21.782808891504413,41.84050552220005,84.96065478124248,92.96914584409845,117.18873346661229,91.05343408602964,85.03484314502357,37.04721315311447,20.77335471914013,942,STOP,0.0,0.0
84.93154088678864,85.00570382807035,68.99999999999999,85.0,85.0,16.140504540940622,15.073624467844352,16.494482006506225,20.671113801559546,16.061065277673336,14.999436104063253,16.413300560458556,21.782808891504413,41.84050552220005,84.96065478124248,92.96914584409845,117.18873346661229,91.05343408602964,85.03484314502357,37.04721315311447,20.77335471914013,943,STOP,0.0,0.0
84.93154088678864,85.00570382807035,68.99999999999999,85.0,85.0,16.140504540940622,15.073624467844352,16.494482006506225,20.671113801559546,16.061065277673336,14.999436104063253,16.413300560458556,21.782808891504413,41.84050552220005,84.96065478124248,92.96914584409845,117.18873346661229,91.05343408602964,85.03484314502357,37.04721315311447,20.77335471914013,944,STOP,0.0,0.0
84.93154088678864,85.00570382807035,68.99999999999999,85.0,85.0,16.140504540940622,15.073624467844352,16.494482006506225,20.671113801559546,16.061065277673336,14.999436104063253,16.413300560458556,21.782808891504413,41.84050552220005,84.96065478124248,92.96914584409845,117.18873346661229,91.05343408602964,85.03484314502357,37.04721315311447,20.77335471914013,945,STOP,0.0,0.0
84.93154088678864,85.00570382807035,68.99999999999999,85.0,85.0,16.140504540940622,15.073624467844352,16.494482006506225,20.671113801559546,16.061065277673336,14.999436104063253,16.413300560458556,21.782808891504413,41.84050552220005,84.96065478124248,92.96914584409845,117.18873346661229,91.05343408602964,85.03484314502357,37.04721315311447,20.77335471914013,946,STOP,0.0,0.0
84.93154088678864,85.00570382807035,68.99999999999999,85.0,85.0,16.140504540940622,15.073624467844352,16.494482006506225,20.671113801559546,16.061065277673336,14.999436104063253,16.413300560458556,21.782808891504413,41.84050552220005,84.96065478124248,92.96914584409845,117.18873346661229,91.05343408602964,85.03484314502357,37.04721315311447,20.77335471914013,947,STOP,0.0,0.0
84.93154088678864,85.00570382807035,68.99999999999999,85.0,85.0,16.140504540940622,15.073624467844352,16.494482006506225,20.671113801559546,16.061065277673336,14.999436104063253,16.413300560458556,21.782808891504413,41.84050552220005,84.96065478124248,92.96914584409845,117.18873346661229,91.05343408602964,85.03484314502357,37.04721315311447,20.77335471914013,948,STOP,0.0,0.0
84.93154088678864,85.00570382807035,68.99999999999999,85.0,85.0,16.140504540940622,15.073624467844352,16.494482006506225,20.671113801559546,16.061065277673336,14.999436104063253,16.413300560458556,21.782808891504413,41.84050552220005,84.96065478124248,92.96914584409845,117.18873346661229,91.05343408602964,85.03484314502357,37.04721315311447,20.77335471914013,949,STOP,0.0,0.0
84.93154088678864,85.00570382807035,68.99999999999999,85.0,85.0,16.140504540940622,15.073624467844352,16.494482006506225,20.671113801559546,16.061065277673336,14.999436104063253,16.413300560458556,21.782808891504413,41.84050552220005,84.96065478124248,92.96914584409845,117.18873346661229,91.05343408602964,85.03484314502357,37.04721315311447,20.77335471914013,950,STOP,0.0,0.0
84.93154088678864,85.00570382807035,68.99999999999999,85.0,85.0,16.140504540940622,15.073624467844352,16.494482006506225,20.671113801559546,16.061065277673336,14.999436104063253,16.413300560458556,21.782808891504413,41.84050552220005,84.96065478124248,92.96914584409845,117.18873346661229,91.05343408602964,85.03484314502357,37.04721315311447,20.77335471914013,951,STOP,0.0,0.0
84.93154088678864,85.00570382807035,68.99999999999999,85.0,85.0,16.140504540940622,15.073624467844352,16.494482006506225,20.671113801559546,16.061065277673336,14.999436104063253,16.413300560458556,21.782808891504413,41.84050552220005,84.96065478124248,92.96914584409845,117.18873346661229,91.05343408602964,85.03484314502357,37.04721315311447,20.77335471914013,952,STOP,0.0,0.0
84.93154088678864,85.00570382807035,68.99999999999999,85.0,85.0,16.140504540940622,15.073624467844352,16.494482006506225,20.671113801559546,16.061065277673336,14.999436104063253,16.413300560458556,21.782808891504413,41.84050552220005,84.96065478124248,92.96914584409845,117.18873346661229,91.05343408602964,85.03484314502357,37.04721315311447,20.77335471914013,953,STOP,0.0,0.0
84.93154088678864,85.00570382807035,68.99999999999999,85.0,85.0,16.140504540940622,15.073624467844352,16.494482006506225,20.671113801559546,16.061065277673336,14.999436104063253,16.413300560458556,21.782808891504413,41.84050552220005,84.96065478124248,92.96914584409845,117.18873346661229,91.05343408602964,85.03484314502357,37.04721315311447,20.77335471914013,954,STOP,0.0,0.0
84.93154088678864,85.00570382807035,68.99999999999999,85.0,85.0,16.140504540940622,15.073624467844352,16.494482006506225,20.671113801559546,16.061065277673336,14.999436104063253,16.413300560458556,21.782808891504413,41.84050552220005,84.96065478124248,92.96914584409845,117.18873346661229,91.05343408602964,85.03484314502357,37.04721315311447,20.77335471914013,955,STOP,0.0,0.0
84.93154088678864,85.00570382807035,68.99999999999999,85.0,85.0,16.140504540940622,15.073624467844352,16.494482006506225,20.671113801559546,16.061065277673336,14.999436104063253,16.413300560458556,21.782808891504413,41.84050552220005,84.96065478124248,92.96914584409845,117.18873346661229,91.05343408602964,85.03484314502357,37.04721315311447,20.77335471914013,956,STOP,0.0,0.0
84.93154088678864,85.00570382807035,68.99999999999999,85.0,85.0,16.140504540940622,15.073624467844352,16.494482006506225,20.671113801559546,16.061065277673336,14.999436104063253,16.413300560458556,21.782808891504413,41.84050552220005,84.96065478124248,92.96914584409845,117.18873346661229,91.05343408602964,85.03484314502357,37.04721315311447,20.77335471914013,957,STOP,0.0,0.0
84.93154088678864,85.00570382807035,68.99999999999999,85.0,85.0,16.140504540940622,15.073624467844352,16.494482006506225,20.671113801559546,16.061065277673336,14.999436104063253,16.413300560458556,21.782808891504413,41.84050552220005,84.96065478124248,92.96914584409845,117.18873346661229,91.05343408602964,85.03484314502357,37.04721315311447,20.77335471914013,958,STOP,0.0,0.0
84.93154088678864,85.00570382807035,68.99999999999999,85.0,85.0,16.140504540940622,15.073624467844352,16.494482006506225,20.671113801559546,16.061065277673336,14.999436104063253,16.413300560458556,21.782808891504413,41.84050552220005,84.96065478124248,92.96914584409845,117.18873346661229,91.05343408602964,85.03484314502357,37.04721315311447,20.77335471914013,959,STOP,0.0,0.0
84.93154088678864,85.00570382807035,68.99999999999999,85.0,85.0,16.140504540940622,15.073624467844352,16.494482006506225,20.671113801559546,16.061065277673336,14.999436104063253,16.413300560458556,21.782808891504413,41.84050552220005,84.96065478124248,92.96914584409845,117.18873346661229,91.05343408602964,85.03484314502357,37.04721315311447,20.77335471914013,960,STOP,0.0,0.0
84.93154088678864,85.00570382807035,68.99999999999999,85.0,85.0,16.140504540940622,15.073624467844352,16.494482006506225,20.671113801559546,16.061065277673336,14.999436104063253,16.413300560458556,21.782808891504413,41.84050552220005,84.96065478124248,92.96914584409845,117.18873346661229,91.05343408602964,85.03484314502357,37.04721315311447,20.77335471914013,961,STOP,0.0,0.0
84.93154088678864,85.00570382807035,68.99999999999999,85.0,85.0,16.140504540940622,15.073624467844352,16.494482006506225,20.671113801559546,16.061065277673336,14.999436104063253,16.413300560458556,21.782808891504413,41.84050552220005,84.96065478124248,92.96914584409845,117.18873346661229,91.05343408602964,85.03484314502357,37.04721315311447,20.77335471914013,962,STOP,0.0,0.0
84.93154088678864,85.00570382807035,68.99999999999999,85.0,85.0,16.140504540940622,15.073624467844352,16.494482006506225,20.671113801559546,16.061065277673336,14.999436104063253,16.413300560458556,21.782808891504413,41.84050552220005,84.96065478124248,92.96914584409845,117.18873346661229,91.05343408602964,85.03484314502357,37.04721315311447,20.77335471914013,963,STOP,0.0,0.0
84.93154088678864,85.00570382807035,68.99999999999999,85.0,85.0,16.140504540940622,15.073624467844352,16.494482006506225,20.671113801559546,16.061065277673336,14.999436104063253,16.413300560458556,21.782808891504413,41.84050552220005,84.96065478124248,92.96914584409845,117.18873346661229,91.05343408602964,85.03484314502357,37.04721315311447,20.77335471914013,964,STOP,0.0,0.0
84.93154088678864,85.00570382807035,68.99999999999999,85.0,85.0,16.140504540940622,15.073624467844352,16.494482006506225,20.671113801559546,16.061065277673336,14.999436104063253,16.413300560458556,21.782808891504413,41.84050552220005,84.96065478124248,92.96914584409845,117.18873346661229,91.05343408602964,85.03484314502357,37.04721315311447,20.77335471914013,965,STOP,0.0,0.0
84.93154088678864,85.00570382807035,68.99999999999999,85.0,85.0,16.140504540940622,15.073624467844352,16.494482006506225,20.671113801559546,16.061065277673336,14.999436104063253,16.413300560458556,21.782808891504413,41.84050552220005,84.96065478124248,92.96914584409845,117.18873346661229,91.05343408602964,85.03484314502357,37.04721315311447,20.77335471914013,966,STOP,0.0,0.0
84.93154088678864,85.00570382807035,68.99999999999999,85.0,85.0,16.140504540940622,15.073624467844352,16.494482006506225,20.671113801559546,16.061065277673336,14.999436104063253,16.413300560458556,21.782808891504413,41.84050552220005,84.96065478124248,92.96914584409845,117.18873346661229,91.05343408602964,85.03484314502357,37.04721315311447,20.77335471914013,967,STOP,0.0,0.0
84.93154088678864,85.00570382807035,68.99999999999999,85.0,85.0,16.140504540940622,15.073624467844352,16.494482006506225,20.671113801559546,16.061065277673336,14.999436104063253,16.413300560458556,21.782808891504413,41.84050552220005,84.96065478124248,92.96914584409845,117.18873346661229,91.05343408602964,85.03484314502357,37.04721315311447,20.77335471914013,968,STOP,0.0,0.0
84.93154088678864,85.00570382807035,68.99999999999999,85.0,85.0,16.140504540940622,15.073624467844352,16.494482006506225,20.671113801559546,16.061065277673336,14.999436104063253,16.413300560458556,21.782808891504413,41.84050552220005,84.96065478124248,92.96914584409845,117.18873346661229,91.05343408602964,85.03484314502357,37.04721315311447,20.77335471914013,969,STOP,0.0,0.0
84.93154088678864,85.00570382807035,68.99999999999999,85.0,85.0,16.140504540940622,15.073624467844352,16.494482006506225,20.671113801559546,16.061065277673336,14.999436104063253,16.413300560458556,21.782808891504413,41.84050552220005,84.96065478124248,92.96914584409845,117.18873346661229,91.05343408602964,85.03484314502357,37.04721315311447,20.77335471914013,970,STOP,0.0,0.0
84.93154088678864,85.00570382807035,68.99999999999999,85.0,85.0,16.140504540940622,15.073624467844352,16.494482006506225,20.671113801559546,16.061065277673336,14.999436104063253,16.413300560458556,21.782808891504413,41.84050552220005,84.96065478124248,92.96914584409845,117.18873346661229,91.05343408602964,85.03484314502357,37.04721315311447,20.77335471914013,971,STOP,0.0,0.0
84.93154088678864,85.00570382807035,68.99999999999999,85.0,85.0,16.140504540940622,15.073624467844352,16.494482006506225,20.671113801559546,16.061065277673336,14.999436104063253,16.413300560458556,21.782808891504413,41.84050552220005,84.96065478124248,92.96914584409845,117.18873346661229,91.05343408602964,85.03484314502357,37.04721315311447,20.77335471914013,972,STOP,0.0,0.0
84.93154088678864,85.00570382807035,68.99999999999999,85.0,85.0,16.140504540940622,15.073624467844352,16.494482006506225,20.671113801559546,16.061065277673336,14.999436104063253,16.413300560458556,21.782808891504413,41.84050552220005,84.96065478124248,92.96914584409845,117.18873346661229,91.05343408602964,85.03484314502357,37.04721315311447,20.77335471914013,973,STOP,0.0,0.0
84.93154088678864,85.00570382807035,68.99999999999999,85.0,85.0,16.140504540940622,15.073624467844352,16.494482006506225,20.671113801559546,16.061065277673336,14.999436104063253,16.413300560458556,21.782808891504413,41.84050552220005,84.96065478124248,92.96914584409845,117.18873346661229,91.05343408602964,85.03484314502357,37.04721315311447,20.77335471914013,974,STOP,0.0,0.0
84.93154088678864,85.00570382807035,68.99999999999999,85.0,85.0,16.140504540940622,15.073624467844352,16.494482006506225,20.671113801559546,16.061065277673336,14.999436104063253,16.413300560458556,21.782808891504413,41.84050552220005,84.96065478124248,92.96914584409845,117.18873346661229,91.05343408602964,85.03484314502357,37.04721315311447,20.77335471914013,975,STOP,0.0,0.0
84.93154088678864,85.00570382807035,68.99999999999999,85.0,85.0,16.140504540940622,15.073624467844352,16.494482006506225,20.671113801559546,16.061065277673336,14.999436104063253,16.413300560458556,21.782808891504413,41.84050552220005,84.96065478124248,92.96914584409845,117.18873346661229,91.05343408602964,85.03484314502357,37.04721315311447,20.77335471914013,976,STOP,0.0,0.0
84.93154088678864,85.00570382807035,68.99999999999999,85.0,85.0,16.140504540940622,15.073624467844352,16.494482006506225,20.671113801559546,16.061065277673336,14.999436104063253,16.413300560458556,21.782808891504413,41.84050552220005,84.96065478124248,92.96914584409845,117.18873346661229,91.05343408602964,85.03484314502357,37.04721315311447,20.77335471914013,977,STOP,0.0,0.0
84.93154088678864,85.00570382807035,68.99999999999999,85.0,85.0,16.140504540940622,15.073624467844352,16.494482006506225,20.671113801559546,16.061065277673336,14.999436104063253,16.413300560458556,21.782808891504413,41.84050552220005,84.96065478124248,92.96914584409845,117.18873346661229,91.05343408602964,85.03484314502357,37.04721315311447,20.77335471914013,978,STOP,0.0,0.0
84.93154088678864,85.00570382807035,68.99999999999999,85.0,85.0,16.140504540940622,15.073624467844352,16.494482006506225,20.671113801559546,16.061065277673336,14.999436104063253,16.413300560458556,21.782808891504413,41.84050552220005,84.96065478124248,92.96914584409845,117.18873346661229,91.05343408602964,85.03484314502357,37.04721315311447,20.77335471914013,979,STOP,0.0,0.0
84.93154088678864,85.00570382807035,68.99999999999999,85.0,85.0,16.140504540940622,15.073624467844352,16.494482006506225,20.671113801559546,16.061065277673336,14.999436104063253,16.413300560458556,21.782808891504413,41.84050552220005,84.96065478124248,92.96914584409845,117.18873346661229,91.05343408602964,85.03484314502357,37.04721315311447,20.77335471914013,980,STOP,0.0,0.0
84.93154088678864,85.00570382807035,68.99999999999999,85.0,85.0,16.140504540940622,15.073624467844352,16.494482006506225,20.671113801559546,16.061065277673336,14.999436104063253,16.413300560458556,21.782808891504413,41.84050552220005,84.96065478124248,92.96914584409845,117.18873346661229,91.05343408602964,85.03484314502357,37.04721315311447,20.77335471914013,981,STOP,0.0,0.0
84.93154088678864,85.00570382807035,68.99999999999999,85.0,85.0,16.140504540940622,15.073624467844352,16.494482006506225,20.671113801559546,16.061065277673336,14.999436104063253,16.413300560458556,21.782808891504413,41.84050552220005,84.96065478124248,92.96914584409845,117.18873346661229,91.05343408602964,85.03484314502357,37.04721315311447,20.77335471914013,982,STOP,0.0,0.0
84.93154088678864,85.00570382807035,68.99999999999999,85.0,85.0,16.140504540940622,15.073624467844352,16.494482006506225,20.671113801559546,16.061065277673336,14.999436104063253,16.413300560458556,21.782808891504413,41.84050552220005,84.96065478124248,92.96914584409845,117.18873346661229,91.05343408602964,85.03484314502357,37.04721315311447,20.77335471914013,983,STOP,0.0,0.0
84.93154088678864,85.00570382807035,68.99999999999999,85.0,85.0,16.140504540940622,15.073624467844352,16.494482006506225,20.671113801559546,16.061065277673336,14.999436104063253,16.413300560458556,21.782808891504413,41.84050552220005,84.96065478124248,92.96914584409845,117.18873346661229,91.05343408602964,85.03484314502357,37.04721315311447,20.77335471914013,984,STOP,0.0,0.0
84.93154088678864,85.00570382807035,68.99999999999999,85.0,85.0,16.140504540940622,15.073624467844352,16.494482006506225,20.671113801559546,16.061065277673336,14.999436104063253,16.413300560458556,21.782808891504413,41.84050552220005,84.96065478124248,92.96914584409845,117.18873346661229,91.05343408602964,85.03484314502357,37.04721315311447,20.77335471914013,985,STOP,0.0,0.0
84.93154088678864,85.00570382807035,68.99999999999999,85.0,85.0,16.140504540940622,15.073624467844352,16.494482006506225,20.671113801559546,16.061065277673336,14.999436104063253,16.413300560458556,21.782808891504413,41.84050552220005,84.96065478124248,92.96914584409845,117.18873346661229,91.05343408602964,85.03484314502357,37.04721315311447,20.77335471914013,986,STOP,0.0,0.0
84.93154088678864,85.00570382807035,68.99999999999999,85.0,85.0,16.140504540940622,15.073624467844352,16.494482006506225,20.671113801559546,16.061065277673336,14.999436104063253,16.413300560458556,21.782808891504413,41.84050552220005,84.96065478124248,92.96914584409845,117.18873346661229,91.05343408602964,85.03484314502357,37.04721315311447,20.77335471914013,987,STOP,0.0,0.0
84.93154088678864,85.00570382807035,68.99999999999999,85.0,85.0,16.140504540940622,15.073624467844352,16.494482006506225,20.671113801559546,16.061065277673336,14.999436104063253,16.413300560458556,21.782808891504413,41.84050552220005,84.96065478124248,92.96914584409845,117.18873346661229,91.05343408602964,85.03484314502357,37.04721315311447,20.77335471914013,988,STOP,0.0,0.0
84.93154088678864,85.00570382807035,68.99999999999999,85.0,85.0,16.140504540940622,15.073624467844352,16.494482006506225,20.671113801559546,16.061065277673336,14.999436104063253,16.413300560458556,21.782808891504413,41.84050552220005,84.96065478124248,92.96914584409845,117.18873346661229,91.05343408602964,85.03484314502357,37.04721315311447,20.77335471914013,989,STOP,0.0,0.0
84.93154088678864,85.00570382807035,68.99999999999999,85.0,85.0,16.140504540940622,15.073624467844352,16.494482006506225,20.671113801559546,16.061065277673336,14.999436104063253,16.413300560458556,21.782808891504413,41.84050552220005,84.96065478124248,92.96914584409845,117.18873346661229,91.05343408602964,85.03484314502357,37.04721315311447,20.77335471914013,990,STOP,0.0,0.0
84.93154088678864,85.00570382807035,68.99999999999999,85.0,85.0,16.140504540940622,15.073624467844352,16.494482006506225,20.671113801559546,16.061065277673336,14.999436104063253,16.413300560458556,21.782808891504413,41.84050552220005,84.96065478124248,92.96914584409845,117.18873346661229,91.05343408602964,85.03484314502357,37.04721315311447,20.77335471914013,991,STOP,0.0,0.0
84.93154088678864,85.00570382807035,68.99999999999999,85.0,85.0,16.140504540940622,15.073624467844352,16.494482006506225,20.671113801559546,16.061065277673336,14.999436104063253,16.413300560458556,21.782808891504413,41.84050552220005,84.96065478124248,92.96914584409845,117.18873346661229,91.05343408602964,85.03484314502357,37.04721315311447,20.77335471914013,992,STOP,0.0,0.0
84.93154088678864,85.00570382807035,68.99999999999999,85.0,85.0,16.140504540940622,15.073624467844352,16.494482006506225,20.671113801559546,16.061065277673336,14.999436104063253,16.413300560458556,21.782808891504413,41.84050552220005,84.96065478124248,92.96914584409845,117.18873346661229,91.05343408602964,85.03484314502357,37.04721315311447,20.77335471914013,993,STOP,0.0,0.0
84.93154088678864,85.00570382807035,68.99999999999999,85.0,85.0,16.140504540940622,15.073624467844352,16.494482006506225,20.671113801559546,16.061065277673336,14.999436104063253,16.413300560458556,21.782808891504413,41.84050552220005,84.96065478124248,92.96914584409845,117.18873346661229,91.05343408602964,85.03484314502357,37.04721315311447,20.77335471914013,994,STOP,0.0,0.0
84.93154088678864,85.00570382807035,68.99999999999999,85.0,85.0,16.140504540940622,15.073624467844352,16.494482006506225,20.671113801559546,16.061065277673336,14.999436104063253,16.413300560458556,21.782808891504413,41.84050552220005,84.96065478124248,92.96914584409845,117.18873346661229,91.05343408602964,85.03484314502357,37.04721315311447,20.77335471914013,995,STOP,0.0,0.0
84.93154088678864,85.00570382807035,68.99999999999999,85.0,85.0,16.140504540940622,15.073624467844352,16.494482006506225,20.671113801559546,16.061065277673336,14.999436104063253,16.413300560458556,21.782808891504413,41.84050552220005,84.96065478124248,92.96914584409845,117.18873346661229,91.05343408602964,85.03484314502357,37.04721315311447,20.77335471914013,996,STOP,0.0,0.0
84.93154088678864,85.00570382807035,68.99999999999999,85.0,85.0,16.140504540940622,15.073624467844352,16.494482006506225,20.671113801559546,16.061065277673336,14.999436104063253,16.413300560458556,21.782808891504413,41.84050552220005,84.96065478124248,92.96914584409845,117.18873346661229,91.05343408602964,85.03484314502357,37.04721315311447,20.77335471914013,997,STOP,0.0,0.0
84.93154088678864,85.00570382807035,68.99999999999999,85.0,85.0,16.140504540940622,15.073624467844352,16.494482006506225,20.671113801559546,16.061065277673336,14.999436104063253,16.413300560458556,21.782808891504413,41.84050552220005,84.96065478124248,92.96914584409845,117.18873346661229,91.05343408602964,85.03484314502357,37.04721315311447,20.77335471914013,998,STOP,0.0,0.0
84.93154088678864,85.00570382807035,68.99999999999999,85.0,85.0,16.140504540940622,15.073624467844352,16.494482006506225,20.671113801559546,16.061065277673336,14.999436104063253,16.413300560458556,21.782808891504413,41.84050552220005,84.96065478124248,92.96914584409845,117.18873346661229,91.05343408602964,85.03484314502357,37.04721315311447,20.77335471914013,999,STOP,0.0,0.0
84.93154088678864,85.00570382807035,68.99999999999999,85.0,85.0,16.140504540940622,15.073624467844352,16.494482006506225,20.671113801559546,16.061065277673336,14.999436104063253,16.413300560458556,21.782808891504413,41.84050552220005,84.96065478124248,92.96914584409845,117.18873346661229,91.05343408602964,85.03484314502357,37.04721315311447,20.77335471914013,1000,STOP,0.0,0.0
84.93154088678864,85.00570382807035,68.99999999999999,85.0,85.0,16.140504540940622,15.073624467844352,16.494482006506225,20.671113801559546,16.061065277673336,14.999436104063253,16.413300560458556,21.782808891504413,41.84050552220005,84.96065478124248,92.96914584409845,117.18873346661229,91.05343408602964,85.03484314502357,37.04721315311447,20.77335471914013,1001,STOP,0.0,0.0
84.93154088678864,85.00570382807035,68.99999999999999,85.0,85.0,16.140504540940622,15.073624467844352,16.494482006506225,20.671113801559546,16.061065277673336,14.999436104063253,16.413300560458556,21.782808891504413,41.84050552220005,84.96065478124248,92.96914584409845,117.18873346661229,91.05343408602964,85.03484314502357,37.04721315311447,20.77335471914013,1002,STOP,0.0,0.0
84.93154088678864,85.00570382807035,68.99999999999999,85.0,85.0,16.140504540940622,15.073624467844352,16.494482006506225,20.671113801559546,16.061065277673336,14.999436104063253,16.413300560458556,21.782808891504413,41.84050552220005,84.96065478124248,92.96914584409845,117.18873346661229,91.05343408602964,85.03484314502357,37.04721315311447,20.77335471914013,1003,STOP,0.0,0.0
84.93154088678864,85.00570382807035,68.99999999999999,85.0,85.0,16.140504540940622,15.073624467844352,16.494482006506225,20.671113801559546,16.061065277673336,14.999436104063253,16.413300560458556,21.782808891504413,41.84050552220005,84.96065478124248,92.96914584409845,117.18873346661229,91.05343408602964,85.03484314502357,37.04721315311447,20.77335471914013,1004,STOP,0.0,0.0
84.93154088678864,85.00570382807035,68.99999999999999,85.0,85.0,16.140504540940622,15.073624467844352,16.494482006506225,20.671113801559546,16.061065277673336,14.999436104063253,16.413300560458556,21.782808891504413,41.84050552220005,84.96065478124248,92.96914584409845,117.18873346661229,91.05343408602964,85.03484314502357,37.04721315311447,20.77335471914013,1005,STOP,0.0,0.0
84.93154088678864,85.00570382807035,68.99999999999999,85.0,85.0,16.140504540940622,15.073624467844352,16.494482006506225,20.671113801559546,16.061065277673336,14.999436104063253,16.413300560458556,21.782808891504413,41.84050552220005,84.96065478124248,92.96914584409845,117.18873346661229,91.05343408602964,85.03484314502357,37.04721315311447,20.77335471914013,1006,STOP,0.0,0.0
84.93154088678864,85.00570382807035,68.99999999999999,85.0,85.0,16.140504540940622,15.073624467844352,16.494482006506225,20.671113801559546,16.061065277673336,14.999436104063253,16.413300560458556,21.782808891504413,41.84050552220005,84.96065478124248,92.96914584409845,117.18873346661229,91.05343408602964,85.03484314502357,37.04721315311447,20.77335471914013,1007,STOP,0.0,0.0
84.93154088678864,85.00570382807035,68.99999999999999,85.0,85.0,16.140504540940622,15.073624467844352,16.494482006506225,20.671113801559546,16.061065277673336,14.999436104063253,16.413300560458556,21.782808891504413,41.84050552220005,84.96065478124248,92.96914584409845,117.18873346661229,91.05343408602964,85.03484314502357,37.04721315311447,20.77335471914013,1008,STOP,0.0,0.0
84.93154088678864,85.00570382807035,68.99999999999999,85.0,85.0,16.140504540940622,15.073624467844352,16.494482006506225,20.671113801559546,16.061065277673336,14.999436104063253,16.413300560458556,21.782808891504413,41.84050552220005,84.96065478124248,92.96914584409845,117.18873346661229,91.05343408602964,85.03484314502357,37.04721315311447,20.77335471914013,1009,STOP,0.0,0.0
84.93154088678864,85.00570382807035,68.99999999999999,85.0,85.0,16.140504540940622,15.073624467844352,16.494482006506225,20.671113801559546,16.061065277673336,14.999436104063253,16.413300560458556,21.782808891504413,41.84050552220005,84.96065478124248,92.96914584409845,117.18873346661229,91.05343408602964,85.03484314502357,37.04721315311447,20.77335471914013,1010,STOP,0.0,0.0
84.93154088678864,85.00570382807035,68.99999999999999,85.0,85.0,16.140504540940622,15.073624467844352,16.494482006506225,20.671113801559546,16.061065277673336,14.999436104063253,16.413300560458556,21.782808891504413,41.84050552220005,84.96065478124248,92.96914584409845,117.18873346661229,91.05343408602964,85.03484314502357,37.04721315311447,20.77335471914013,1011,STOP,0.0,0.0
84.93154088678864,85.00570382807035,68.99999999999999,85.0,85.0,16.140504540940622,15.073624467844352,16.494482006506225,20.671113801559546,16.061065277673336,14.999436104063253,16.413300560458556,21.782808891504413,41.84050552220005,84.96065478124248,92.96914584409845,117.18873346661229,91.05343408602964,85.03484314502357,37.04721315311447,20.77335471914013,1012,STOP,0.0,0.0
84.93154088678864,85.00570382807035,68.99999999999999,85.0,85.0,16.140504540940622,15.073624467844352,16.494482006506225,20.671113801559546,16.061065277673336,14.999436104063253,16.413300560458556,21.782808891504413,41.84050552220005,84.96065478124248,92.96914584409845,117.18873346661229,91.05343408602964,85.03484314502357,37.04721315311447,20.77335471914013,1013,STOP,0.0,0.0
84.93154088678864,85.00570382807035,68.99999999999999,85.0,85.0,16.140504540940622,15.073624467844352,16.494482006506225,20.671113801559546,16.061065277673336,14.999436104063253,16.413300560458556,21.782808891504413,41.84050552220005,84.96065478124248,92.96914584409845,117.18873346661229,91.05343408602964,85.03484314502357,37.04721315311447,20.77335471914013,1014,STOP,0.0,0.0
84.93154088678864,85.00570382807035,68.99999999999999,85.0,85.0,16.140504540940622,15.073624467844352,16.494482006506225,20.671113801559546,16.061065277673336,14.999436104063253,16.413300560458556,21.782808891504413,41.84050552220005,84.96065478124248,92.96914584409845,117.18873346661229,91.05343408602964,85.03484314502357,37.04721315311447,20.77335471914013,1015,STOP,0.0,0.0
84.93154088678864,85.00570382807035,68.99999999999999,85.0,85.0,16.140504540940622,15.073624467844352,16.494482006506225,20.671113801559546,16.061065277673336,14.999436104063253,16.413300560458556,21.782808891504413,41.84050552220005,84.96065478124248,92.96914584409845,117.18873346661229,91.05343408602964,85.03484314502357,37.04721315311447,20.77335471914013,1016,STOP,0.0,0.0
84.93154088678864,85.00570382807035,68.99999999999999,85.0,85.0,16.140504540940622,15.073624467844352,16.494482006506225,20.671113801559546,16.061065277673336,14.999436104063253,16.413300560458556,21.782808891504413,41.84050552220005,84.96065478124248,92.96914584409845,117.18873346661229,91.05343408602964,85.03484314502357,37.04721315311447,20.77335471914013,1017,STOP,0.0,0.0
84.93154088678864,85.00570382807035,68.99999999999999,85.0,85.0,16.140504540940622,15.073624467844352,16.494482006506225,20.671113801559546,16.061065277673336,14.999436104063253,16.413300560458556,21.782808891504413,41.84050552220005,84.96065478124248,92.96914584409845,117.18873346661229,91.05343408602964,85.03484314502357,37.04721315311447,20.77335471914013,1018,STOP,0.0,0.0
84.93154088678864,85.00570382807035,68.99999999999999,85.0,85.0,16.140504540940622,15.073624467844352,16.494482006506225,20.671113801559546,16.061065277673336,14.999436104063253,16.413300560458556,21.782808891504413,41.84050552220005,84.96065478124248,92.96914584409845,117.18873346661229,91.05343408602964,85.03484314502357,37.04721315311447,20.77335471914013,1019,STOP,0.0,0.0
84.93154088678864,85.00570382807035,68.99999999999999,85.0,85.0,16.140504540940622,15.073624467844352,16.494482006506225,20.671113801559546,16.061065277673336,14.999436104063253,16.413300560458556,21.782808891504413,41.84050552220005,84.96065478124248,92.96914584409845,117.18873346661229,91.05343408602964,85.03484314502357,37.04721315311447,20.77335471914013,1020,STOP,0.0,0.0
84.93154088678864,85.00570382807035,68.99999999999999,85.0,85.0,16.140504540940622,15.073624467844352,16.494482006506225,20.671113801559546,16.061065277673336,14.999436104063253,16.413300560458556,21.782808891504413,41.84050552220005,84.96065478124248,92.96914584409845,117.18873346661229,91.05343408602964,85.03484314502357,37.04721315311447,20.77335471914013,1021,STOP,0.0,0.0
84.93154088678864,85.00570382807035,68.99999999999999,85.0,85.0,16.140504540940622,15.073624467844352,16.494482006506225,20.671113801559546,16.061065277673336,14.999436104063253,16.413300560458556,21.782808891504413,41.84050552220005,84.96065478124248,92.96914584409845,117.18873346661229,91.05343408602964,85.03484314502357,37.04721315311447,20.77335471914013,1022,STOP,0.0,0.0
84.93154088678864,85.00570382807035,68.99999999999999,85.0,85.0,16.140504540940622,15.073624467844352,16.494482006506225,20.671113801559546,16.061065277673336,14.999436104063253,16.413300560458556,21.782808891504413,41.84050552220005,84.96065478124248,92.96914584409845,117.18873346661229,91.05343408602964,85.03484314502357,37.04721315311447,20.77335471914013,1023,STOP,0.0,0.0
84.93154088678864,85.00570382807035,68.99999999999999,85.0,85.0,16.140504540940622,15.073624467844352,16.494482006506225,20.671113801559546,16.061065277673336,14.999436104063253,16.413300560458556,21.782808891504413,41.84050552220005,84.96065478124248,92.96914584409845,117.18873346661229,91.05343408602964,85.03484314502357,37.04721315311447,20.77335471914013,1024,STOP,0.0,0.0
84.93154088678864,85.00570382807035,68.99999999999999,85.0,85.0,16.140504540940622,15.073624467844352,16.494482006506225,20.671113801559546,16.061065277673336,14.999436104063253,16.413300560458556,21.782808891504413,41.84050552220005,84.96065478124248,92.96914584409845,117.18873346661229,91.05343408602964,85.03484314502357,37.04721315311447,20.77335471914013,1025,STOP,0.0,0.0
84.93154088678864,85.00570382807035,68.99999999999999,85.0,85.0,16.140504540940622,15.073624467844352,16.494482006506225,20.671113801559546,16.061065277673336,14.999436104063253,16.413300560458556,21.782808891504413,41.84050552220005,84.96065478124248,92.96914584409845,117.18873346661229,91.05343408602964,85.03484314502357,37.04721315311447,20.77335471914013,1026,STOP,0.0,0.0
84.93154088678864,85.00570382807035,68.99999999999999,85.0,85.0,16.140504540940622,15.073624467844352,16.494482006506225,20.671113801559546,16.061065277673336,14.999436104063253,16.413300560458556,21.782808891504413,41.84050552220005,84.96065478124248,92.96914584409845,117.18873346661229,91.05343408602964,85.03484314502357,37.04721315311447,20.77335471914013,1027,STOP,0.0,0.0
84.93154088678864,85.00570382807035,68.99999999999999,85.0,85.0,16.140504540940622,15.073624467844352,16.494482006506225,20.671113801559546,16.061065277673336,14.999436104063253,16.413300560458556,21.782808891504413,41.84050552220005,84.96065478124248,92.96914584409845,117.18873346661229,91.05343408602964,85.03484314502357,37.04721315311447,20.77335471914013,1028,LEFT,-0.9335804264971949,0.35836794954529816
84.93154088678864,85.00570382807035,71.99999999999997,85.0,85.0,15.843915535020622,15.11505377961977,16.911727023477713,19.718803968216864,15.765936003824505,15.040661511803545,16.82849200861711,23.08775307044491,48.522561687129226,85.19416606866281,95.32089673995837,111.78989602086185,89.38028642000228,85.26855833647905,33.191133122512824,19.816334688170123,1029,LEFT,-0.9510565162951465,0.3090169943749457
84.93154088678864,85.00570382807035,74.99999999999997,85.0,85.0,15.60001679539099,15.198484252902917,17.39955785057092,18.899896692217045,15.52323766881288,15.123681362524376,17.31392186234514,24.630824913374834,57.9335116779765,85.66441180511237,98.07049598735424,107.14734470880958,88.0043803721955,85.73921469549093,30.13691822642277,18.993377033844535,1030,LEFT,-0.9659258262890611,0.25881904510251935
84.93154088678864,85.00570382807035,77.99999999999999,85.0,85.0,15.4050974534999,15.325078977275552,17.96707752619256,18.194175089862092,15.329277667993011,15.24965302139047,17.878648357319477,26.472689024996598,72.11858127339531,86.37794760385103,101.26925175740219,103.14646591950279,86.90478181850999,82.6867268196874,27.666873184724356,18.284164878204727,1031,LEFT,-0.9781476007337983,0.2079116908177583
84.93154088678864,85.00570382807035,80.99999999999997,85.0,85.0,15.256289351488947,15.496632297149553,18.625639780105463,17.58572584167254,15.181201959815349,15.420362001528538,18.533969343269945,28.69729638411765,85.9902232273114,87.34488706937132,104.9811579698735,99.69704381972853,86.06531061898501,64.5481189444927,25.635993850545862,17.672706193270088,1032,LEFT,-0.9876883405951302,0.1564344650402302
84.93154088678864,85.00570382807035,83.99999999999997,85.0,85.0,15.15146039859836,15.715633048878384,19.389483907194805,17.061907370592102,15.076888947102814,15.638284889902573,19.29405403306577,31.424124255356183,85.39936755775331,88.57925822570184,109.28647268212191,96.72741074714104,85.47393900924887,53.05508802321853,23.944018543677036,17.146296875772634,1033,LEFT,-0.9945218953682657,0.1045284632676532
84.93154088678864,85.00570382807035,86.99999999999999,85.0,85.0,15.089138252770235,15.98535525499998,20.2766117674727,16.61260872730735,15.014873534272862,15.906679595183867,20.176815686360143,34.82905849139245,85.04809634702191,90.09951470349972,114.28666119316487,94.18024568093944,85.12236106551929,45.14125068550093,22.519458787288094,16.694775966866466,1034,LEFT,-0.9986295347545663,0.05233595624294395
84.93154088678864,85.00570382807035,89.99999999999997,85.0,85.0,15.068459113211375,16.309982614564852,21.205137004581918,16.22970922537079,14.994296171929662,16.229709225370776,21.20513700458188,39.18198412526181,84.93154088678865,91.92923741467459,120.11133699534147,92.00951080386874,85.00570382807037,39.375781230151745,21.310019241968018,16.309982614564852,1035,LEFT,-0.9999999999999925,5.122511733350149e-16
84.93154088678864,85.00570382807035,92.99999999999997,85.0,85.0,15.089138252770235,16.694775966866445,20.176815686360143,15.906679595183881,15.014873534272859,16.61260872730734,22.408624010673527,44.91907747596305,85.0480963470219,94.09807844138018,114.38645727427757,90.1781903633159,85.12236106551929,35.0013256915449,20.27661176747269,15.985355254999993,1036,LEFT,-0.9986295347545663,-0.052335956242942926
84.93154088678864,85.00570382807035,95.99999999999999,85.0,85.0,15.151460398598356,17.14629687577262,19.294054033065805,15.638284889902598,15.07688894710281,17.061907370592102,23.826172463466566,52.79396501467465,85.39936755775331,96.6430212419604,109.38190255625103,88.6566063846777,85.47393900924885,31.57955038908443,19.38948390719482,15.715633048878384,1037,LEFT,-0.9945218953682659,-0.10452846326765218
84.93154088678864,85.00570382807035,98.99999999999997,85.0,85.0,15.25628935148893,17.672706193270088,18.53396934326993,15.420362001528543,15.181201959815327,17.585725841672506,25.50982031864371,64.23043029967769,85.9902232273114,99.61006346813083,105.07282840670912,87.42115736499238,86.06531061898497,28.8392354176192,18.62563978010548,15.496632297149556,1038,LEFT,-0.9876883405951303,-0.15643446504022918
84.93154088678864,85.00570382807035,101.99999999999997,85.0,85.0,15.405097453499891,18.284164878204717,17.87864835731949,15.249653021390486,15.329277667993006,18.194175089862075,27.530704205797374,82.27976477931982,86.82896203300307,103.05647613116,101.35768092627534,86.45337355973615,72.47528531918567,26.60362497952342,17.967077526192575,15.325078977275558,1039,LEFT,-0.9781476007337983,-0.20791169081775726
84.93154088678864,85.00570382807035,104.99999999999999,85.0,85.0,15.600016795390987,18.99337703384451,17.313921862345126,15.123681362524382,15.523237668812872,18.899896692217055,29.98859234385927,85.6644118051124,87.92760124561734,107.05386436718193,98.1561319755801,85.73921469549094,58.22005527932717,24.75265086644558,17.399557850570936,15.19848425290292,1040,LEFT,-0.965925826289061,-0.2588190451025183
84.93154088678864,85.00570382807035,107.99999999999997,85.0,85.0,15.843915535020601,19.816334688170095,16.828492008617133,15.040661511803545,15.765936003824487,19.71880396821688,33.02777520792133,85.19416606866282,89.30230688880613,111.69236530090838,95.40413175481902,85.26855833647906,48.762558006528316,23.20194687158483,16.911727023477734,15.115053779619775,1041,LEFT,-0.9510565162951463,-0.30901699437494456
84.93154088678864,85.00570382807035,110.99999999999997,85.0,85.0,16.140504540940633,20.77335471914008,16.41330056045855,14.999436104063237,16.06106527767332,20.671113801559546,36.86487663993245,84.96065478124248,90.97399482276228,117.08649254903149,93.05032729014617,85.03484314502357,42.047451878245134,21.890548338441302,16.49448200650623,15.073624467844352,1042,LEFT,-0.9335804264971945,-0.35836794954529705
84.93154088678864,85.00570382807035,113.99999999999999,85.0,85.0,16.494482006506225,20.671113801559557,16.06106527767333,14.99943610406324,16.413300560458545,21.782808891504413,41.84050552219997,84.96065478124248,92.96914584409848,117.18873346661212,91.05343408602963,85.03484314502357,37.047213153114456,20.773354719140098,16.140504540940633,15.073624467844352,1043,LEFT,-0.9135454576425938,-0.4067366430757966
84.93154088678864,85.00570382807035,117.0,85.0,85.0,16.91172702347772,19.71880396821688,15.765936003824514,15.040661511803544,16.8284920086171,23.087753070444933,48.52256168712908,85.19416606866281,95.32089673995839,111.78989602086172,89.38028642000226,85.26855833647903,33.191133122512795,19.816334688170116,15.843915535020628,15.11505377961977,1044,STOP,0.0,0.0
84.93154088678864,85.00570382807035,117.0,85.0,85.0,16.91172702347772,19.71880396821688,15.765936003824514,15.040661511803544,16.8284920086171,23.087753070444933,48.52256168712908,85.19416606866281,95.32089673995839,111.78989602086172,89.38028642000226,85.26855833647903,33.191133122512795,19.816334688170116,15.843915535020628,15.11505377961977,1045,STOP,0.0,0.0
84.93154088678864,85.00570382807035,117.0,85.0,85.0,16.91172702347772,19.71880396821688,15.765936003824514,15.040661511803544,16.8284920086171,23.087753070444933,48.52256168712908,85.19416606866281,95.32089673995839,111.78989602086172,89.38028642000226,85.26855833647903,33.191133122512795,19.816334688170116,15.843915535020628,15.11505377961977,1046,STOP,0.0,0.0
84.93154088678864,85.00570382807035,117.0,85.0,85.0,16.91172702347772,19.71880396821688,15.765936003824514,15.040661511803544,16.8284920086171,23.087753070444933,48.52256168712908,85.19416606866281,95.32089673995839,111.78989602086172,89.38028642000226,85.26855833647903,33.191133122512795,19.816334688170116,15.843915535020628,15.11505377961977,1047,STOP,0.0,0.0
84.93154088678864,85.00570382807035,117.0,85.0,85.0,16.91172702347772,19.71880396821688,15.765936003824514,15.040661511803544,16.8284920086171,23.087753070444933,48.52256168712908,85.19416606866281,95.32089673995839,111.78989602086172,89.38028642000226,85.26855833647903,33.191133122512795,19.816334688170116,15.843915535020628,15.11505377961977,1048,STOP,0.0,0.0
84.93154088678864,85.00570382807035,117.0,85.0,85.0,16.91172702347772,19.71880396821688,15.765936003824514,15.040661511803544,16.8284920086171,23.087753070444933,48.52256168712908,85.19416606866281,95.32089673995839,111.78989602086172,89.38028642000226,85.26855833647903,33.191133122512795,19.816334688170116,15.843915535020628,15.11505377961977,1049,STOP,0.0,0.0
84.93154088678864,85.00570382807035,117.0,85.0,85.0,16.91172702347772,19.71880396821688,15.765936003824514,15.040661511803544,16.8284920086171,23.087753070444933,48.52256168712908,85.19416606866281,95.32089673995839,111.78989602086172,89.38028642000226,85.26855833647903,33.191133122512795,19.816334688170116,15.843915535020628,15.11505377961977,1050,STOP,0.0,0.0
84.93154088678864,85.00570382807035,117.0,85.0,85.0,16.91172702347772,19.71880396821688,15.765936003824514,15.040661511803544,16.8284920086171,23.087753070444933,48.52256168712908,85.19416606866281,95.32089673995839,111.78989602086172,89.38028642000226,85.26855833647903,33.191133122512795,19.816334688170116,15.843915535020628,15.11505377961977,1051,STOP,0.0,0.0
84.93154088678864,85.00570382807035,117.0,85.0,85.0,16.91172702347772,19.71880396821688,15.765936003824514,15.040661511803544,16.8284920086171,23.087753070444933,48.52256168712908,85.19416606866281,95.32089673995839,111.78989602086172,89.38028642000226,85.26855833647903,33.191133122512795,19.816334688170116,15.843915535020628,15.11505377961977,1052,STOP,0.0,0.0
84.93154088678864,85.00570382807035,117.0,85.0,85.0,16.91172702347772,19.71880396821688,15.765936003824514,15.040661511803544,16.8284920086171,23.087753070444933,48.52256168712908,85.19416606866281,95.32089673995839,111.78989602086172,89.38028642000226,85.26855833647903,33.191133122512795,19.816334688170116,15.843915535020628,15.11505377961977,1053,STOP,0.0,0.0
84.93154088678864,85.00570382807035,117.0,85.0,85.0,16.91172702347772,19.71880396821688,15.765936003824514,15.040661511803544,16.8284920086171,23.087753070444933,48.52256168712908,85.19416606866281,95.32089673995839,111.78989602086172,89.38028642000226,85.26855833647903,33.191133122512795,19.816334688170116,15.843915535020628,15.11505377961977,1054,STOP,0.0,0.0
84.93154088678864,85.00570382807035,117.0,85.0,85.0,16.91172702347772,19.71880396821688,15.765936003824514,15.040661511803544,16.8284920086171,23.087753070444933,48.52256168712908,85.19416606866281,95.32089673995839,111.78989602086172,89.38028642000226,85.26855833647903,33.191133122512795,19.816334688170116,15.843915535020628,15.11505377961977,1055,STOP,0.0,0.0
84.93154088678864,85.00570382807035,117.0,85.0,85.0,16.91172702347772,19.71880396821688,15.765936003824514,15.040661511803544,16.8284920086171,23.087753070444933,48.52256168712908,85.19416606866281,95.32089673995839,111.78989602086172,89.38028642000226,85.26855833647903,33.191133122512795,19.816334688170116,15.843915535020628,15.11505377961977,1056,STOP,0.0,0.0
84.93154088678864,85.00570382807035,117.0,85.0,85.0,16.91172702347772,19.71880396821688,15.765936003824514,15.040661511803544,16.8284920086171,23.087753070444933,48.52256168712908,85.19416606866281,95.32089673995839,111.78989602086172,89.38028642000226,85.26855833647903,33.191133122512795,19.816334688170116,15.843915535020628,15.11505377961977,1057,STOP,0.0,0.0
84.93154088678864,85.00570382807035,117.0,85.0,85.0,16.91172702347772,19.71880396821688,15.765936003824514,15.040661511803544,16.8284920086171,23.087753070444933,48.52256168712908,85.19416606866281,95.32089673995839,111.78989602086172,89.38028642000226,85.26855833647903,33.191133122512795,19.816334688170116,15.843915535020628,15.11505377961977,1058,STOP,0.0,0.0
84.93154088678864,85.00570382807035,117.0,85.0,85.0,16.91172702347772,19.71880396821688,15.765936003824514,15.040661511803544,16.8284920086171,23.087753070444933,48.52256168712908,85.19416606866281,95.32089673995839,111.78989602086172,89.38028642000226,85.26855833647903,33.191133122512795,19.816334688170116,15.843915535020628,15.11505377961977,1059,STOP,0.0,0.0
84.93154088678864,85.00570382807035,117.0,85.0,85.0,16.91172702347772,19.71880396821688,15.765936003824514,15.040661511803544,16.8284920086171,23.087753070444933,48.52256168712908,85.19416606866281,95.32089673995839,111.78989602086172,89.38028642000226,85.26855833647903,33.191133122512795,19.816334688170116,15.843915535020628,15.11505377961977,1060,STOP,0.0,0.0
84.93154088678864,85.00570382807035,117.0,85.0,85.0,16.91172702347772,19.71880396821688,15.765936003824514,15.040661511803544,16.8284920086171,23.087753070444933,48.52256168712908,85.19416606866281,95.32089673995839,111.78989602086172,89.38028642000226,85.26855833647903,33.191133122512795,19.816334688170116,15.843915535020628,15.11505377961977,1061,STOP,0.0,0.0
84.93154088678864,85.00570382807035,117.0,85.0,85.0,16.91172702347772,19.71880396821688,15.765936003824514,15.040661511803544,16.8284920086171,23.087753070444933,48.52256168712908,85.19416606866281,95.32089673995839,111.78989602086172,89.38028642000226,85.26855833647903,33.191133122512795,19.816334688170116,15.843915535020628,15.11505377961977,1062,STOP,0.0,0.0
84.93154088678864,85.00570382807035,117.0,85.0,85.0,16.91172702347772,19.71880396821688,15.765936003824514,15.040661511803544,16.8284920086171,23.087753070444933,48.52256168712908,85.19416606866281,95.32089673995839,111.78989602086172,89.38028642000226,85.26855833647903,33.191133122512795,19.816334688170116,15.843915535020628,15.11505377961977,1063,STOP,0.0,0.0
84.93154088678864,85.00570382807035,117.0,85.0,85.0,16.91172702347772,19.71880396821688,15.765936003824514,15.040661511803544,16.8284920086171,23.087753070444933,48.52256168712908,85.19416606866281,95.32089673995839,111.78989602086172,89.38028642000226,85.26855833647903,33.191133122512795,19.816334688170116,15.843915535020628,15.11505377961977,1064,STOP,0.0,0.0
84.93154088678864,85.00570382807035,117.0,85.0,85.0,16.91172702347772,19.71880396821688,15.765936003824514,15.040661511803544,16.8284920086171,23.087753070444933,48.52256168712908,85.19416606866281,95.32089673995839,111.78989602086172,89.38028642000226,85.26855833647903,33.191133122512795,19.816334688170116,15.843915535020628,15.11505377961977,1065,STOP,0.0,0.0
84.93154088678864,85.00570382807035,117.0,85.0,85.0,16.91172702347772,19.71880396821688,15.765936003824514,15.040661511803544,16.8284920086171,23.087753070444933,48.52256168712908,85.19416606866281,95.32089673995839,111.78989602086172,89.38028642000226,85.26855833647903,33.191133122512795,19.816334688170116,15.843915535020628,15.11505377961977,1066,STOP,0.0,0.0
84.93154088678864,85.00570382807035,117.0,85.0,85.0,16.91172702347772,19.71880396821688,15.765936003824514,15.040661511803544,16.8284920086171,23.087753070444933,48.52256168712908,85.19416606866281,95.32089673995839,111.78989602086172,89.38028642000226,85.26855833647903,33.191133122512795,19.816334688170116,15.843915535020628,15.11505377961977,1067,STOP,0.0,0.0
84.93154088678864,85.00570382807035,117.0,85.0,85.0,16.91172702347772,19.71880396821688,15.765936003824514,15.040661511803544,16.8284920086171,23.087753070444933,48.52256168712908,85.19416606866281,95.32089673995839,111.78989602086172,89.38028642000226,85.26855833647903,33.191133122512795,19.816334688170116,15.843915535020628,15.11505377961977,1068,STOP,0.0,0.0
84.93154088678864,85.00570382807035,117.0,85.0,85.0,16.91172702347772,19.71880396821688,15.765936003824514,15.040661511803544,16.8284920086171,23.087753070444933,48.52256168712908,85.19416606866281,95.32089673995839,111.78989602086172,89.38028642000226,85.26855833647903,33.191133122512795,19.816334688170116,15.843915535020628,15.11505377961977,1069,STOP,0.0,0.0
84.93154088678864,85.00570382807035,117.0,85.0,85.0,16.91172702347772,19.71880396821688,15.765936003824514,15.040661511803544,16.8284920086171,23.087753070444933,48.52256168712908,85.19416606866281,95.32089673995839,111.78989602086172,89.38028642000226,85.26855833647903,33.191133122512795,19.816334688170116,15.843915535020628,15.11505377961977,1070,STOP,0.0,0.0
84.93154088678864,85.00570382807035,117.0,85.0,85.0,16.91172702347772,19.71880396821688,15.765936003824514,15.040661511803544,16.8284920086171,23.087753070444933,48.52256168712908,85.19416606866281,95.32089673995839,111.78989602086172,89.38028642000226,85.26855833647903,33.191133122512795,19.816334688170116,15.843915535020628,15.11505377961977,1071,STOP,0.0,0.0
84.93154088678864,85.00570382807035,117.0,85.0,85.0,16.91172702347772,19.71880396821688,15.765936003824514,15.040661511803544,16.8284920086171,23.087753070444933,48.52256168712908,85.19416606866281,95.32089673995839,111.78989602086172,89.38028642000226,85.26855833647903,33.191133122512795,19.816334688170116,15.843915535020628,15.11505377961977,1072,STOP,0.0,0.0
84.93154088678864,85.00570382807035,117.0,85.0,85.0,16.91172702347772,19.71880396821688,15.765936003824514,15.040661511803544,16.8284920086171,23.087753070444933,48.52256168712908,85.19416606866281,95.32089673995839,111.78989602086172,89.38028642000226,85.26855833647903,33.191133122512795,19.816334688170116,15.843915535020628,15.11505377961977,1073,STOP,0.0,0.0
84.93154088678864,85.00570382807035,117.0,85.0,85.0,16.91172702347772,19.71880396821688,15.765936003824514,15.040661511803544,16.8284920086171,23.087753070444933,48.52256168712908,85.19416606866281,95.32089673995839,111.78989602086172,89.38028642000226,85.26855833647903,33.191133122512795,19.816334688170116,15.843915535020628,15.11505377961977,1074,STOP,0.0,0.0
84.93154088678864,85.00570382807035,117.0,85.0,85.0,16.91172702347772,19.71880396821688,15.765936003824514,15.040661511803544,16.8284920086171,23.087753070444933,48.52256168712908,85.19416606866281,95.32089673995839,111.78989602086172,89.38028642000226,85.26855833647903,33.191133122512795,19.816334688170116,15.843915535020628,15.11505377961977,1075,STOP,0.0,0.0
84.93154088678864,85.00570382807035,117.0,85.0,85.0,16.91172702347772,19.71880396821688,15.765936003824514,15.040661511803544,16.8284920086171,23.087753070444933,48.52256168712908,85.19416606866281,95.32089673995839,111.78989602086172,89.38028642000226,85.26855833647903,33.191133122512795,19.816334688170116,15.843915535020628,15.11505377961977,1076,STOP,0.0,0.0
84.93154088678864,85.00570382807035,117.0,85.0,85.0,16.91172702347772,19.71880396821688,15.765936003824514,15.040661511803544,16.8284920086171,23.087753070444933,48.52256168712908,85.19416606866281,95.32089673995839,111.78989602086172,89.38028642000226,85.26855833647903,33.191133122512795,19.816334688170116,15.843915535020628,15.11505377961977,1077,STOP,0.0,0.0
84.93154088678864,85.00570382807035,117.0,85.0,85.0,16.91172702347772,19.71880396821688,15.765936003824514,15.040661511803544,16.8284920086171,23.087753070444933,48.52256168712908,85.19416606866281,95.32089673995839,111.78989602086172,89.38028642000226,85.26855833647903,33.191133122512795,19.816334688170116,15.843915535020628,15.11505377961977,1078,STOP,0.0,0.0
84.93154088678864,85.00570382807035,117.0,85.0,85.0,16.91172702347772,19.71880396821688,15.765936003824514,15.040661511803544,16.8284920086171,23.087753070444933,48.52256168712908,85.19416606866281,95.32089673995839,111.78989602086172,89.38028642000226,85.26855833647903,33.191133122512795,19.816334688170116,15.843915535020628,15.11505377961977,1079,STOP,0.0,0.0
84.93154088678864,85.00570382807035,117.0,85.0,85.0,16.91172702347772,19.71880396821688,15.765936003824514,15.040661511803544,16.8284920086171,23.087753070444933,48.52256168712908,85.19416606866281,95.32089673995839,111.78989602086172,89.38028642000226,85.26855833647903,33.191133122512795,19.816334688170116,15.843915535020628,15.11505377961977,1080,STOP,0.0,0.0
84.93154088678864,85.00570382807035,117.0,85.0,85.0,16.91172702347772,19.71880396821688,15.765936003824514,15.040661511803544,16.8284920086171,23.087753070444933,48.52256168712908,85.19416606866281,95.32089673995839,111.78989602086172,89.38028642000226,85.26855833647903,33.191133122512795,19.816334688170116,15.843915535020628,15.11505377961977,1081,STOP,0.0,0.0
84.93154088678864,85.00570382807035,117.0,85.0,85.0,16.91172702347772,19.71880396821688,15.765936003824514,15.040661511803544,16.8284920086171,23.087753070444933,48.52256168712908,85.19416606866281,95.32089673995839,111.78989602086172,89.38028642000226,85.26855833647903,33.191133122512795,19.816334688170116,15.843915535020628,15.11505377961977,1082,STOP,0.0,0.0
84.93154088678864,85.00570382807035,117.0,85.0,85.0,16.91172702347772,19.71880396821688,15.765936003824514,15.040661511803544,16.8284920086171,23.087753070444933,48.52256168712908,85.19416606866281,95.32089673995839,111.78989602086172,89.38028642000226,85.26855833647903,33.191133122512795,19.816334688170116,15.843915535020628,15.11505377961977,1083,STOP,0.0,0.0
84.93154088678864,85.00570382807035,117.0,85.0,85.0,16.91172702347772,19.71880396821688,15.765936003824514,15.040661511803544,16.8284920086171,23.087753070444933,48.52256168712908,85.19416606866281,95.32089673995839,111.78989602086172,89.38028642000226,85.26855833647903,33.191133122512795,19.816334688170116,15.843915535020628,15.11505377961977,1084,STOP,0.0,0.0
84.93154088678864,85.00570382807035,117.0,85.0,85.0,16.91172702347772,19.71880396821688,15.765936003824514,15.040661511803544,16.8284920086171,23.087753070444933,48.52256168712908,85.19416606866281,95.32089673995839,111.78989602086172,89.38028642000226,85.26855833647903,33.191133122512795,19.816334688170116,15.843915535020628,15.11505377961977,1085,STOP,0.0,0.0
84.93154088678864,85.00570382807035,117.0,85.0,85.0,16.91172702347772,19.71880396821688,15.765936003824514,15.040661511803544,16.8284920086171,23.087753070444933,48.52256168712908,85.19416606866281,95.32089673995839,111.78989602086172,89.38028642000226,85.26855833647903,33.191133122512795,19.816334688170116,15.843915535020628,15.11505377961977,1086,STOP,0.0,0.0
84.93154088678864,85.00570382807035,117.0,85.0,85.0,16.91172702347772,19.71880396821688,15.765936003824514,15.040661511803544,16.8284920086171,23.087753070444933,48.52256168712908,85.19416606866281,95.32089673995839,111.78989602086172,89.38028642000226,85.26855833647903,33.191133122512795,19.816334688170116,15.843915535020628,15.11505377961977,1087,STOP,0.0,0.0
84.93154088678864,85.00570382807035,117.0,85.0,85.0,16.91172702347772,19.71880396821688,15.765936003824514,15.040661511803544,16.8284920086171,23.087753070444933,48.52256168712908,85.19416606866281,95.32089673995839,111.78989602086172,89.38028642000226,85.26855833647903,33.191133122512795,19.816334688170116,15.843915535020628,15.11505377961977,1088,STOP,0.0,0.0
84.93154088678864,85.00570382807035,117.0,85.0,85.0,16.91172702347772,19.71880396821688,15.765936003824514,15.040661511803544,16.8284920086171,23.087753070444933,48.52256168712908,85.19416606866281,95.32089673995839,111.78989602086172,89.38028642000226,85.26855833647903,33.191133122512795,19.816334688170116,15.843915535020628,15.11505377961977,1089,STOP,0.0,0.0
84.93154088678864,85.00570382807035,117.0,85.0,85.0,16.91172702347772,19.71880396821688,15.765936003824514,15.040661511803544,16.8284920086171,23.087753070444933,48.52256168712908,85.19416606866281,95.32089673995839,111.78989602086172,89.38028642000226,85.26855833647903,33.191133122512795,19.816334688170116,15.843915535020628,15.11505377961977,1090,STOP,0.0,0.0
84.93154088678864,85.00570382807035,117.0,85.0,85.0,16.91172702347772,19.71880396821688,15.765936003824514,15.040661511803544,16.8284920086171,23.087753070444933,48.52256168712908,85.19416606866281,95.32089673995839,111.78989602086172,89.38028642000226,85.26855833647903,33.191133122512795,19.816334688170116,15.843915535020628,15.11505377961977,1091,STOP,0.0,0.0
84.93154088678864,85.00570382807035,117.0,85.0,85.0,16.91172702347772,19.71880396821688,15.765936003824514,15.040661511803544,16.8284920086171,23.087753070444933,48.52256168712908,85.19416606866281,95.32089673995839,111.78989602086172,89.38028642000226,85.26855833647903,33.191133122512795,19.816334688170116,15.843915535020628,15.11505377961977,1092,STOP,0.0,0.0
84.93154088678864,85.00570382807035,117.0,85.0,85.0,16.91172702347772,19.71880396821688,15.765936003824514,15.040661511803544,16.8284920086171,23.087753070444933,48.52256168712908,85.19416606866281,95.32089673995839,111.78989602086172,89.38028642000226,85.26855833647903,33.191133122512795,19.816334688170116,15.843915535020628,15.11505377961977,1093,STOP,0.0,0.0
84.93154088678864,85.00570382807035,117.0,85.0,85.0,16.91172702347772,19.71880396821688,15.765936003824514,15.040661511803544,16.8284920086171,23.087753070444933,48.52256168712908,85.19416606866281,95.32089673995839,111.78989602086172,89.38028642000226,85.26855833647903,33.191133122512795,19.816334688170116,15.843915535020628,15.11505377961977,1094,STOP,0.0,0.0
84.93154088678864,85.00570382807035,117.0,85.0,85.0,16.91172702347772,19.71880396821688,15.765936003824514,15.040661511803544,16.8284920086171,23.087753070444933,48.52256168712908,85.19416606866281,95.32089673995839,111.78989602086172,89.38028642000226,85.26855833647903,33.191133122512795,19.816334688170116,15.843915535020628,15.11505377961977,1095,STOP,0.0,0.0
84.93154088678864,85.00570382807035,117.0,85.0,85.0,16.91172702347772,19.71880396821688,15.765936003824514,15.040661511803544,16.8284920086171,23.087753070444933,48.52256168712908,85.19416606866281,95.32089673995839,111.78989602086172,89.38028642000226,85.26855833647903,33.191133122512795,19.816334688170116,15.843915535020628,15.11505377961977,1096,STOP,0.0,0.0
84.93154088678864,85.00570382807035,117.0,85.0,85.0,16.91172702347772,19.71880396821688,15.765936003824514,15.040661511803544,16.8284920086171,23.087753070444933,48.52256168712908,85.19416606866281,95.32089673995839,111.78989602086172,89.38028642000226,85.26855833647903,33.191133122512795,19.816334688170116,15.843915535020628,15.11505377961977,1097,STOP,0.0,0.0
84.93154088678864,85.00570382807035,117.0,85.0,85.0,16.91172702347772,19.71880396821688,15.765936003824514,15.040661511803544,16.8284920086171,23.087753070444933,48.52256168712908,85.19416606866281,95.32089673995839,111.78989602086172,89.38028642000226,85.26855833647903,33.191133122512795,19.816334688170116,15.843915535020628,15.11505377961977,1098,STOP,0.0,0.0
84.93154088678864,85.00570382807035,117.0,85.0,85.0,16.91172702347772,19.71880396821688,15.765936003824514,15.040661511803544,16.8284920086171,23.087753070444933,48.52256168712908,85.19416606866281,95.32089673995839,111.78989602086172,89.38028642000226,85.26855833647903,33.191133122512795,19.816334688170116,15.843915535020628,15.11505377961977,1099,STOP,0.0,0.0
84.93154088678864,85.00570382807035,117.0,85.0,85.0,16.91172702347772,19.71880396821688,15.765936003824514,15.040661511803544,16.8284920086171,23.087753070444933,48.52256168712908,85.19416606866281,95.32089673995839,111.78989602086172,89.38028642000226,85.26855833647903,33.191133122512795,19.816334688170116,15.843915535020628,15.11505377961977,1100,STOP,0.0,0.0
84.93154088678864,85.00570382807035,117.0,85.0,85.0,16.91172702347772,19.71880396821688,15.765936003824514,15.040661511803544,16.8284920086171,23.087753070444933,48.52256168712908,85.19416606866281,95.32089673995839,111.78989602086172,89.38028642000226,85.26855833647903,33.191133122512795,19.816334688170116,15.843915535020628,15.11505377961977,1101,STOP,0.0,0.0
84.93154088678864,85.00570382807035,117.0,85.0,85.0,16.91172702347772,19.71880396821688,15.765936003824514,15.040661511803544,16.8284920086171,23.087753070444933,48.52256168712908,85.19416606866281,95.32089673995839,111.78989602086172,89.38028642000226,85.26855833647903,33.191133122512795,19.816334688170116,15.843915535020628,15.11505377961977,1102,STOP,0.0,0.0
84.93154088678864,85.00570382807035,117.0,85.0,85.0,16.91172702347772,19.71880396821688,15.765936003824514,15.040661511803544,16.8284920086171,23.087753070444933,48.52256168712908,85.19416606866281,95.32089673995839,111.78989602086172,89.38028642000226,85.26855833647903,33.191133122512795,19.816334688170116,15.843915535020628,15.11505377961977,1103,STOP,0.0,0.0
84.93154088678864,85.00570382807035,117.0,85.0,85.0,16.91172702347772,19.71880396821688,15.765936003824514,15.040661511803544,16.8284920086171,23.087753070444933,48.52256168712908,85.19416606866281,95.32089673995839,111.78989602086172,89.38028642000226,85.26855833647903,33.191133122512795,19.816334688170116,15.843915535020628,15.11505377961977,1104,STOP,0.0,0.0
84.93154088678864,85.00570382807035,117.0,85.0,85.0,16.91172702347772,19.71880396821688,15.765936003824514,15.040661511803544,16.8284920086171,23.087753070444933,48.52256168712908,85.19416606866281,95.32089673995839,111.78989602086172,89.38028642000226,85.26855833647903,33.191133122512795,19.816334688170116,15.843915535020628,15.11505377961977,1105,STOP,0.0,0.0
84.93154088678864,85.00570382807035,117.0,85.0,85.0,16.91172702347772,19.71880396821688,15.765936003824514,15.040661511803544,16.8284920086171,23.087753070444933,48.52256168712908,85.19416606866281,95.32089673995839,111.78989602086172,89.38028642000226,85.26855833647903,33.191133122512795,19.816334688170116,15.843915535020628,15.11505377961977,1106,STOP,0.0,0.0
84.93154088678864,85.00570382807035,117.0,85.0,85.0,16.91172702347772,19.71880396821688,15.765936003824514,15.040661511803544,16.8284920086171,23.087753070444933,48.52256168712908,85.19416606866281,95.32089673995839,111.78989602086172,89.38028642000226,85.26855833647903,33.191133122512795,19.816334688170116,15.843915535020628,15.11505377961977,1107,STOP,0.0,0.0
84.93154088678864,85.00570382807035,117.0,85.0,85.0,16.91172702347772,19.71880396821688,15.765936003824514,15.040661511803544,16.8284920086171,23.087753070444933,48.52256168712908,85.19416606866281,95.32089673995839,111.78989602086172,89.38028642000226,85.26855833647903,33.191133122512795,19.816334688170116,15.843915535020628,15.11505377961977,1108,STOP,0.0,0.0
84.93154088678864,85.00570382807035,117.0,85.0,85.0,16.91172702347772,19.71880396821688,15.765936003824514,15.040661511803544,16.8284920086171,23.087753070444933,48.52256168712908,85.19416606866281,95.32089673995839,111.78989602086172,89.38028642000226,85.26855833647903,33.191133122512795,19.816334688170116,15.843915535020628,15.11505377961977,1109,STOP,0.0,0.0
84.93154088678864,85.00570382807035,117.0,85.0,85.0,16.91172702347772,19.71880396821688,15.765936003824514,15.040661511803544,16.8284920086171,23.087753070444933,48.52256168712908,85.19416606866281,95.32089673995839,111.78989602086172,89.38028642000226,85.26855833647903,33.191133122512795,19.816334688170116,15.843915535020628,15.11505377961977,1110,STOP,0.0,0.0
84.93154088678864,85.00570382807035,117.0,85.0,85.0,16.91172702347772,19.71880396821688,15.765936003824514,15.040661511803544,16.8284920086171,23.087753070444933,48.52256168712908,85.19416606866281,95.32089673995839,111.78989602086172,89.38028642000226,85.26855833647903,33.191133122512795,19.816334688170116,15.843915535020628,15.11505377961977,1111,STOP,0.0,0.0
84.93154088678864,85.00570382807035,117.0,85.0,85.0,16.91172702347772,19.71880396821688,15.765936003824514,15.040661511803544,16.8284920086171,23.087753070444933,48.52256168712908,85.19416606866281,95.32089673995839,111.78989602086172,89.38028642000226,85.26855833647903,33.191133122512795,19.816334688170116,15.843915535020628,15.11505377961977,1112,STOP,0.0,0.0
84.93154088678864,85.00570382807035,117.0,85.0,85.0,16.91172702347772,19.71880396821688,15.765936003824514,15.040661511803544,16.8284920086171,23.087753070444933,48.52256168712908,85.19416606866281,95.32089673995839,111.78989602086172,89.38028642000226,85.26855833647903,33.191133122512795,19.816334688170116,15.843915535020628,15.11505377961977,1113,STOP,0.0,0.0
84.93154088678864,85.00570382807035,117.0,85.0,85.0,16.91172702347772,19.71880396821688,15.765936003824514,15.040661511803544,16.8284920086171,23.087753070444933,48.52256168712908,85.19416606866281,95.32089673995839,111.78989602086172,89.38028642000226,85.26855833647903,33.191133122512795,19.816334688170116,15.843915535020628,15.11505377961977,1114,STOP,0.0,0.0
84.93154088678864,85.00570382807035,117.0,85.0,85.0,16.91172702347772,19.71880396821688,15.765936003824514,15.040661511803544,16.8284920086171,23.087753070444933,48.52256168712908,85.19416606866281,95.32089673995839,111.78989602086172,89.38028642000226,85.26855833647903,33.191133122512795,19.816334688170116,15.843915535020628,15.11505377961977,1115,LEFT,-0.8910065241883608,-0.4539904997395428
84.93154088678864,85.00570382807035,119.99999999999999,85.0,85.0,17.39955785057092,18.899896692217034,15.52323766881288,15.12368136252438,17.313921862345133,24.630824913374802,57.93351167797642,85.66441180511238,98.07049598735426,107.14734470880947,88.00438037219548,85.7392146954909,30.136918226422818,18.99337703384451,15.600016795390994,15.198484252902919,1116,LEFT,-0.8660254037844317,-0.4999999999999956
84.93154088678864,85.00570382807035,122.99999999999999,85.0,85.0,17.96707752619256,18.194175089862114,15.329277667993011,15.249653021390458,17.878648357319474,26.472689024996598,72.11858127339518,86.37794760385103,101.2692517574022,103.14646591950272,86.90478181850997,82.68672681968823,27.666873184724345,18.28416487820471,15.4050974534999,15.325078977275549,1117,LEFT,-0.8386705679454174,-0.5446390350150224
84.93154088678864,85.00570382807035,126.0,85.0,85.0,18.62563978010547,17.585725841672506,15.181201959815349,15.420362001528538,18.533969343269924,28.69729638411762,85.99022322731142,87.34488706937132,104.98115796987354,99.69704381972845,86.06531061898501,64.54811894449327,25.635993850545873,17.672706193270074,15.256289351488947,15.496632297149551,1118,LEFT,-0.809016994374941,-0.5877852522924681
84.93154088678864,85.00570382807035,129.0,85.0,85.0,19.389483907194805,17.061907370592117,15.076888947102828,15.63828488990259,19.29405403306578,31.42412425535622,85.39936755775334,88.57925822570185,109.28647268212193,96.72741074714096,85.47393900924888,53.05508802321883,23.94401854367701,17.146296875772627,15.151460398598374,15.715633048878384,1119,LEFT,-0.7771459614569647,-0.6293203910498321
84.93154088678864,85.00570382807035,131.99999999999997,85.0,85.0,20.27661176747269,16.612608727307347,15.014873534272875,15.906679595183881,20.176815686360115,34.82905849139251,85.04809634702191,90.09951470349974,114.2866611931649,94.18024568093938,85.12236106551929,45.14125068550112,22.519458787288062,16.69477596686645,15.089138252770235,15.98535525499998,1120,LEFT,-0.7431448254773884,-0.6691306063588525
84.93154088678864,85.00570382807035,134.99999999999997,85.0,85.0,21.205137004581918,16.22970922537076,14.994296171929676,16.22970922537077,21.20513700458188,39.181984125261806,84.93154088678865,91.92923741467459,120.11133699534152,92.0095108038687,85.00570382807038,39.375781230151915,21.310019241968018,16.309982614564852,15.06845911321139,16.309982614564834,1121,LEFT,-0.7071067811865419,-0.7071067811865415
84.93154088678864,85.00570382807035,138.0,85.0,85.0,20.176815686360143,15.906679595183881,15.014873534272871,16.61260872730734,22.408624010673545,44.91907747596305,85.0480963470219,94.09807844138022,114.38645727427753,90.17819036331586,85.12236106551929,35.00132569154508,20.27661176747271,15.985355254999993,15.089138252770233,16.694775966866434,1122,LEFT,-0.6691306063588529,-0.7431448254773879
84.93154088678864,85.00570382807035,140.99999999999997,85.0,85.0,19.294054033065787,15.63828488990259,15.076888947102827,17.06190737059211,23.82617246346653,52.793965014674654,85.39936755775331,96.64302124196041,109.38190255625099,88.65660638467766,85.47393900924887,31.579550389084545,19.38948390719483,15.71563304887838,15.151460398598374,17.146296875772627,1123,LEFT,-0.6293203910498324,-0.7771459614569642
84.93154088678864,85.00570382807035,144.0,85.0,85.0,18.53396934326994,15.420362001528524,15.181201959815345,17.585725841672527,25.509820318643655,64.23043029967775,85.99022322731139,99.61006346813086,105.07282840670909,87.42115736499235,86.06531061898498,28.839235417619236,18.625639780105477,15.496632297149556,15.256289351488943,17.672706193270088,1124,LEFT,-0.5877852522924684,-0.8090169943749405
84.93154088678864,85.00570382807035,147.0,85.0,85.0,17.878648357319502,15.249653021390472,15.329277667992994,18.194175089862103,27.53070420579739,82.27976477931988,86.82896203300305,103.05647613116003,101.35768092627531,86.45337355973612,72.47528531918562,26.603624979523556,17.96707752619256,15.32507897727554,15.405097453499906,18.284164878204702,1125,LEFT,-0.5446390350150226,-0.8386705679454168
84.93154088678864,85.00570382807035,149.99999999999997,85.0,85.0,17.313921862345122,15.12368136252438,15.523237668812875,18.899896692217055,29.988592343859253,85.66441180511238,87.92760124561734,107.05386436718194,98.15613197558008,85.73921469549093,58.220055279327035,24.752650866445652,17.399557850570936,15.198484252902935,15.60001679539098,18.9933770338445,1126,LEFT,-0.499999999999996,-0.8660254037844312
84.93154088678864,85.00570382807035,153.0,85.0,85.0,16.82849200861711,15.040661511803545,15.765936003824518,19.718803968216868,33.027775207921295,85.19416606866282,89.3023068888061,111.69236530090839,95.404131754819,85.26855833647905,48.76255800652828,23.201946871584862,16.911727023477727,15.115053779619771,15.84391553502061,19.816334688170098,1127,LEFT,-0.45399049973954314,-0.8910065241883601
84.93154088678864,85.00570382807035,156.0,85.0,85.0,16.413300560458538,14.999436104063253,16.061065277673343,20.671113801559525,36.86487663993246,84.96065478124248,90.97399482276226,117.08649254903152,93.05032729014617,85.03484314502357,42.047451878245155,21.89054833844133,16.49448200650623,15.073624467844324,16.140504540940626,20.773354719140066,1128,LEFT,-0.40673664307579693,-0.913545457642593
84.93154088678864,85.00570382807035,159.0,85.0,85.0,16.061065277673322,14.999436104063253,16.413300560458538,21.782808891504423,41.84050552219996,84.96065478124248,92.96914584409843,117.18873346661212,91.05343408602961,85.03484314502357,37.04721315311443,20.773354719140126,16.140504540940633,15.073624467844324,16.49448200650621,20.671113801559546,1129,LEFT,-0.3583679495452974,-0.9335804264971936
84.93154088678864,85.00570382807035,162.0,85.0,85.0,15.765936003824496,15.040661511803544,16.8284920086171,23.08775307044491,48.52256168712903,85.19416606866281,95.32089673995834,111.7898960208617,89.38028642000226,85.26855833647905,33.19113312251275,19.816334688170144,15.843915535020628,15.115053779619771,16.91172702347771,19.71880396821688,1130,LEFT,-0.30901699437494495,-0.9510565162951453
84.93154088678864,85.00570382807035,165.0,85.0,85.0,15.52323766881288,15.123681362524392,17.313921862345115,24.630824913374806,57.93351167797633,85.66441180511238,98.0704959873542,107.14734470880946,88.00438037219547,85.73921469549092,30.136918226422765,18.993377033844528,15.60001679539099,15.198484252902935,17.39955785057092,18.899896692217062,1131,STOP,0.0,0.0
84.93154088678864,85.00570382807035,165.0,85.0,85.0,15.52323766881288,15.123681362524392,17.313921862345115,24.630824913374806,57.93351167797633,85.66441180511238,98.0704959873542,107.14734470880946,88.00438037219547,85.73921469549092,30.136918226422765,18.993377033844528,15.60001679539099,15.198484252902935,17.39955785057092,18.899896692217062,1132,STOP,0.0,0.0
84.93154088678864,85.00570382807035,165.0,85.0,85.0,15.52323766881288,15.123681362524392,17.313921862345115,24.630824913374806,57.93351167797633,85.66441180511238,98.0704959873542,107.14734470880946,88.00438037219547,85.73921469549092,30.136918226422765,18.993377033844528,15.60001679539099,15.198484252902935,17.39955785057092,18.899896692217062,1133,STOP,0.0,0.0
84.93154088678864,85.00570382807035,165.0,85.0,85.0,15.52323766881288,15.123681362524392,17.313921862345115,24.630824913374806,57.93351167797633,85.66441180511238,98.0704959873542,107.14734470880946,88.00438037219547,85.73921469549092,30.136918226422765,18.993377033844528,15.60001679539099,15.198484252902935,17.39955785057092,18.899896692217062,1134,STOP,0.0,0.0
84.93154088678864,85.00570382807035,165.0,85.0,85.0,15.52323766881288,15.123681362524392,17.313921862345115,24.630824913374806,57.93351167797633,85.66441180511238,98.0704959873542,107.14734470880946,88.00438037219547,85.73921469549092,30.136918226422765,18.993377033844528,15.60001679539099,15.198484252902935,17.39955785057092,18.899896692217062,1135,STOP,0.0,0.0
84.93154088678864,85.00570382807035,165.0,85.0,85.0,15.52323766881288,15.123681362524392,17.313921862345115,24.630824913374806,57.93351167797633,85.66441180511238,98.0704959873542,107.14734470880946,88.00438037219547,85.73921469549092,30.136918226422765,18.993377033844528,15.60001679539099,15.198484252902935,17.39955785057092,18.899896692217062,1136,STOP,0.0,0.0
84.93154088678864,85.00570382807035,165.0,85.0,85.0,15.52323766881288,15.123681362524392,17.313921862345115,24.630824913374806,57.93351167797633,85.66441180511238,98.0704959873542,107.14734470880946,88.00438037219547,85.73921469549092,30.136918226422765,18.993377033844528,15.60001679539099,15.198484252902935,17.39955785057092,18.899896692217062,1137,STOP,0.0,0.0
84.93154088678864,85.00570382807035,165.0,85.0,85.0,15.52323766881288,15.123681362524392,17.313921862345115,24.630824913374806,57.93351167797633,85.66441180511238,98.0704959873542,107.14734470880946,88.00438037219547,85.73921469549092,30.136918226422765,18.993377033844528,15.60001679539099,15.198484252902935,17.39955785057092,18.899896692217062,1138,STOP,0.0,0.0
84.93154088678864,85.00570382807035,165.0,85.0,85.0,15.52323766881288,15.123681362524392,17.313921862345115,24.630824913374806,57.93351167797633,85.66441180511238,98.0704959873542,107.14734470880946,88.00438037219547,85.73921469549092,30.136918226422765,18.993377033844528,15.60001679539099,15.198484252902935,17.39955785057092,18.899896692217062,1139,STOP,0.0,0.0
84.93154088678864,85.00570382807035,165.0,85.0,85.0,15.52323766881288,15.123681362524392,17.313921862345115,24.630824913374806,57.93351167797633,85.66441180511238,98.0704959873542,107.14734470880946,88.00438037219547,85.73921469549092,30.136918226422765,18.993377033844528,15.60001679539099,15.198484252902935,17.39955785057092,18.899896692217062,1140,STOP,0.0,0.0
84.93154088678864,85.00570382807035,165.0,85.0,85.0,15.52323766881288,15.123681362524392,17.313921862345115,24.630824913374806,57.93351167797633,85.66441180511238,98.0704959873542,107.14734470880946,88.00438037219547,85.73921469549092,30.136918226422765,18.993377033844528,15.60001679539099,15.198484252902935,17.39955785057092,18.899896692217062,1141,STOP,0.0,0.0
84.93154088678864,85.00570382807035,165.0,85.0,85.0,15.52323766881288,15.123681362524392,17.313921862345115,24.630824913374806,57.93351167797633,85.66441180511238,98.0704959873542,107.14734470880946,88.00438037219547,85.73921469549092,30.136918226422765,18.993377033844528,15.60001679539099,15.198484252902935,17.39955785057092,18.899896692217062,1142,STOP,0.0,0.0
84.93154088678864,85.00570382807035,165.0,85.0,85.0,15.52323766881288,15.123681362524392,17.313921862345115,24.630824913374806,57.93351167797633,85.66441180511238,98.0704959873542,107.14734470880946,88.00438037219547,85.73921469549092,30.136918226422765,18.993377033844528,15.60001679539099,15.198484252902935,17.39955785057092,18.899896692217062,1143,STOP,0.0,0.0
84.93154088678864,85.00570382807035,165.0,85.0,85.0,15.52323766881288,15.123681362524392,17.313921862345115,24.630824913374806,57.93351167797633,85.66441180511238,98.0704959873542,107.14734470880946,88.00438037219547,85.73921469549092,30.136918226422765,18.993377033844528,15.60001679539099,15.198484252902935,17.39955785057092,18.899896692217062,1144,STOP,0.0,0.0
84.93154088678864,85.00570382807035,165.0,85.0,85.0,15.52323766881288,15.123681362524392,17.313921862345115,24.630824913374806,57.93351167797633,85.66441180511238,98.0704959873542,107.14734470880946,88.00438037219547,85.73921469549092,30.136918226422765,18.993377033844528,15.60001679539099,15.198484252902935,17.39955785057092,18.899896692217062,1145,STOP,0.0,0.0
84.93154088678864,85.00570382807035,165.0,85.0,85.0,15.52323766881288,15.123681362524392,17.313921862345115,24.630824913374806,57.93351167797633,85.66441180511238,98.0704959873542,107.14734470880946,88.00438037219547,85.73921469549092,30.136918226422765,18.993377033844528,15.60001679539099,15.198484252902935,17.39955785057092,18.899896692217062,1146,STOP,0.0,0.0
84.93154088678864,85.00570382807035,165.0,85.0,85.0,15.52323766881288,15.123681362524392,17.313921862345115,24.630824913374806,57.93351167797633,85.66441180511238,98.0704959873542,107.14734470880946,88.00438037219547,85.73921469549092,30.136918226422765,18.993377033844528,15.60001679539099,15.198484252902935,17.39955785057092,18.899896692217062,1147,STOP,0.0,0.0
84.93154088678864,85.00570382807035,165.0,85.0,85.0,15.52323766881288,15.123681362524392,17.313921862345115,24.630824913374806,57.93351167797633,85.66441180511238,98.0704959873542,107.14734470880946,88.00438037219547,85.73921469549092,30.136918226422765,18.993377033844528,15.60001679539099,15.198484252902935,17.39955785057092,18.899896692217062,1148,STOP,0.0,0.0
84.93154088678864,85.00570382807035,165.0,85.0,85.0,15.52323766881288,15.123681362524392,17.313921862345115,24.630824913374806,57.93351167797633,85.66441180511238,98.0704959873542,107.14734470880946,88.00438037219547,85.73921469549092,30.136918226422765,18.993377033844528,15.60001679539099,15.198484252902935,17.39955785057092,18.899896692217062,1149,STOP,0.0,0.0
84.93154088678864,85.00570382807035,165.0,85.0,85.0,15.52323766881288,15.123681362524392,17.313921862345115,24.630824913374806,57.93351167797633,85.66441180511238,98.0704959873542,107.14734470880946,88.00438037219547,85.73921469549092,30.136918226422765,18.993377033844528,15.60001679539099,15.198484252902935,17.39955785057092,18.899896692217062,1150,STOP,0.0,0.0
84.93154088678864,85.00570382807035,165.0,85.0,85.0,15.52323766881288,15.123681362524392,17.313921862345115,24.630824913374806,57.93351167797633,85.66441180511238,98.0704959873542,107.14734470880946,88.00438037219547,85.73921469549092,30.136918226422765,18.993377033844528,15.60001679539099,15.198484252902935,17.39955785057092,18.899896692217062,1151,STOP,0.0,0.0
84.93154088678864,85.00570382807035,165.0,85.0,85.0,15.52323766881288,15.123681362524392,17.313921862345115,24.630824913374806,57.93351167797633,85.66441180511238,98.0704959873542,107.14734470880946,88.00438037219547,85.73921469549092,30.136918226422765,18.993377033844528,15.60001679539099,15.198484252902935,17.39955785057092,18.899896692217062,1152,STOP,0.0,0.0
84.93154088678864,85.00570382807035,165.0,85.0,85.0,15.52323766881288,15.123681362524392,17.313921862345115,24.630824913374806,57.93351167797633,85.66441180511238,98.0704959873542,107.14734470880946,88.00438037219547,85.73921469549092,30.136918226422765,18.993377033844528,15.60001679539099,15.198484252902935,17.39955785057092,18.899896692217062,1153,STOP,0.0,0.0
84.93154088678864,85.00570382807035,165.0,85.0,85.0,15.52323766881288,15.123681362524392,17.313921862345115,24.630824913374806,57.93351167797633,85.66441180511238,98.0704959873542,107.14734470880946,88.00438037219547,85.73921469549092,30.136918226422765,18.993377033844528,15.60001679539099,15.198484252902935,17.39955785057092,18.899896692217062,1154,STOP,0.0,0.0
84.93154088678864,85.00570382807035,165.0,85.0,85.0,15.52323766881288,15.123681362524392,17.313921862345115,24.630824913374806,57.93351167797633,85.66441180511238,98.0704959873542,107.14734470880946,88.00438037219547,85.73921469549092,30.136918226422765,18.993377033844528,15.60001679539099,15.198484252902935,17.39955785057092,18.899896692217062,1155,STOP,0.0,0.0
84.93154088678864,85.00570382807035,165.0,85.0,85.0,15.52323766881288,15.123681362524392,17.313921862345115,24.630824913374806,57.93351167797633,85.66441180511238,98.0704959873542,107.14734470880946,88.00438037219547,85.73921469549092,30.136918226422765,18.993377033844528,15.60001679539099,15.198484252902935,17.39955785057092,18.899896692217062,1156,STOP,0.0,0.0
84.93154088678864,85.00570382807035,165.0,85.0,85.0,15.52323766881288,15.123681362524392,17.313921862345115,24.630824913374806,57.93351167797633,85.66441180511238,98.0704959873542,107.14734470880946,88.00438037219547,85.73921469549092,30.136918226422765,18.993377033844528,15.60001679539099,15.198484252902935,17.39955785057092,18.899896692217062,1157,STOP,0.0,0.0
84.93154088678864,85.00570382807035,165.0,85.0,85.0,15.52323766881288,15.123681362524392,17.313921862345115,24.630824913374806,57.93351167797633,85.66441180511238,98.0704959873542,107.14734470880946,88.00438037219547,85.73921469549092,30.136918226422765,18.993377033844528,15.60001679539099,15.198484252902935,17.39955785057092,18.899896692217062,1158,STOP,0.0,0.0
84.93154088678864,85.00570382807035,165.0,85.0,85.0,15.52323766881288,15.123681362524392,17.313921862345115,24.630824913374806,57.93351167797633,85.66441180511238,98.0704959873542,107.14734470880946,88.00438037219547,85.73921469549092,30.136918226422765,18.993377033844528,15.60001679539099,15.198484252902935,17.39955785057092,18.899896692217062,1159,STOP,0.0,0.0
84.93154088678864,85.00570382807035,165.0,85.0,85.0,15.52323766881288,15.123681362524392,17.313921862345115,24.630824913374806,57.93351167797633,85.66441180511238,98.0704959873542,107.14734470880946,88.00438037219547,85.73921469549092,30.136918226422765,18.993377033844528,15.60001679539099,15.198484252902935,17.39955785057092,18.899896692217062,1160,STOP,0.0,0.0
84.93154088678864,85.00570382807035,165.0,85.0,85.0,15.52323766881288,15.123681362524392,17.313921862345115,24.630824913374806,57.93351167797633,85.66441180511238,98.0704959873542,107.14734470880946,88.00438037219547,85.73921469549092,30.136918226422765,18.993377033844528,15.60001679539099,15.198484252902935,17.39955785057092,18.899896692217062,1161,STOP,0.0,0.0
84.93154088678864,85.00570382807035,165.0,85.0,85.0,15.52323766881288,15.123681362524392,17.313921862345115,24.630824913374806,57.93351167797633,85.66441180511238,98.0704959873542,107.14734470880946,88.00438037219547,85.73921469549092,30.136918226422765,18.993377033844528,15.60001679539099,15.198484252902935,17.39955785057092,18.899896692217062,1162,STOP,0.0,0.0
84.93154088678864,85.00570382807035,165.0,85.0,85.0,15.52323766881288,15.123681362524392,17.313921862345115,24.630824913374806,57.93351167797633,85.66441180511238,98.0704959873542,107.14734470880946,88.00438037219547,85.73921469549092,30.136918226422765,18.993377033844528,15.60001679539099,15.198484252902935,17.39955785057092,18.899896692217062,1163,STOP,0.0,0.0
84.93154088678864,85.00570382807035,165.0,85.0,85.0,15.52323766881288,15.123681362524392,17.313921862345115,24.630824913374806,57.93351167797633,85.66441180511238,98.0704959873542,107.14734470880946,88.00438037219547,85.73921469549092,30.136918226422765,18.993377033844528,15.60001679539099,15.198484252902935,17.39955785057092,18.899896692217062,1164,STOP,0.0,0.0
84.93154088678864,85.00570382807035,165.0,85.0,85.0,15.52323766881288,15.123681362524392,17.313921862345115,24.630824913374806,57.93351167797633,85.66441180511238,98.0704959873542,107.14734470880946,88.00438037219547,85.73921469549092,30.136918226422765,18.993377033844528,15.60001679539099,15.198484252902935,17.39955785057092,18.899896692217062,1165,STOP,0.0,0.0
84.93154088678864,85.00570382807035,165.0,85.0,85.0,15.52323766881288,15.123681362524392,17.313921862345115,24.630824913374806,57.93351167797633,85.66441180511238,98.0704959873542,107.14734470880946,88.00438037219547,85.73921469549092,30.136918226422765,18.993377033844528,15.60001679539099,15.198484252902935,17.39955785057092,18.899896692217062,1166,STOP,0.0,0.0
84.93154088678864,85.00570382807035,165.0,85.0,85.0,15.52323766881288,15.123681362524392,17.313921862345115,24.630824913374806,57.93351167797633,85.66441180511238,98.0704959873542,107.14734470880946,88.00438037219547,85.73921469549092,30.136918226422765,18.993377033844528,15.60001679539099,15.198484252902935,17.39955785057092,18.899896692217062,1167,STOP,0.0,0.0
84.93154088678864,85.00570382807035,165.0,85.0,85.0,15.52323766881288,15.123681362524392,17.313921862345115,24.630824913374806,57.93351167797633,85.66441180511238,98.0704959873542,107.14734470880946,88.00438037219547,85.73921469549092,30.136918226422765,18.993377033844528,15.60001679539099,15.198484252902935,17.39955785057092,18.899896692217062,1168,STOP,0.0,0.0
84.93154088678864,85.00570382807035,165.0,85.0,85.0,15.52323766881288,15.123681362524392,17.313921862345115,24.630824913374806,57.93351167797633,85.66441180511238,98.0704959873542,107.14734470880946,88.00438037219547,85.73921469549092,30.136918226422765,18.993377033844528,15.60001679539099,15.198484252902935,17.39955785057092,18.899896692217062,1169,STOP,0.0,0.0
84.93154088678864,85.00570382807035,165.0,85.0,85.0,15.52323766881288,15.123681362524392,17.313921862345115,24.630824913374806,57.93351167797633,85.66441180511238,98.0704959873542,107.14734470880946,88.00438037219547,85.73921469549092,30.136918226422765,18.993377033844528,15.60001679539099,15.198484252902935,17.39955785057092,18.899896692217062,1170,STOP,0.0,0.0
84.93154088678864,85.00570382807035,165.0,85.0,85.0,15.52323766881288,15.123681362524392,17.313921862345115,24.630824913374806,57.93351167797633,85.66441180511238,98.0704959873542,107.14734470880946,88.00438037219547,85.73921469549092,30.136918226422765,18.993377033844528,15.60001679539099,15.198484252902935,17.39955785057092,18.899896692217062,1171,STOP,0.0,0.0
84.93154088678864,85.00570382807035,165.0,85.0,85.0,15.52323766881288,15.123681362524392,17.313921862345115,24.630824913374806,57.93351167797633,85.66441180511238,98.0704959873542,107.14734470880946,88.00438037219547,85.73921469549092,30.136918226422765,18.993377033844528,15.60001679539099,15.198484252902935,17.39955785057092,18.899896692217062,1172,STOP,0.0,0.0
84.93154088678864,85.00570382807035,165.0,85.0,85.0,15.52323766881288,15.123681362524392,17.313921862345115,24.630824913374806,57.93351167797633,85.66441180511238,98.0704959873542,107.14734470880946,88.00438037219547,85.73921469549092,30.136918226422765,18.993377033844528,15.60001679539099,15.198484252902935,17.39955785057092,18.899896692217062,1173,STOP,0.0,0.0
84.93154088678864,85.00570382807035,165.0,85.0,85.0,15.52323766881288,15.123681362524392,17.313921862345115,24.630824913374806,57.93351167797633,85.66441180511238,98.0704959873542,107.14734470880946,88.00438037219547,85.73921469549092,30.136918226422765,18.993377033844528,15.60001679539099,15.198484252902935,17.39955785057092,18.899896692217062,1174,STOP,0.0,0.0
84.93154088678864,85.00570382807035,165.0,85.0,85.0,15.52323766881288,15.123681362524392,17.313921862345115,24.630824913374806,57.93351167797633,85.66441180511238,98.0704959873542,107.14734470880946,88.00438037219547,85.73921469549092,30.136918226422765,18.993377033844528,15.60001679539099,15.198484252902935,17.39955785057092,18.899896692217062,1175,STOP,0.0,0.0
84.93154088678864,85.00570382807035,165.0,85.0,85.0,15.52323766881288,15.123681362524392,17.313921862345115,24.630824913374806,57.93351167797633,85.66441180511238,98.0704959873542,107.14734470880946,88.00438037219547,85.73921469549092,30.136918226422765,18.993377033844528,15.60001679539099,15.198484252902935,17.39955785057092,18.899896692217062,1176,STOP,0.0,0.0
84.93154088678864,85.00570382807035,165.0,85.0,85.0,15.52323766881288,15.123681362524392,17.313921862345115,24.630824913374806,57.93351167797633,85.66441180511238,98.0704959873542,107.14734470880946,88.00438037219547,85.73921469549092,30.136918226422765,18.993377033844528,15.60001679539099,15.198484252902935,17.39955785057092,18.899896692217062,1177,STOP,0.0,0.0
84.93154088678864,85.00570382807035,165.0,85.0,85.0,15.52323766881288,15.123681362524392,17.313921862345115,24.630824913374806,57.93351167797633,85.66441180511238,98.0704959873542,107.14734470880946,88.00438037219547,85.73921469549092,30.136918226422765,18.993377033844528,15.60001679539099,15.198484252902935,17.39955785057092,18.899896692217062,1178,STOP,0.0,0.0
84.93154088678864,85.00570382807035,165.0,85.0,85.0,15.52323766881288,15.123681362524392,17.313921862345115,24.630824913374806,57.93351167797633,85.66441180511238,98.0704959873542,107.14734470880946,88.00438037219547,85.73921469549092,30.136918226422765,18.993377033844528,15.60001679539099,15.198484252902935,17.39955785057092,18.899896692217062,1179,STOP,0.0,0.0
84.93154088678864,85.00570382807035,165.0,85.0,85.0,15.52323766881288,15.123681362524392,17.313921862345115,24.630824913374806,57.93351167797633,85.66441180511238,98.0704959873542,107.14734470880946,88.00438037219547,85.73921469549092,30.136918226422765,18.993377033844528,15.60001679539099,15.198484252902935,17.39955785057092,18.899896692217062,1180,STOP,0.0,0.0
84.93154088678864,85.00570382807035,165.0,85.0,85.0,15.52323766881288,15.123681362524392,17.313921862345115,24.630824913374806,57.93351167797633,85.66441180511238,98.0704959873542,107.14734470880946,88.00438037219547,85.73921469549092,30.136918226422765,18.993377033844528,15.60001679539099,15.198484252902935,17.39955785057092,18.899896692217062,1181,STOP,0.0,0.0
84.93154088678864,85.00570382807035,165.0,85.0,85.0,15.52323766881288,15.123681362524392,17.313921862345115,24.630824913374806,57.93351167797633,85.66441180511238,98.0704959873542,107.14734470880946,88.00438037219547,85.73921469549092,30.136918226422765,18.993377033844528,15.60001679539099,15.198484252902935,17.39955785057092,18.899896692217062,1182,STOP,0.0,0.0
84.93154088678864,85.00570382807035,165.0,85.0,85.0,15.52323766881288,15.123681362524392,17.313921862345115,24.630824913374806,57.93351167797633,85.66441180511238,98.0704959873542,107.14734470880946,88.00438037219547,85.73921469549092,30.136918226422765,18.993377033844528,15.60001679539099,15.198484252902935,17.39955785057092,18.899896692217062,1183,STOP,0.0,0.0
84.93154088678864,85.00570382807035,165.0,85.0,85.0,15.52323766881288,15.123681362524392,17.313921862345115,24.630824913374806,57.93351167797633,85.66441180511238,98.0704959873542,107.14734470880946,88.00438037219547,85.73921469549092,30.136918226422765,18.993377033844528,15.60001679539099,15.198484252902935,17.39955785057092,18.899896692217062,1184,STOP,0.0,0.0
84.93154088678864,85.00570382807035,165.0,85.0,85.0,15.52323766881288,15.123681362524392,17.313921862345115,24.630824913374806,57.93351167797633,85.66441180511238,98.0704959873542,107.14734470880946,88.00438037219547,85.73921469549092,30.136918226422765,18.993377033844528,15.60001679539099,15.198484252902935,17.39955785057092,18.899896692217062,1185,STOP,0.0,0.0
84.93154088678864,85.00570382807035,165.0,85.0,85.0,15.52323766881288,15.123681362524392,17.313921862345115,24.630824913374806,57.93351167797633,85.66441180511238,98.0704959873542,107.14734470880946,88.00438037219547,85.73921469549092,30.136918226422765,18.993377033844528,15.60001679539099,15.198484252902935,17.39955785057092,18.899896692217062,1186,STOP,0.0,0.0
84.93154088678864,85.00570382807035,165.0,85.0,85.0,15.52323766881288,15.123681362524392,17.313921862345115,24.630824913374806,57.93351167797633,85.66441180511238,98.0704959873542,107.14734470880946,88.00438037219547,85.73921469549092,30.136918226422765,18.993377033844528,15.60001679539099,15.198484252902935,17.39955785057092,18.899896692217062,1187,STOP,0.0,0.0
84.93154088678864,85.00570382807035,165.0,85.0,85.0,15.52323766881288,15.123681362524392,17.313921862345115,24.630824913374806,57.93351167797633,85.66441180511238,98.0704959873542,107.14734470880946,88.00438037219547,85.73921469549092,30.136918226422765,18.993377033844528,15.60001679539099,15.198484252902935,17.39955785057092,18.899896692217062,1188,STOP,0.0,0.0
84.93154088678864,85.00570382807035,165.0,85.0,85.0,15.52323766881288,15.123681362524392,17.313921862345115,24.630824913374806,57.93351167797633,85.66441180511238,98.0704959873542,107.14734470880946,88.00438037219547,85.73921469549092,30.136918226422765,18.993377033844528,15.60001679539099,15.198484252902935,17.39955785057092,18.899896692217062,1189,STOP,0.0,0.0
84.93154088678864,85.00570382807035,165.0,85.0,85.0,15.52323766881288,15.123681362524392,17.313921862345115,24.630824913374806,57.93351167797633,85.66441180511238,98.0704959873542,107.14734470880946,88.00438037219547,85.73921469549092,30.136918226422765,18.993377033844528,15.60001679539099,15.198484252902935,17.39955785057092,18.899896692217062,1190,STOP,0.0,0.0
84.93154088678864,85.00570382807035,165.0,85.0,85.0,15.52323766881288,15.123681362524392,17.313921862345115,24.630824913374806,57.93351167797633,85.66441180511238,98.0704959873542,107.14734470880946,88.00438037219547,85.73921469549092,30.136918226422765,18.993377033844528,15.60001679539099,15.198484252902935,17.39955785057092,18.899896692217062,1191,STOP,0.0,0.0
84.93154088678864,85.00570382807035,165.0,85.0,85.0,15.52323766881288,15.123681362524392,17.313921862345115,24.630824913374806,57.93351167797633,85.66441180511238,98.0704959873542,107.14734470880946,88.00438037219547,85.73921469549092,30.136918226422765,18.993377033844528,15.60001679539099,15.198484252902935,17.39955785057092,18.899896692217062,1192,STOP,0.0,0.0
84.93154088678864,85.00570382807035,165.0,85.0,85.0,15.52323766881288,15.123681362524392,17.313921862345115,24.630824913374806,57.93351167797633,85.66441180511238,98.0704959873542,107.14734470880946,88.00438037219547,85.73921469549092,30.136918226422765,18.993377033844528,15.60001679539099,15.198484252902935,17.39955785057092,18.899896692217062,1193,STOP,0.0,0.0
84.93154088678864,85.00570382807035,165.0,85.0,85.0,15.52323766881288,15.123681362524392,17.313921862345115,24.630824913374806,57.93351167797633,85.66441180511238,98.0704959873542,107.14734470880946,88.00438037219547,85.73921469549092,30.136918226422765,18.993377033844528,15.60001679539099,15.198484252902935,17.39955785057092,18.899896692217062,1194,STOP,0.0,0.0
84.93154088678864,85.00570382807035,165.0,85.0,85.0,15.52323766881288,15.123681362524392,17.313921862345115,24.630824913374806,57.93351167797633,85.66441180511238,98.0704959873542,107.14734470880946,88.00438037219547,85.73921469549092,30.136918226422765,18.993377033844528,15.60001679539099,15.198484252902935,17.39955785057092,18.899896692217062,1195,STOP,0.0,0.0
84.93154088678864,85.00570382807035,165.0,85.0,85.0,15.52323766881288,15.123681362524392,17.313921862345115,24.630824913374806,57.93351167797633,85.66441180511238,98.0704959873542,107.14734470880946,88.00438037219547,85.73921469549092,30.136918226422765,18.993377033844528,15.60001679539099,15.198484252902935,17.39955785057092,18.899896692217062,1196,STOP,0.0,0.0
84.93154088678864,85.00570382807035,165.0,85.0,85.0,15.52323766881288,15.123681362524392,17.313921862345115,24.630824913374806,57.93351167797633,85.66441180511238,98.0704959873542,107.14734470880946,88.00438037219547,85.73921469549092,30.136918226422765,18.993377033844528,15.60001679539099,15.198484252902935,17.39955785057092,18.899896692217062,1197,STOP,0.0,0.0
84.93154088678864,85.00570382807035,165.0,85.0,85.0,15.52323766881288,15.123681362524392,17.313921862345115,24.630824913374806,57.93351167797633,85.66441180511238,98.0704959873542,107.14734470880946,88.00438037219547,85.73921469549092,30.136918226422765,18.993377033844528,15.60001679539099,15.198484252902935,17.39955785057092,18.899896692217062,1198,STOP,0.0,0.0
84.93154088678864,85.00570382807035,165.0,85.0,85.0,15.52323766881288,15.123681362524392,17.313921862345115,24.630824913374806,57.93351167797633,85.66441180511238,98.0704959873542,107.14734470880946,88.00438037219547,85.73921469549092,30.136918226422765,18.993377033844528,15.60001679539099,15.198484252902935,17.39955785057092,18.899896692217062,1199,STOP,0.0,0.0
84.93154088678864,85.00570382807035,165.0,85.0,85.0,15.52323766881288,15.123681362524392,17.313921862345115,24.630824913374806,57.93351167797633,85.66441180511238,98.0704959873542,107.14734470880946,88.00438037219547,85.73921469549092,30.136918226422765,18.993377033844528,15.60001679539099,15.198484252902935,17.39955785057092,18.899896692217062,1200,STOP,0.0,0.0
84.93154088678864,85.00570382807035,165.0,85.0,85.0,15.52323766881288,15.123681362524392,17.313921862345115,24.630824913374806,57.93351167797633,85.66441180511238,98.0704959873542,107.14734470880946,88.00438037219547,85.73921469549092,30.136918226422765,18.993377033844528,15.60001679539099,15.198484252902935,17.39955785057092,18.899896692217062,1201,STOP,0.0,0.0
84.93154088678864,85.00570382807035,165.0,85.0,85.0,15.52323766881288,15.123681362524392,17.313921862345115,24.630824913374806,57.93351167797633,85.66441180511238,98.0704959873542,107.14734470880946,88.00438037219547,85.73921469549092,30.136918226422765,18.993377033844528,15.60001679539099,15.198484252902935,17.39955785057092,18.899896692217062,1202,STOP,0.0,0.0
84.93154088678864,85.00570382807035,165.0,85.0,85.0,15.52323766881288,15.123681362524392,17.313921862345115,24.630824913374806,57.93351167797633,85.66441180511238,98.0704959873542,107.14734470880946,88.00438037219547,85.73921469549092,30.136918226422765,18.993377033844528,15.60001679539099,15.198484252902935,17.39955785057092,18.899896692217062,1203,STOP,0.0,0.0
84.93154088678864,85.00570382807035,165.0,85.0,85.0,15.52323766881288,15.123681362524392,17.313921862345115,24.630824913374806,57.93351167797633,85.66441180511238,98.0704959873542,107.14734470880946,88.00438037219547,85.73921469549092,30.136918226422765,18.993377033844528,15.60001679539099,15.198484252902935,17.39955785057092,18.899896692217062,1204,STOP,0.0,0.0
84.93154088678864,85.00570382807035,165.0,85.0,85.0,15.52323766881288,15.123681362524392,17.313921862345115,24.630824913374806,57.93351167797633,85.66441180511238,98.0704959873542,107.14734470880946,88.00438037219547,85.73921469549092,30.136918226422765,18.993377033844528,15.60001679539099,15.198484252902935,17.39955785057092,18.899896692217062,1205,STOP,0.0,0.0
84.93154088678864,85.00570382807035,165.0,85.0,85.0,15.52323766881288,15.123681362524392,17.313921862345115,24.630824913374806,57.93351167797633,85.66441180511238,98.0704959873542,107.14734470880946,88.00438037219547,85.73921469549092,30.136918226422765,18.993377033844528,15.60001679539099,15.198484252902935,17.39955785057092,18.899896692217062,1206,STOP,0.0,0.0
84.93154088678864,85.00570382807035,165.0,85.0,85.0,15.52323766881288,15.123681362524392,17.313921862345115,24.630824913374806,57.93351167797633,85.66441180511238,98.0704959873542,107.14734470880946,88.00438037219547,85.73921469549092,30.136918226422765,18.993377033844528,15.60001679539099,15.198484252902935,17.39955785057092,18.899896692217062,1207,STOP,0.0,0.0
84.93154088678864,85.00570382807035,165.0,85.0,85.0,15.52323766881288,15.123681362524392,17.313921862345115,24.630824913374806,57.93351167797633,85.66441180511238,98.0704959873542,107.14734470880946,88.00438037219547,85.73921469549092,30.136918226422765,18.993377033844528,15.60001679539099,15.198484252902935,17.39955785057092,18.899896692217062,1208,STOP,0.0,0.0
84.93154088678864,85.00570382807035,165.0,85.0,85.0,15.52323766881288,15.123681362524392,17.313921862345115,24.630824913374806,57.93351167797633,85.66441180511238,98.0704959873542,107.14734470880946,88.00438037219547,85.73921469549092,30.136918226422765,18.993377033844528,15.60001679539099,15.198484252902935,17.39955785057092,18.899896692217062,1209,STOP,0.0,0.0
84.93154088678864,85.00570382807035,165.0,85.0,85.0,15.52323766881288,15.123681362524392,17.313921862345115,24.630824913374806,57.93351167797633,85.66441180511238,98.0704959873542,107.14734470880946,88.00438037219547,85.73921469549092,30.136918226422765,18.993377033844528,15.60001679539099,15.198484252902935,17.39955785057092,18.899896692217062,1210,STOP,0.0,0.0
84.93154088678864,85.00570382807035,165.0,85.0,85.0,15.52323766881288,15.123681362524392,17.313921862345115,24.630824913374806,57.93351167797633,85.66441180511238,98.0704959873542,107.14734470880946,88.00438037219547,85.73921469549092,30.136918226422765,18.993377033844528,15.60001679539099,15.198484252902935,17.39955785057092,18.899896692217062,1211,STOP,0.0,0.0
84.93154088678864,85.00570382807035,165.0,85.0,85.0,15.52323766881288,15.123681362524392,17.313921862345115,24.630824913374806,57.93351167797633,85.66441180511238,98.0704959873542,107.14734470880946,88.00438037219547,85.73921469549092,30.136918226422765,18.993377033844528,15.60001679539099,15.198484252902935,17.39955785057092,18.899896692217062,1212,STOP,0.0,0.0
84.93154088678864,85.00570382807035,165.0,85.0,85.0,15.52323766881288,15.123681362524392,17.313921862345115,24.630824913374806,57.93351167797633,85.66441180511238,98.0704959873542,107.14734470880946,88.00438037219547,85.73921469549092,30.136918226422765,18.993377033844528,15.60001679539099,15.198484252902935,17.39955785057092,18.899896692217062,1213,STOP,0.0,0.0
84.93154088678864,85.00570382807035,165.0,85.0,85.0,15.52323766881288,15.123681362524392,17.313921862345115,24.630824913374806,57.93351167797633,85.66441180511238,98.0704959873542,107.14734470880946,88.00438037219547,85.73921469549092,30.136918226422765,18.993377033844528,15.60001679539099,15.198484252902935,17.39955785057092,18.899896692217062,1214,STOP,0.0,0.0
84.93154088678864,85.00570382807035,165.0,85.0,85.0,15.52323766881288,15.123681362524392,17.313921862345115,24.630824913374806,57.93351167797633,85.66441180511238,98.0704959873542,107.14734470880946,88.00438037219547,85.73921469549092,30.136918226422765,18.993377033844528,15.60001679539099,15.198484252902935,17.39955785057092,18.899896692217062,1215,STOP,0.0,0.0
84.93154088678864,85.00570382807035,165.0,85.0,85.0,15.52323766881288,15.123681362524392,17.313921862345115,24.630824913374806,57.93351167797633,85.66441180511238,98.0704959873542,107.14734470880946,88.00438037219547,85.73921469549092,30.136918226422765,18.993377033844528,15.60001679539099,15.198484252902935,17.39955785057092,18.899896692217062,1216,STOP,0.0,0.0
84.93154088678864,85.00570382807035,165.0,85.0,85.0,15.52323766881288,15.123681362524392,17.313921862345115,24.630824913374806,57.93351167797633,85.66441180511238,98.0704959873542,107.14734470880946,88.00438037219547,85.73921469549092,30.136918226422765,18.993377033844528,15.60001679539099,15.198484252902935,17.39955785057092,18.899896692217062,1217,STOP,0.0,0.0
84.93154088678864,85.00570382807035,165.0,85.0,85.0,15.52323766881288,15.123681362524392,17.313921862345115,24.630824913374806,57.93351167797633,85.66441180511238,98.0704959873542,107.14734470880946,88.00438037219547,85.73921469549092,30.136918226422765,18.993377033844528,15.60001679539099,15.198484252902935,17.39955785057092,18.899896692217062,1218,STOP,0.0,0.0
84.93154088678864,85.00570382807035,165.0,85.0,85.0,15.52323766881288,15.123681362524392,17.313921862345115,24.630824913374806,57.93351167797633,85.66441180511238,98.0704959873542,107.14734470880946,88.00438037219547,85.73921469549092,30.136918226422765,18.993377033844528,15.60001679539099,15.198484252902935,17.39955785057092,18.899896692217062,1219,STOP,0.0,0.0
84.93154088678864,85.00570382807035,165.0,85.0,85.0,15.52323766881288,15.123681362524392,17.313921862345115,24.630824913374806,57.93351167797633,85.66441180511238,98.0704959873542,107.14734470880946,88.00438037219547,85.73921469549092,30.136918226422765,18.993377033844528,15.60001679539099,15.198484252902935,17.39955785057092,18.899896692217062,1220,STOP,0.0,0.0
84.93154088678864,85.00570382807035,165.0,85.0,85.0,15.52323766881288,15.123681362524392,17.313921862345115,24.630824913374806,57.93351167797633,85.66441180511238,98.0704959873542,107.14734470880946,88.00438037219547,85.73921469549092,30.136918226422765,18.993377033844528,15.60001679539099,15.198484252902935,17.39955785057092,18.899896692217062,1221,STOP,0.0,0.0
84.93154088678864,85.00570382807035,165.0,85.0,85.0,15.52323766881288,15.123681362524392,17.313921862345115,24.630824913374806,57.93351167797633,85.66441180511238,98.0704959873542,107.14734470880946,88.00438037219547,85.73921469549092,30.136918226422765,18.993377033844528,15.60001679539099,15.198484252902935,17.39955785057092,18.899896692217062,1222,STOP,0.0,0.0
84.93154088678864,85.00570382807035,165.0,85.0,85.0,15.52323766881288,15.123681362524392,17.313921862345115,24.630824913374806,57.93351167797633,85.66441180511238,98.0704959873542,107.14734470880946,88.00438037219547,85.73921469549092,30.136918226422765,18.993377033844528,15.60001679539099,15.198484252902935,17.39955785057092,18.899896692217062,1223,STOP,0.0,0.0
84.93154088678864,85.00570382807035,165.0,85.0,85.0,15.52323766881288,15.123681362524392,17.313921862345115,24.630824913374806,57.93351167797633,85.66441180511238,98.0704959873542,107.14734470880946,88.00438037219547,85.73921469549092,30.136918226422765,18.993377033844528,15.60001679539099,15.198484252902935,17.39955785057092,18.899896692217062,1224,STOP,0.0,0.0
84.93154088678864,85.00570382807035,165.0,85.0,85.0,15.52323766881288,15.123681362524392,17.313921862345115,24.630824913374806,57.93351167797633,85.66441180511238,98.0704959873542,107.14734470880946,88.00438037219547,85.73921469549092,30.136918226422765,18.993377033844528,15.60001679539099,15.198484252902935,17.39955785057092,18.899896692217062,1225,STOP,0.0,0.0
84.93154088678864,85.00570382807035,165.0,85.0,85.0,15.52323766881288,15.123681362524392,17.313921862345115,24.630824913374806,57.93351167797633,85.66441180511238,98.0704959873542,107.14734470880946,88.00438037219547,85.73921469549092,30.136918226422765,18.993377033844528,15.60001679539099,15.198484252902935,17.39955785057092,18.899896692217062,1226,STOP,0.0,0.0
84.93154088678864,85.00570382807035,165.0,85.0,85.0,15.52323766881288,15.123681362524392,17.313921862345115,24.630824913374806,57.93351167797633,85.66441180511238,98.0704959873542,107.14734470880946,88.00438037219547,85.73921469549092,30.136918226422765,18.993377033844528,15.60001679539099,15.198484252902935,17.39955785057092,18.899896692217062,1227,STOP,0.0,0.0
84.93154088678864,85.00570382807035,165.0,85.0,85.0,15.52323766881288,15.123681362524392,17.313921862345115,24.630824913374806,57.93351167797633,85.66441180511238,98.0704959873542,107.14734470880946,88.00438037219547,85.73921469549092,30.136918226422765,18.993377033844528,15.60001679539099,15.198484252902935,17.39955785057092,18.899896692217062,1228,STOP,0.0,0.0
84.93154088678864,85.00570382807035,165.0,85.0,85.0,15.52323766881288,15.123681362524392,17.313921862345115,24.630824913374806,57.93351167797633,85.66441180511238,98.0704959873542,107.14734470880946,88.00438037219547,85.73921469549092,30.136918226422765,18.993377033844528,15.60001679539099,15.198484252902935,17.39955785057092,18.899896692217062,1229,STOP,0.0,0.0
84.93154088678864,85.00570382807035,165.0,85.0,85.0,15.52323766881288,15.123681362524392,17.313921862345115,24.630824913374806,57.93351167797633,85.66441180511238,98.0704959873542,107.14734470880946,88.00438037219547,85.73921469549092,30.136918226422765,18.993377033844528,15.60001679539099,15.198484252902935,17.39955785057092,18.899896692217062,1230,STOP,0.0,0.0
84.93154088678864,85.00570382807035,165.0,85.0,85.0,15.52323766881288,15.123681362524392,17.313921862345115,24.630824913374806,57.93351167797633,85.66441180511238,98.0704959873542,107.14734470880946,88.00438037219547,85.73921469549092,30.136918226422765,18.993377033844528,15.60001679539099,15.198484252902935,17.39955785057092,18.899896692217062,1231,STOP,0.0,0.0
84.93154088678864,85.00570382807035,165.0,85.0,85.0,15.52323766881288,15.123681362524392,17.313921862345115,24.630824913374806,57.93351167797633,85.66441180511238,98.0704959873542,107.14734470880946,88.00438037219547,85.73921469549092,30.136918226422765,18.993377033844528,15.60001679539099,15.198484252902935,17.39955785057092,18.899896692217062,1232,STOP,0.0,0.0
84.93154088678864,85.00570382807035,165.0,85.0,85.0,15.52323766881288,15.123681362524392,17.313921862345115,24.630824913374806,57.93351167797633,85.66441180511238,98.0704959873542,107.14734470880946,88.00438037219547,85.73921469549092,30.136918226422765,18.993377033844528,15.60001679539099,15.198484252902935,17.39955785057092,18.899896692217062,1233,STOP,0.0,0.0
84.93154088678864,85.00570382807035,165.0,85.0,85.0,15.52323766881288,15.123681362524392,17.313921862345115,24.630824913374806,57.93351167797633,85.66441180511238,98.0704959873542,107.14734470880946,88.00438037219547,85.73921469549092,30.136918226422765,18.993377033844528,15.60001679539099,15.198484252902935,17.39955785057092,18.899896692217062,1234,STOP,0.0,0.0
84.93154088678864,85.00570382807035,165.0,85.0,85.0,15.52323766881288,15.123681362524392,17.313921862345115,24.630824913374806,57.93351167797633,85.66441180511238,98.0704959873542,107.14734470880946,88.00438037219547,85.73921469549092,30.136918226422765,18.993377033844528,15.60001679539099,15.198484252902935,17.39955785057092,18.899896692217062,1235,STOP,0.0,0.0
84.93154088678864,85.00570382807035,165.0,85.0,85.0,15.52323766881288,15.123681362524392,17.313921862345115,24.630824913374806,57.93351167797633,85.66441180511238,98.0704959873542,107.14734470880946,88.00438037219547,85.73921469549092,30.136918226422765,18.993377033844528,15.60001679539099,15.198484252902935,17.39955785057092,18.899896692217062,1236,STOP,0.0,0.0
84.93154088678864,85.00570382807035,165.0,85.0,85.0,15.52323766881288,15.123681362524392,17.313921862345115,24.630824913374806,57.93351167797633,85.66441180511238,98.0704959873542,107.14734470880946,88.00438037219547,85.73921469549092,30.136918226422765,18.993377033844528,15.60001679539099,15.198484252902935,17.39955785057092,18.899896692217062,1237,STOP,0.0,0.0
84.93154088678864,85.00570382807035,165.0,85.0,85.0,15.52323766881288,15.123681362524392,17.313921862345115,24.630824913374806,57.93351167797633,85.66441180511238,98.0704959873542,107.14734470880946,88.00438037219547,85.73921469549092,30.136918226422765,18.993377033844528,15.60001679539099,15.198484252902935,17.39955785057092,18.899896692217062,1238,STOP,0.0,0.0
84.93154088678864,85.00570382807035,165.0,85.0,85.0,15.52323766881288,15.123681362524392,17.313921862345115,24.630824913374806,57.93351167797633,85.66441180511238,98.0704959873542,107.14734470880946,88.00438037219547,85.73921469549092,30.136918226422765,18.993377033844528,15.60001679539099,15.198484252902935,17.39955785057092,18.899896692217062,1239,STOP,0.0,0.0
84.93154088678864,85.00570382807035,165.0,85.0,85.0,15.52323766881288,15.123681362524392,17.313921862345115,24.630824913374806,57.93351167797633,85.66441180511238,98.0704959873542,107.14734470880946,88.00438037219547,85.73921469549092,30.136918226422765,18.993377033844528,15.60001679539099,15.198484252902935,17.39955785057092,18.899896692217062,1240,STOP,0.0,0.0
84.93154088678864,85.00570382807035,165.0,85.0,85.0,15.52323766881288,15.123681362524392,17.313921862345115,24.630824913374806,57.93351167797633,85.66441180511238,98.0704959873542,107.14734470880946,88.00438037219547,85.73921469549092,30.136918226422765,18.993377033844528,15.60001679539099,15.198484252902935,17.39955785057092,18.899896692217062,1241,STOP,0.0,0.0
84.93154088678864,85.00570382807035,165.0,85.0,85.0,15.52323766881288,15.123681362524392,17.313921862345115,24.630824913374806,57.93351167797633,85.66441180511238,98.0704959873542,107.14734470880946,88.00438037219547,85.73921469549092,30.136918226422765,18.993377033844528,15.60001679539099,15.198484252902935,17.39955785057092,18.899896692217062,1242,STOP,0.0,0.0
84.93154088678864,85.00570382807035,165.0,85.0,85.0,15.52323766881288,15.123681362524392,17.313921862345115,24.630824913374806,57.93351167797633,85.66441180511238,98.0704959873542,107.14734470880946,88.00438037219547,85.73921469549092,30.136918226422765,18.993377033844528,15.60001679539099,15.198484252902935,17.39955785057092,18.899896692217062,1243,STOP,0.0,0.0
84.93154088678864,85.00570382807035,165.0,85.0,85.0,15.52323766881288,15.123681362524392,17.313921862345115,24.630824913374806,57.93351167797633,85.66441180511238,98.0704959873542,107.14734470880946,88.00438037219547,85.73921469549092,30.136918226422765,18.993377033844528,15.60001679539099,15.198484252902935,17.39955785057092,18.899896692217062,1244,STOP,0.0,0.0
84.93154088678864,85.00570382807035,165.0,85.0,85.0,15.52323766881288,15.123681362524392,17.313921862345115,24.630824913374806,57.93351167797633,85.66441180511238,98.0704959873542,107.14734470880946,88.00438037219547,85.73921469549092,30.136918226422765,18.993377033844528,15.60001679539099,15.198484252902935,17.39955785057092,18.899896692217062,1245,STOP,0.0,0.0
84.93154088678864,85.00570382807035,165.0,85.0,85.0,15.52323766881288,15.123681362524392,17.313921862345115,24.630824913374806,57.93351167797633,85.66441180511238,98.0704959873542,107.14734470880946,88.00438037219547,85.73921469549092,30.136918226422765,18.993377033844528,15.60001679539099,15.198484252902935,17.39955785057092,18.899896692217062,1246,STOP,0.0,0.0
84.93154088678864,85.00570382807035,165.0,85.0,85.0,15.52323766881288,15.123681362524392,17.313921862345115,24.630824913374806,57.93351167797633,85.66441180511238,98.0704959873542,107.14734470880946,88.00438037219547,85.73921469549092,30.136918226422765,18.993377033844528,15.60001679539099,15.198484252902935,17.39955785057092,18.899896692217062,1247,STOP,0.0,0.0
84.93154088678864,85.00570382807035,165.0,85.0,85.0,15.52323766881288,15.123681362524392,17.313921862345115,24.630824913374806,57.93351167797633,85.66441180511238,98.0704959873542,107.14734470880946,88.00438037219547,85.73921469549092,30.136918226422765,18.993377033844528,15.60001679539099,15.198484252902935,17.39955785057092,18.899896692217062,1248,STOP,0.0,0.0
84.93154088678864,85.00570382807035,165.0,85.0,85.0,15.52323766881288,15.123681362524392,17.313921862345115,24.630824913374806,57.93351167797633,85.66441180511238,98.0704959873542,107.14734470880946,88.00438037219547,85.73921469549092,30.136918226422765,18.993377033844528,15.60001679539099,15.198484252902935,17.39955785057092,18.899896692217062,1249,STOP,0.0,0.0
84.93154088678864,85.00570382807035,165.0,85.0,85.0,15.52323766881288,15.123681362524392,17.313921862345115,24.630824913374806,57.93351167797633,85.66441180511238,98.0704959873542,107.14734470880946,88.00438037219547,85.73921469549092,30.136918226422765,18.993377033844528,15.60001679539099,15.198484252902935,17.39955785057092,18.899896692217062,1250,RIGHT,0.25881904510251863,0.9659258262890599
84.93154088678864,85.00570382807035,162.0,85.0,85.0,15.765936003824514,15.040661511803544,16.8284920086171,23.08775307044491,48.52256168712903,85.19416606866282,95.32089673995834,111.7898960208617,89.38028642000226,85.26855833647905,33.19113312251275,19.816334688170144,15.843915535020637,15.115053779619771,16.91172702347771,19.71880396821688,1251,RIGHT,0.30901699437494484,0.9510565162951452
84.93154088678864,85.00570382807035,158.99999999999997,85.0,85.0,16.061065277673322,14.999436104063253,16.413300560458556,21.782808891504423,41.84050552219988,84.96065478124248,92.96914584409843,117.18873346661215,91.05343408602961,85.03484314502357,37.047213153114434,20.77335471914011,16.140504540940643,15.07362446784434,16.49448200650621,20.671113801559546,1252,RIGHT,0.35836794954529727,0.9335804264971935
84.93154088678864,85.00570382807035,156.0,85.0,85.0,16.41330056045855,14.999436104063253,16.061065277673322,20.671113801559546,36.86487663993241,84.96065478124248,90.97399482276226,117.08649254903149,93.05032729014619,85.03484314502357,42.047451878245155,21.89054833844138,16.49448200650625,15.073624467844338,16.140504540940626,20.773354719140066,1253,RIGHT,0.40673664307579677,0.9135454576425928
84.93154088678864,85.00570382807035,153.0,85.0,85.0,16.828492008617104,15.040661511803545,15.765936003824518,19.718803968216857,33.02777520792132,85.19416606866282,89.3023068888061,111.69236530090838,95.40413175481902,85.26855833647905,48.76255800652832,23.201946871584884,16.911727023477713,15.115053779619771,15.843915535020615,19.816334688170098,1254,RIGHT,0.4539904997395429,0.8910065241883599
84.93154088678864,85.00570382807035,149.99999999999997,85.0,85.0,17.313921862345122,15.123681362524392,15.523237668812872,18.899896692217027,29.98859234385925,85.66441180511238,87.92760124561734,107.05386436718193,98.15613197558007,85.73921469549093,58.22005527932708,24.75265086644568,17.39955785057093,15.198484252902935,15.600016795390982,18.993377033844503,1255,RIGHT,0.49999999999999567,0.8660254037844308
84.93154088678864,85.00570382807035,147.0,85.0,85.0,17.878648357319502,15.249653021390476,15.329277667993006,18.1941750898621,27.530704205797374,82.27976477931993,86.82896203300305,103.05647613116001,101.35768092627531,86.45337355973612,72.47528531918562,26.603624979523573,17.967077526192575,15.325078977275554,15.405097453499895,18.28416487820469,1256,RIGHT,0.5446390350150224,0.8386705679454164
84.93154088678864,85.00570382807035,144.0,85.0,85.0,18.533969343269952,15.420362001528556,15.181201959815334,17.585725841672506,25.509820318643694,64.23043029967775,85.99022322731139,99.61006346813083,105.07282840670908,87.42115736499235,86.065310618985,28.839235417619268,18.62563978010547,15.496632297149567,15.256289351488942,17.672706193270074,1257,RIGHT,0.587785252292468,0.80901699437494
84.93154088678864,85.00570382807035,140.99999999999997,85.0,85.0,19.29405403306581,15.638284889902609,15.076888947102825,17.06190737059211,23.826172463466552,52.79396501467464,85.39936755775331,96.6430212419604,109.38190255625099,88.65660638467767,85.47393900924887,31.579550389084584,19.38948390719484,15.71563304887838,15.151460398598372,17.146296875772613,1258,RIGHT,0.629320391049832,0.7771459614569637
84.93154088678864,85.00570382807035,138.0,85.0,85.0,20.17681568636016,15.906679595183881,15.014873534272859,16.61260872730734,22.408624010673517,44.91907747596305,85.0480963470219,94.09807844138021,114.38645727427752,90.17819036331588,85.12236106551929,35.00132569154509,20.27661176747273,15.985355254999984,15.089138252770233,16.694775966866437,1259,RIGHT,0.6691306063588524,0.7431448254773874
84.93154088678864,85.00570382807035,135.0,85.0,85.0,21.205137004581918,16.22970922537077,14.994296171929662,16.22970922537077,21.20513700458189,39.1819841252618,84.93154088678867,91.92923741467457,120.11133699534152,92.0095108038687,85.00570382807038,39.37578123015196,21.310019241968007,16.309982614564838,15.068459113211404,16.309982614564834,1260,RIGHT,0.7071067811865412,0.7071067811865409
84.93154088678864,85.00570382807035,131.99999999999997,85.0,85.0,20.27661176747269,16.61260872730734,15.01487353427286,15.906679595183881,20.176815686360122,34.8290584913925,85.04809634702191,90.09951470349974,114.28666119316493,94.18024568093938,85.12236106551929,45.141250685501106,22.519458787288073,16.69477596686646,15.089138252770237,15.985355254999975,1261,RIGHT,0.7431448254773876,0.6691306063588519
84.93154088678864,85.00570382807035,129.0,85.0,85.0,19.389483907194805,17.061907370592134,15.07688894710284,15.63828488990259,19.294054033065763,31.424124255356176,85.39936755775334,88.57925822570185,109.28647268212193,96.727410747141,85.47393900924888,53.05508802321879,23.944018543677032,17.146296875772613,15.151460398598376,15.715633048878377,1262,RIGHT,0.7771459614569639,0.6293203910498315
84.93154088678864,85.00570382807035,126.0,85.0,85.0,18.625639780105463,17.585725841672513,15.181201959815349,15.420362001528552,18.533969343269934,28.69729638411761,85.99022322731142,87.34488706937134,104.98115796987354,99.69704381972845,86.06531061898501,64.54811894449317,25.635993850545905,17.672706193270088,15.256289351488936,15.496632297149537,1263,RIGHT,0.8090169943749401,0.5877852522924676
84.93154088678864,85.00570382807035,122.99999999999999,85.0,85.0,17.96707752619255,18.194175089862103,15.329277667993011,15.24965302139047,17.878648357319477,26.472689024996626,72.11858127339511,86.37794760385103,101.26925175740222,103.14646591950273,86.90478181850997,82.68672681968812,27.666873184724366,18.284164878204734,15.405097453499897,15.325078977275558,1264,RIGHT,0.8386705679454164,0.5446390350150219
84.93154088678864,85.00570382807035,119.99999999999999,85.0,85.0,17.399557850570922,18.899896692217066,15.523237668812875,15.123681362524392,17.313921862345115,24.63082491337482,57.93351167797642,85.6644118051124,98.07049598735426,107.14734470880951,88.00438037219548,85.7392146954909,30.13691822642281,18.9933770338445,15.60001679539099,15.198484252902931,1265,RIGHT,0.8660254037844307,0.4999999999999952
84.93154088678864,85.00570382807035,117.0,85.0,85.0,16.911727023477702,19.718803968216868,15.765936003824518,15.040661511803545,16.828492008617093,23.08775307044491,48.522561687129055,85.19416606866281,95.32089673995839,111.78989602086175,89.38028642000229,85.26855833647903,33.19113312251275,19.816334688170105,15.84391553502064,15.115053779619771,1266,RIGHT,0.8910065241883597,0.4539904997395424
84.93154088678864,85.00570382807035,114.0,85.0,85.0,16.49448200650624,20.671113801559546,16.06106527767335,14.999436104063268,16.413300560458545,21.782808891504402,41.84050552219997,84.96065478124248,92.96914584409848,117.18873346661219,91.05343408602965,85.03484314502357,37.04721315311447,20.77335471914008,16.140504540940654,15.073624467844338,1267,RIGHT,0.9135454576425924,0.40673664307579627
84.93154088678864,85.00570382807035,110.99999999999999,85.0,85.0,16.14050454094063,20.773354719140066,16.413300560458566,14.999436104063266,16.061065277673322,20.671113801559546,36.864876639932426,84.96065478124248,90.9739948227623,117.08649254903145,93.0503272901462,85.03484314502357,42.04745187824521,21.89054833844132,16.49448200650625,15.07362446784434,1268,RIGHT,0.933580426497193,0.35836794954529677
84.93154088678864,85.00570382807035,107.99999999999999,85.0,85.0,15.843915535020637,19.816334688170098,16.82849200861711,15.040661511803545,15.765936003824505,19.718803968216868,33.02777520792132,85.19416606866282,89.30230688880613,111.69236530090834,95.40413175481903,85.26855833647906,48.76255800652834,23.20194687158481,16.911727023477752,15.115053779619773,1269,RIGHT,0.9510565162951445,0.30901699437494434
84.93154088678864,85.00570382807035,105.0,85.0,85.0,15.600016795391005,18.99337703384451,17.313921862345147,15.123681362524408,15.523237668812868,18.899896692217034,29.988592343859274,85.66441180511241,87.92760124561735,107.0538643671819,98.1561319755801,85.73921469549094,58.22005527932715,24.752650866445595,17.399557850570925,15.198484252902936,1270,RIGHT,0.965925826289059,0.25881904510251813
84.93154088678864,85.00570382807035,101.99999999999999,85.0,85.0,15.405097453499895,18.284164878204727,17.87864835731952,15.24965302139047,15.329277667993008,18.194175089862092,27.53070420579739,82.27976477931955,86.82896203300307,103.05647613116,101.35768092627534,86.45337355973615,72.47528531918574,26.60362497952346,17.967077526192575,15.325078977275561,1271,RIGHT,0.9781476007337961,0.20791169081775718
84.93154088678864,85.00570382807035,99.0,85.0,85.0,15.256289351488943,17.672706193270074,18.53396934326995,15.420362001528556,15.181201959815345,17.585725841672506,25.50982031864371,64.23043029967768,85.9902232273114,99.61006346813082,105.07282840670914,87.42115736499238,86.06531061898498,28.839235417619175,18.625639780105487,15.49663229714957,1272,RIGHT,0.987688340595128,0.1564344650402292
84.93154088678864,85.00570382807035,96.0,85.0,85.0,15.151460398598372,17.146296875772652,19.294054033065816,15.63828488990258,15.076888947102837,17.06190737059211,23.82617246346654,52.79396501467453,85.39936755775332,96.6430212419604,109.38190255625105,88.6566063846777,85.47393900924885,31.57955038908443,19.389483907194858,15.715633048878376,1273,RIGHT,0.9945218953682635,0.10452846326765232
84.93154088678864,85.00570382807035,92.99999999999999,85.0,85.0,15.08913825277022,16.69477596686648,20.17681568636017,15.906679595183885,15.014873534272846,16.612608727307332,22.408624010673527,44.919077475963,85.04809634702191,94.09807844138018,114.3864572742776,90.1781903633159,85.12236106551929,35.001325691544906,20.27661176747272,15.985355254999998,1274,RIGHT,0.998629534754564,0.052335956242943196
84.93154088678864,85.00570382807035,89.99999999999999,85.0,85.0,15.068459113211375,16.309982614564845,21.20513700458191,16.229709225370783,14.994296171929676,16.229709225370758,21.20513700458188,39.18198412526176,84.93154088678867,91.92923741467457,120.11133699534146,92.00951080386874,85.00570382807038,39.375781230151766,21.310019241968018,16.30998261456485,1275,RIGHT,0.99999999999999,-1.1815163501040957e-16
84.93154088678864,85.00570382807035,87.0,85.0,85.0,15.089138252770221,15.985355254999998,20.27661176747271,16.61260872730734,15.01487353427286,15.906679595183867,20.176815686360122,34.82905849139251,85.04809634702191,90.09951470349972,114.28666119316489,94.18024568093942,85.12236106551929,45.14125068550087,22.519458787288105,16.69477596686648,1276,RIGHT,0.9986295347545638,-0.05233595624294343
84.93154088678864,85.00570382807035,83.99999999999999,85.0,85.0,15.151460398598376,15.715633048878384,19.389483907194805,17.061907370592145,15.076888947102827,15.63828488990259,19.29405403306578,31.42412425535622,85.39936755775332,88.57925822570184,109.28647268212191,96.72741074714105,85.47393900924888,53.055088023218474,23.944018543677075,17.146296875772656,1277,RIGHT,0.9945218953682633,-0.10452846326765255
84.93154088678864,85.00570382807035,80.99999999999999,85.0,85.0,15.256289351488947,15.496632297149551,18.625639780105452,17.585725841672527,15.181201959815352,15.420362001528552,18.533969343269934,28.69729638411767,85.9902232273114,87.34488706937132,104.9811579698735,99.69704381972853,86.06531061898501,64.54811894449266,25.635993850545887,17.67270619327008,1278,RIGHT,0.9876883405951278,-0.15643446504022943
84.93154088678864,85.00570382807035,78.0,85.0,85.0,15.405097453499911,15.325078977275554,17.96707752619256,18.194175089862114,15.329277667993011,15.249653021390472,17.878648357319477,26.472689024996637,72.11858127339548,86.37794760385101,101.26925175740219,103.14646591950282,86.90478181850999,82.68672681968721,27.666873184724366,18.284164878204745,1279,RIGHT,0.9781476007337957,-0.20791169081775737
84.93154088678864,85.00570382807035,74.99999999999999,85.0,85.0,15.600016795390987,15.198484252902935,17.39955785057092,18.899896692217066,15.523237668812882,15.123681362524392,17.313921862345133,24.63082491337482,57.933511677976576,85.6644118051124,98.07049598735424,107.1473447088096,88.0043803721955,85.73921469549094,30.13691822642281,18.99337703384455,1280,RIGHT,0.9659258262890583,-0.2588190451025183
84.93154088678864,85.00570382807035,71.99999999999999,85.0,85.0,15.843915535020637,15.115053779619771,16.91172702347772,19.718803968216868,15.765936003824535,15.040661511803545,16.828492008617104,23.0877530704449,48.52256168712917,85.19416606866281,95.32089673995837,111.78989602086185,89.3802864200023,85.26855833647905,33.1911331225128,19.816334688170134,1281,RIGHT,0.9510565162951437,-0.30901699437494445
84.93154088678864,85.00570382807035,68.99999999999999,85.0,85.0,16.14050454094066,15.073624467844352,16.494482006506242,20.671113801559517,16.06106527767335,14.999436104063268,16.41330056045855,21.782808891504423,41.84050552220007,84.9606547812425,92.96914584409848,117.1887334666123,91.05343408602967,85.03484314502357,37.04721315311447,20.773354719140098,1282,RIGHT,0.933580426497192,-0.35836794954529677
84.93154088678864,85.00570382807035,65.99999999999999,85.0,85.0,16.49448200650625,15.073624467844352,16.14050454094064,20.77335471914008,16.413300560458588,14.999436104063266,16.061065277673336,20.671113801559496,36.86487663993257,84.96065478124251,90.9739948227623,117.0864925490313,93.05032729014623,85.03484314502357,42.04745187824523,21.89054833844134,1283,RIGHT,0.9135454576425913,-0.40673664307579616
84.93154088678864,85.00570382807035,62.999999999999986,85.0,85.0,16.911727023477745,15.115053779619771,15.843915535020631,19.816334688170116,16.828492008617147,15.040661511803549,15.765936003824496,19.718803968216857,33.02777520792145,85.19416606866282,89.30230688880611,111.69236530090824,95.40413175481906,85.26855833647905,48.76255800652842,23.201946871584862,1284,RIGHT,0.8910065241883585,-0.45399049973954225
84.93154088678864,85.00570382807035,59.999999999999986,85.0,85.0,17.39955785057091,15.198484252902924,15.600016795390982,18.99337703384449,17.31392186234516,15.123681362524392,15.523237668812872,18.899896692217055,29.98859234385933,85.66441180511241,87.92760124561734,107.05386436718182,98.15613197558012,85.73921469549093,58.220055279327255,24.75265086644567,1285,RIGHT,0.8660254037844295,-0.49999999999999495
84.93154088678864,85.00570382807035,56.999999999999986,85.0,85.0,17.967077526192575,15.32507897727556,15.405097453499895,18.28416487820472,17.87864835731951,15.249653021390472,15.329277667993006,18.194175089862096,27.530704205797395,82.27976477931949,86.82896203300305,103.0564761311599,101.35768092627536,86.45337355973611,72.47528531918582,26.603624979523502,1286,RIGHT,0.8386705679454152,-0.5446390350150216
84.93154088678864,85.00570382807035,53.99999999999998,85.0,85.0,18.625639780105473,15.49663229714956,15.25628935148896,17.672706193270066,18.53396934326995,15.420362001528556,15.181201959815345,17.585725841672513,25.5098203186437,64.23043029967761,85.99022322731139,99.61006346813075,105.07282840670916,87.42115736499235,86.06531061898498,28.839235417619225,1287,RIGHT,0.8090169943749388,-0.5877852522924673
84.93154088678864,85.00570382807035,50.999999999999986,85.0,85.0,19.389483907194833,15.71563304887839,15.151460398598374,17.146296875772652,19.294054033065834,15.63828488990258,15.076888947102825,17.061907370592124,23.826172463466566,52.79396501467452,85.39936755775332,96.64302124196033,109.38190255625109,88.65660638467764,85.47393900924885,31.57955038908452,1288,RIGHT,0.7771459614569626,-0.6293203910498311
84.93154088678864,85.00570382807035,47.999999999999986,85.0,85.0,20.27661176747272,15.985355255000007,15.089138252770233,16.69477596686648,20.1768156863602,15.906679595183896,15.014873534272859,16.612608727307332,22.408624010673538,44.919077475962986,85.0480963470219,94.09807844138015,114.38645727427763,90.17819036331586,85.12236106551927,35.00132569154496,1289,RIGHT,0.7431448254773863,-0.6691306063588514
84.93154088678864,85.00570382807035,44.999999999999986,85.0,85.0,21.310019241967986,16.309982614564824,15.06845911321139,16.309982614564834,21.20513700458194,16.22970922537077,14.994296171929676,16.229709225370776,21.2051370045819,39.181984125261714,84.93154088678867,91.92923741467453,120.11133699534142,92.00951080386866,85.00570382807038,39.3757812301519,1290,RIGHT,0.7071067811865399,-0.7071067811865402
84.93154088678864,85.00570382807035,41.999999999999986,85.0,85.0,22.519458787288062,16.69477596686646,15.089138252770235,15.985355254999998,20.27661176747268,16.61260872730734,15.01487353427286,15.906679595183896,20.17681568636016,34.82905849139243,85.04809634702191,90.0995147034997,114.28666119316483,94.18024568093934,85.12236106551929,45.141250685501035,1291,RIGHT,0.6691306063588509,-0.7431448254773866
84.93154088678864,85.00570382807035,38.999999999999986,85.0,85.0,23.94401854367701,17.14629687577264,15.151460398598374,15.715633048878377,19.389483907194784,17.061907370592145,15.076888947102827,15.63828488990259,19.294054033065798,31.42412425535615,85.39936755775334,88.5792582257018,109.28647268212184,96.72741074714095,85.47393900924888,53.05508802321866,1292,RIGHT,0.6293203910498305,-0.7771459614569628
84.93154088678864,85.00570382807035,35.999999999999986,85.0,85.0,25.63599385054584,17.672706193270095,15.25628935148896,15.496632297149567,18.625639780105438,17.585725841672527,15.181201959815365,15.420362001528556,18.53396934326994,28.69729638411762,85.9902232273114,87.3448870693713,104.98115796987346,99.6970438197284,86.06531061898502,64.54811894449296,1293,RIGHT,0.5877852522924666,-0.8090169943749389
84.93154088678864,85.00570382807035,32.999999999999986,85.0,85.0,27.66687318472434,18.284164878204727,15.405097453499886,15.325078977275558,17.96707752619255,18.194175089862114,15.329277667993027,15.249653021390486,17.87864835731949,26.472689024996594,72.11858127339522,86.377947603851,101.26925175740216,103.14646591950267,86.90478181850999,82.68672681968775,1294,STOP,0.0,0.0
84.93154088678864,85.00570382807035,32.999999999999986,85.0,85.0,27.66687318472434,18.284164878204727,15.405097453499886,15.325078977275558,17.96707752619255,18.194175089862114,15.329277667993027,15.249653021390486,17.87864835731949,26.472689024996594,72.11858127339522,86.377947603851,101.26925175740216,103.14646591950267,86.90478181850999,82.68672681968775,1295,STOP,0.0,0.0
84.93154088678864,85.00570382807035,32.999999999999986,85.0,85.0,27.66687318472434,18.284164878204727,15.405097453499886,15.325078977275558,17.96707752619255,18.194175089862114,15.329277667993027,15.249653021390486,17.87864835731949,26.472689024996594,72.11858127339522,86.377947603851,101.26925175740216,103.14646591950267,86.90478181850999,82.68672681968775,1296,STOP,0.0,0.0
84.93154088678864,85.00570382807035,32.999999999999986,85.0,85.0,27.66687318472434,18.284164878204727,15.405097453499886,15.325078977275558,17.96707752619255,18.194175089862114,15.329277667993027,15.249653021390486,17.87864835731949,26.472689024996594,72.11858127339522,86.377947603851,101.26925175740216,103.14646591950267,86.90478181850999,82.68672681968775,1297,STOP,0.0,0.0
84.93154088678864,85.00570382807035,32.999999999999986,85.0,85.0,27.66687318472434,18.284164878204727,15.405097453499886,15.325078977275558,17.96707752619255,18.194175089862114,15.329277667993027,15.249653021390486,17.87864835731949,26.472689024996594,72.11858127339522,86.377947603851,101.26925175740216,103.14646591950267,86.90478181850999,82.68672681968775,1298,STOP,0.0,0.0
84.93154088678864,85.00570382807035,32.999999999999986,85.0,85.0,27.66687318472434,18.284164878204727,15.405097453499886,15.325078977275558,17.96707752619255,18.194175089862114,15.329277667993027,15.249653021390486,17.87864835731949,26.472689024996594,72.11858127339522,86.377947603851,101.26925175740216,103.14646591950267,86.90478181850999,82.68672681968775,1299,STOP,0.0,0.0
84.93154088678864,85.00570382807035,32.999999999999986,85.0,85.0,27.66687318472434,18.284164878204727,15.405097453499886,15.325078977275558,17.96707752619255,18.194175089862114,15.329277667993027,15.249653021390486,17.87864835731949,26.472689024996594,72.11858127339522,86.377947603851,101.26925175740216,103.14646591950267,86.90478181850999,82.68672681968775,1300,STOP,0.0,0.0
84.93154088678864,85.00570382807035,32.999999999999986,85.0,85.0,27.66687318472434,18.284164878204727,15.405097453499886,15.325078977275558,17.96707752619255,18.194175089862114,15.329277667993027,15.249653021390486,17.87864835731949,26.472689024996594,72.11858127339522,86.377947603851,101.26925175740216,103.14646591950267,86.90478181850999,82.68672681968775,1301,STOP,0.0,0.0
84.93154088678864,85.00570382807035,32.999999999999986,85.0,85.0,27.66687318472434,18.284164878204727,15.405097453499886,15.325078977275558,17.96707752619255,18.194175089862114,15.329277667993027,15.249653021390486,17.87864835731949,26.472689024996594,72.11858127339522,86.377947603851,101.26925175740216,103.14646591950267,86.90478181850999,82.68672681968775,1302,STOP,0.0,0.0
84.93154088678864,85.00570382807035,32.999999999999986,85.0,85.0,27.66687318472434,18.284164878204727,15.405097453499886,15.325078977275558,17.96707752619255,18.194175089862114,15.329277667993027,15.249653021390486,17.87864835731949,26.472689024996594,72.11858127339522,86.377947603851,101.26925175740216,103.14646591950267,86.90478181850999,82.68672681968775,1303,STOP,0.0,0.0
84.93154088678864,85.00570382807035,32.999999999999986,85.0,85.0,27.66687318472434,18.284164878204727,15.405097453499886,15.325078977275558,17.96707752619255,18.194175089862114,15.329277667993027,15.249653021390486,17.87864835731949,26.472689024996594,72.11858127339522,86.377947603851,101.26925175740216,103.14646591950267,86.90478181850999,82.68672681968775,1304,STOP,0.0,0.0
84.93154088678864,85.00570382807035,32.999999999999986,85.0,85.0,27.66687318472434,18.284164878204727,15.405097453499886,15.325078977275558,17.96707752619255,18.194175089862114,15.329277667993027,15.249653021390486,17.87864835731949,26.472689024996594,72.11858127339522,86.377947603851,101.26925175740216,103.14646591950267,86.90478181850999,82.68672681968775,1305,STOP,0.0,0.0
84.93154088678864,85.00570382807035,32.999999999999986,85.0,85.0,27.66687318472434,18.284164878204727,15.405097453499886,15.325078977275558,17.96707752619255,18.194175089862114,15.329277667993027,15.249653021390486,17.87864835731949,26.472689024996594,72.11858127339522,86.377947603851,101.26925175740216,103.14646591950267,86.90478181850999,82.68672681968775,1306,STOP,0.0,0.0
84.93154088678864,85.00570382807035,32.999999999999986,85.0,85.0,27.66687318472434,18.284164878204727,15.405097453499886,15.325078977275558,17.96707752619255,18.194175089862114,15.329277667993027,15.249653021390486,17.87864835731949,26.472689024996594,72.11858127339522,86.377947603851,101.26925175740216,103.14646591950267,86.90478181850999,82.68672681968775,1307,STOP,0.0,0.0
84.93154088678864,85.00570382807035,32.999999999999986,85.0,85.0,27.66687318472434,18.284164878204727,15.405097453499886,15.325078977275558,17.96707752619255,18.194175089862114,15.329277667993027,15.249653021390486,17.87864835731949,26.472689024996594,72.11858127339522,86.377947603851,101.26925175740216,103.14646591950267,86.90478181850999,82.68672681968775,1308,STOP,0.0,0.0
84.93154088678864,85.00570382807035,32.999999999999986,85.0,85.0,27.66687318472434,18.284164878204727,15.405097453499886,15.325078977275558,17.96707752619255,18.194175089862114,15.329277667993027,15.249653021390486,17.87864835731949,26.472689024996594,72.11858127339522,86.377947603851,101.26925175740216,103.14646591950267,86.90478181850999,82.68672681968775,1309,STOP,0.0,0.0
84.93154088678864,85.00570382807035,32.999999999999986,85.0,85.0,27.66687318472434,18.284164878204727,15.405097453499886,15.325078977275558,17.96707752619255,18.194175089862114,15.329277667993027,15.249653021390486,17.87864835731949,26.472689024996594,72.11858127339522,86.377947603851,101.26925175740216,103.14646591950267,86.90478181850999,82.68672681968775,1310,STOP,0.0,0.0
84.93154088678864,85.00570382807035,32.999999999999986,85.0,85.0,27.66687318472434,18.284164878204727,15.405097453499886,15.325078977275558,17.96707752619255,18.194175089862114,15.329277667993027,15.249653021390486,17.87864835731949,26.472689024996594,72.11858127339522,86.377947603851,101.26925175740216,103.14646591950267,86.90478181850999,82.68672681968775,1311,STOP,0.0,0.0
84.93154088678864,85.00570382807035,32.999999999999986,85.0,85.0,27.66687318472434,18.284164878204727,15.405097453499886,15.325078977275558,17.96707752619255,18.194175089862114,15.329277667993027,15.249653021390486,17.87864835731949,26.472689024996594,72.11858127339522,86.377947603851,101.26925175740216,103.14646591950267,86.90478181850999,82.68672681968775,1312,STOP,0.0,0.0
84.93154088678864,85.00570382807035,32.999999999999986,85.0,85.0,27.66687318472434,18.284164878204727,15.405097453499886,15.325078977275558,17.96707752619255,18.194175089862114,15.329277667993027,15.249653021390486,17.87864835731949,26.472689024996594,72.11858127339522,86.377947603851,101.26925175740216,103.14646591950267,86.90478181850999,82.68672681968775,1313,STOP,0.0,0.0
84.93154088678864,85.00570382807035,32.999999999999986,85.0,85.0,27.66687318472434,18.284164878204727,15.405097453499886,15.325078977275558,17.96707752619255,18.194175089862114,15.329277667993027,15.249653021390486,17.87864835731949,26.472689024996594,72.11858127339522,86.377947603851,101.26925175740216,103.14646591950267,86.90478181850999,82.68672681968775,1314,STOP,0.0,0.0
84.93154088678864,85.00570382807035,32.999999999999986,85.0,85.0,27.66687318472434,18.284164878204727,15.405097453499886,15.325078977275558,17.96707752619255,18.194175089862114,15.329277667993027,15.249653021390486,17.87864835731949,26.472689024996594,72.11858127339522,86.377947603851,101.26925175740216,103.14646591950267,86.90478181850999,82.68672681968775,1315,STOP,0.0,0.0
84.93154088678864,85.00570382807035,32.999999999999986,85.0,85.0,27.66687318472434,18.284164878204727,15.405097453499886,15.325078977275558,17.96707752619255,18.194175089862114,15.329277667993027,15.249653021390486,17.87864835731949,26.472689024996594,72.11858127339522,86.377947603851,101.26925175740216,103.14646591950267,86.90478181850999,82.68672681968775,1316,STOP,0.0,0.0
84.93154088678864,85.00570382807035,32.999999999999986,85.0,85.0,27.66687318472434,18.284164878204727,15.405097453499886,15.325078977275558,17.96707752619255,18.194175089862114,15.329277667993027,15.249653021390486,17.87864835731949,26.472689024996594,72.11858127339522,86.377947603851,101.26925175740216,103.14646591950267,86.90478181850999,82.68672681968775,1317,STOP,0.0,0.0
84.93154088678864,85.00570382807035,32.999999999999986,85.0,85.0,27.66687318472434,18.284164878204727,15.405097453499886,15.325078977275558,17.96707752619255,18.194175089862114,15.329277667993027,15.249653021390486,17.87864835731949,26.472689024996594,72.11858127339522,86.377947603851,101.26925175740216,103.14646591950267,86.90478181850999,82.68672681968775,1318,STOP,0.0,0.0
84.93154088678864,85.00570382807035,32.999999999999986,85.0,85.0,27.66687318472434,18.284164878204727,15.405097453499886,15.325078977275558,17.96707752619255,18.194175089862114,15.329277667993027,15.249653021390486,17.87864835731949,26.472689024996594,72.11858127339522,86.377947603851,101.26925175740216,103.14646591950267,86.90478181850999,82.68672681968775,1319,STOP,0.0,0.0
84.93154088678864,85.00570382807035,32.999999999999986,85.0,85.0,27.66687318472434,18.284164878204727,15.405097453499886,15.325078977275558,17.96707752619255,18.194175089862114,15.329277667993027,15.249653021390486,17.87864835731949,26.472689024996594,72.11858127339522,86.377947603851,101.26925175740216,103.14646591950267,86.90478181850999,82.68672681968775,1320,STOP,0.0,0.0
84.93154088678864,85.00570382807035,32.999999999999986,85.0,85.0,27.66687318472434,18.284164878204727,15.405097453499886,15.325078977275558,17.96707752619255,18.194175089862114,15.329277667993027,15.249653021390486,17.87864835731949,26.472689024996594,72.11858127339522,86.377947603851,101.26925175740216,103.14646591950267,86.90478181850999,82.68672681968775,1321,STOP,0.0,0.0
84.93154088678864,85.00570382807035,32.999999999999986,85.0,85.0,27.66687318472434,18.284164878204727,15.405097453499886,15.325078977275558,17.96707752619255,18.194175089862114,15.329277667993027,15.249653021390486,17.87864835731949,26.472689024996594,72.11858127339522,86.377947603851,101.26925175740216,103.14646591950267,86.90478181850999,82.68672681968775,1322,STOP,0.0,0.0
84.93154088678864,85.00570382807035,32.999999999999986,85.0,85.0,27.66687318472434,18.284164878204727,15.405097453499886,15.325078977275558,17.96707752619255,18.194175089862114,15.329277667993027,15.249653021390486,17.87864835731949,26.472689024996594,72.11858127339522,86.377947603851,101.26925175740216,103.14646591950267,86.90478181850999,82.68672681968775,1323,STOP,0.0,0.0
84.93154088678864,85.00570382807035,32.999999999999986,85.0,85.0,27.66687318472434,18.284164878204727,15.405097453499886,15.325078977275558,17.96707752619255,18.194175089862114,15.329277667993027,15.249653021390486,17.87864835731949,26.472689024996594,72.11858127339522,86.377947603851,101.26925175740216,103.14646591950267,86.90478181850999,82.68672681968775,1324,STOP,0.0,0.0
84.93154088678864,85.00570382807035,32.999999999999986,85.0,85.0,27.66687318472434,18.284164878204727,15.405097453499886,15.325078977275558,17.96707752619255,18.194175089862114,15.329277667993027,15.249653021390486,17.87864835731949,26.472689024996594,72.11858127339522,86.377947603851,101.26925175740216,103.14646591950267,86.90478181850999,82.68672681968775,1325,STOP,0.0,0.0
84.93154088678864,85.00570382807035,32.999999999999986,85.0,85.0,27.66687318472434,18.284164878204727,15.405097453499886,15.325078977275558,17.96707752619255,18.194175089862114,15.329277667993027,15.249653021390486,17.87864835731949,26.472689024996594,72.11858127339522,86.377947603851,101.26925175740216,103.14646591950267,86.90478181850999,82.68672681968775,1326,STOP,0.0,0.0
84.93154088678864,85.00570382807035,32.999999999999986,85.0,85.0,27.66687318472434,18.284164878204727,15.405097453499886,15.325078977275558,17.96707752619255,18.194175089862114,15.329277667993027,15.249653021390486,17.87864835731949,26.472689024996594,72.11858127339522,86.377947603851,101.26925175740216,103.14646591950267,86.90478181850999,82.68672681968775,1327,STOP,0.0,0.0
84.93154088678864,85.00570382807035,32.999999999999986,85.0,85.0,27.66687318472434,18.284164878204727,15.405097453499886,15.325078977275558,17.96707752619255,18.194175089862114,15.329277667993027,15.249653021390486,17.87864835731949,26.472689024996594,72.11858127339522,86.377947603851,101.26925175740216,103.14646591950267,86.90478181850999,82.68672681968775,1328,STOP,0.0,0.0
84.93154088678864,85.00570382807035,32.999999999999986,85.0,85.0,27.66687318472434,18.284164878204727,15.405097453499886,15.325078977275558,17.96707752619255,18.194175089862114,15.329277667993027,15.249653021390486,17.87864835731949,26.472689024996594,72.11858127339522,86.377947603851,101.26925175740216,103.14646591950267,86.90478181850999,82.68672681968775,1329,STOP,0.0,0.0
84.93154088678864,85.00570382807035,32.999999999999986,85.0,85.0,27.66687318472434,18.284164878204727,15.405097453499886,15.325078977275558,17.96707752619255,18.194175089862114,15.329277667993027,15.249653021390486,17.87864835731949,26.472689024996594,72.11858127339522,86.377947603851,101.26925175740216,103.14646591950267,86.90478181850999,82.68672681968775,1330,STOP,0.0,0.0
84.93154088678864,85.00570382807035,32.999999999999986,85.0,85.0,27.66687318472434,18.284164878204727,15.405097453499886,15.325078977275558,17.96707752619255,18.194175089862114,15.329277667993027,15.249653021390486,17.87864835731949,26.472689024996594,72.11858127339522,86.377947603851,101.26925175740216,103.14646591950267,86.90478181850999,82.68672681968775,1331,STOP,0.0,0.0
84.93154088678864,85.00570382807035,32.999999999999986,85.0,85.0,27.66687318472434,18.284164878204727,15.405097453499886,15.325078977275558,17.96707752619255,18.194175089862114,15.329277667993027,15.249653021390486,17.87864835731949,26.472689024996594,72.11858127339522,86.377947603851,101.26925175740216,103.14646591950267,86.90478181850999,82.68672681968775,1332,STOP,0.0,0.0
84.93154088678864,85.00570382807035,32.999999999999986,85.0,85.0,27.66687318472434,18.284164878204727,15.405097453499886,15.325078977275558,17.96707752619255,18.194175089862114,15.329277667993027,15.249653021390486,17.87864835731949,26.472689024996594,72.11858127339522,86.377947603851,101.26925175740216,103.14646591950267,86.90478181850999,82.68672681968775,1333,STOP,0.0,0.0
84.93154088678864,85.00570382807035,32.999999999999986,85.0,85.0,27.66687318472434,18.284164878204727,15.405097453499886,15.325078977275558,17.96707752619255,18.194175089862114,15.329277667993027,15.249653021390486,17.87864835731949,26.472689024996594,72.11858127339522,86.377947603851,101.26925175740216,103.14646591950267,86.90478181850999,82.68672681968775,1334,STOP,0.0,0.0
84.93154088678864,85.00570382807035,32.999999999999986,85.0,85.0,27.66687318472434,18.284164878204727,15.405097453499886,15.325078977275558,17.96707752619255,18.194175089862114,15.329277667993027,15.249653021390486,17.87864835731949,26.472689024996594,72.11858127339522,86.377947603851,101.26925175740216,103.14646591950267,86.90478181850999,82.68672681968775,1335,STOP,0.0,0.0
84.93154088678864,85.00570382807035,32.999999999999986,85.0,85.0,27.66687318472434,18.284164878204727,15.405097453499886,15.325078977275558,17.96707752619255,18.194175089862114,15.329277667993027,15.249653021390486,17.87864835731949,26.472689024996594,72.11858127339522,86.377947603851,101.26925175740216,103.14646591950267,86.90478181850999,82.68672681968775,1336,STOP,0.0,0.0
84.93154088678864,85.00570382807035,32.999999999999986,85.0,85.0,27.66687318472434,18.284164878204727,15.405097453499886,15.325078977275558,17.96707752619255,18.194175089862114,15.329277667993027,15.249653021390486,17.87864835731949,26.472689024996594,72.11858127339522,86.377947603851,101.26925175740216,103.14646591950267,86.90478181850999,82.68672681968775,1337,STOP,0.0,0.0
84.93154088678864,85.00570382807035,32.999999999999986,85.0,85.0,27.66687318472434,18.284164878204727,15.405097453499886,15.325078977275558,17.96707752619255,18.194175089862114,15.329277667993027,15.249653021390486,17.87864835731949,26.472689024996594,72.11858127339522,86.377947603851,101.26925175740216,103.14646591950267,86.90478181850999,82.68672681968775,1338,STOP,0.0,0.0
84.93154088678864,85.00570382807035,32.999999999999986,85.0,85.0,27.66687318472434,18.284164878204727,15.405097453499886,15.325078977275558,17.96707752619255,18.194175089862114,15.329277667993027,15.249653021390486,17.87864835731949,26.472689024996594,72.11858127339522,86.377947603851,101.26925175740216,103.14646591950267,86.90478181850999,82.68672681968775,1339,STOP,0.0,0.0
84.93154088678864,85.00570382807035,32.999999999999986,85.0,85.0,27.66687318472434,18.284164878204727,15.405097453499886,15.325078977275558,17.96707752619255,18.194175089862114,15.329277667993027,15.249653021390486,17.87864835731949,26.472689024996594,72.11858127339522,86.377947603851,101.26925175740216,103.14646591950267,86.90478181850999,82.68672681968775,1340,STOP,0.0,0.0
84.93154088678864,85.00570382807035,32.999999999999986,85.0,85.0,27.66687318472434,18.284164878204727,15.405097453499886,15.325078977275558,17.96707752619255,18.194175089862114,15.329277667993027,15.249653021390486,17.87864835731949,26.472689024996594,72.11858127339522,86.377947603851,101.26925175740216,103.14646591950267,86.90478181850999,82.68672681968775,1341,STOP,0.0,0.0
84.93154088678864,85.00570382807035,32.999999999999986,85.0,85.0,27.66687318472434,18.284164878204727,15.405097453499886,15.325078977275558,17.96707752619255,18.194175089862114,15.329277667993027,15.249653021390486,17.87864835731949,26.472689024996594,72.11858127339522,86.377947603851,101.26925175740216,103.14646591950267,86.90478181850999,82.68672681968775,1342,STOP,0.0,0.0
84.93154088678864,85.00570382807035,32.999999999999986,85.0,85.0,27.66687318472434,18.284164878204727,15.405097453499886,15.325078977275558,17.96707752619255,18.194175089862114,15.329277667993027,15.249653021390486,17.87864835731949,26.472689024996594,72.11858127339522,86.377947603851,101.26925175740216,103.14646591950267,86.90478181850999,82.68672681968775,1343,STOP,0.0,0.0
84.93154088678864,85.00570382807035,32.999999999999986,85.0,85.0,27.66687318472434,18.284164878204727,15.405097453499886,15.325078977275558,17.96707752619255,18.194175089862114,15.329277667993027,15.249653021390486,17.87864835731949,26.472689024996594,72.11858127339522,86.377947603851,101.26925175740216,103.14646591950267,86.90478181850999,82.68672681968775,1344,STOP,0.0,0.0
84.93154088678864,85.00570382807035,32.999999999999986,85.0,85.0,27.66687318472434,18.284164878204727,15.405097453499886,15.325078977275558,17.96707752619255,18.194175089862114,15.329277667993027,15.249653021390486,17.87864835731949,26.472689024996594,72.11858127339522,86.377947603851,101.26925175740216,103.14646591950267,86.90478181850999,82.68672681968775,1345,STOP,0.0,0.0
84.93154088678864,85.00570382807035,32.999999999999986,85.0,85.0,27.66687318472434,18.284164878204727,15.405097453499886,15.325078977275558,17.96707752619255,18.194175089862114,15.329277667993027,15.249653021390486,17.87864835731949,26.472689024996594,72.11858127339522,86.377947603851,101.26925175740216,103.14646591950267,86.90478181850999,82.68672681968775,1346,STOP,0.0,0.0
84.93154088678864,85.00570382807035,32.999999999999986,85.0,85.0,27.66687318472434,18.284164878204727,15.405097453499886,15.325078977275558,17.96707752619255,18.194175089862114,15.329277667993027,15.249653021390486,17.87864835731949,26.472689024996594,72.11858127339522,86.377947603851,101.26925175740216,103.14646591950267,86.90478181850999,82.68672681968775,1347,STOP,0.0,0.0
84.93154088678864,85.00570382807035,32.999999999999986,85.0,85.0,27.66687318472434,18.284164878204727,15.405097453499886,15.325078977275558,17.96707752619255,18.194175089862114,15.329277667993027,15.249653021390486,17.87864835731949,26.472689024996594,72.11858127339522,86.377947603851,101.26925175740216,103.14646591950267,86.90478181850999,82.68672681968775,1348,STOP,0.0,0.0
84.93154088678864,85.00570382807035,32.999999999999986,85.0,85.0,27.66687318472434,18.284164878204727,15.405097453499886,15.325078977275558,17.96707752619255,18.194175089862114,15.329277667993027,15.249653021390486,17.87864835731949,26.472689024996594,72.11858127339522,86.377947603851,101.26925175740216,103.14646591950267,86.90478181850999,82.68672681968775,1349,STOP,0.0,0.0
84.93154088678864,85.00570382807035,32.999999999999986,85.0,85.0,27.66687318472434,18.284164878204727,15.405097453499886,15.325078977275558,17.96707752619255,18.194175089862114,15.329277667993027,15.249653021390486,17.87864835731949,26.472689024996594,72.11858127339522,86.377947603851,101.26925175740216,103.14646591950267,86.90478181850999,82.68672681968775,1350,STOP,0.0,0.0
84.93154088678864,85.00570382807035,32.999999999999986,85.0,85.0,27.66687318472434,18.284164878204727,15.405097453499886,15.325078977275558,17.96707752619255,18.194175089862114,15.329277667993027,15.249653021390486,17.87864835731949,26.472689024996594,72.11858127339522,86.377947603851,101.26925175740216,103.14646591950267,86.90478181850999,82.68672681968775,1351,STOP,0.0,0.0
84.93154088678864,85.00570382807035,32.999999999999986,85.0,85.0,27.66687318472434,18.284164878204727,15.405097453499886,15.325078977275558,17.96707752619255,18.194175089862114,15.329277667993027,15.249653021390486,17.87864835731949,26.472689024996594,72.11858127339522,86.377947603851,101.26925175740216,103.14646591950267,86.90478181850999,82.68672681968775,1352,STOP,0.0,0.0
84.93154088678864,85.00570382807035,32.999999999999986,85.0,85.0,27.66687318472434,18.284164878204727,15.405097453499886,15.325078977275558,17.96707752619255,18.194175089862114,15.329277667993027,15.249653021390486,17.87864835731949,26.472689024996594,72.11858127339522,86.377947603851,101.26925175740216,103.14646591950267,86.90478181850999,82.68672681968775,1353,STOP,0.0,0.0
84.93154088678864,85.00570382807035,32.999999999999986,85.0,85.0,27.66687318472434,18.284164878204727,15.405097453499886,15.325078977275558,17.96707752619255,18.194175089862114,15.329277667993027,15.249653021390486,17.87864835731949,26.472689024996594,72.11858127339522,86.377947603851,101.26925175740216,103.14646591950267,86.90478181850999,82.68672681968775,1354,STOP,0.0,0.0
84.93154088678864,85.00570382807035,32.999999999999986,85.0,85.0,27.66687318472434,18.284164878204727,15.405097453499886,15.325078977275558,17.96707752619255,18.194175089862114,15.329277667993027,15.249653021390486,17.87864835731949,26.472689024996594,72.11858127339522,86.377947603851,101.26925175740216,103.14646591950267,86.90478181850999,82.68672681968775,1355,STOP,0.0,0.0
84.93154088678864,85.00570382807035,32.999999999999986,85.0,85.0,27.66687318472434,18.284164878204727,15.405097453499886,15.325078977275558,17.96707752619255,18.194175089862114,15.329277667993027,15.249653021390486,17.87864835731949,26.472689024996594,72.11858127339522,86.377947603851,101.26925175740216,103.14646591950267,86.90478181850999,82.68672681968775,1356,STOP,0.0,0.0
84.93154088678864,85.00570382807035,32.999999999999986,85.0,85.0,27.66687318472434,18.284164878204727,15.405097453499886,15.325078977275558,17.96707752619255,18.194175089862114,15.329277667993027,15.249653021390486,17.87864835731949,26.472689024996594,72.11858127339522,86.377947603851,101.26925175740216,103.14646591950267,86.90478181850999,82.68672681968775,1357,STOP,0.0,0.0
84.93154088678864,85.00570382807035,32.999999999999986,85.0,85.0,27.66687318472434,18.284164878204727,15.405097453499886,15.325078977275558,17.96707752619255,18.194175089862114,15.329277667993027,15.249653021390486,17.87864835731949,26.472689024996594,72.11858127339522,86.377947603851,101.26925175740216,103.14646591950267,86.90478181850999,82.68672681968775,1358,STOP,0.0,0.0
84.93154088678864,85.00570382807035,32.999999999999986,85.0,85.0,27.66687318472434,18.284164878204727,15.405097453499886,15.325078977275558,17.96707752619255,18.194175089862114,15.329277667993027,15.249653021390486,17.87864835731949,26.472689024996594,72.11858127339522,86.377947603851,101.26925175740216,103.14646591950267,86.90478181850999,82.68672681968775,1359,STOP,0.0,0.0
84.93154088678864,85.00570382807035,32.999999999999986,85.0,85.0,27.66687318472434,18.284164878204727,15.405097453499886,15.325078977275558,17.96707752619255,18.194175089862114,15.329277667993027,15.249653021390486,17.87864835731949,26.472689024996594,72.11858127339522,86.377947603851,101.26925175740216,103.14646591950267,86.90478181850999,82.68672681968775,1360,STOP,0.0,0.0
84.93154088678864,85.00570382807035,32.999999999999986,85.0,85.0,27.66687318472434,18.284164878204727,15.405097453499886,15.325078977275558,17.96707752619255,18.194175089862114,15.329277667993027,15.249653021390486,17.87864835731949,26.472689024996594,72.11858127339522,86.377947603851,101.26925175740216,103.14646591950267,86.90478181850999,82.68672681968775,1361,STOP,0.0,0.0
84.93154088678864,85.00570382807035,32.999999999999986,85.0,85.0,27.66687318472434,18.284164878204727,15.405097453499886,15.325078977275558,17.96707752619255,18.194175089862114,15.329277667993027,15.249653021390486,17.87864835731949,26.472689024996594,72.11858127339522,86.377947603851,101.26925175740216,103.14646591950267,86.90478181850999,82.68672681968775,1362,STOP,0.0,0.0
84.93154088678864,85.00570382807035,32.999999999999986,85.0,85.0,27.66687318472434,18.284164878204727,15.405097453499886,15.325078977275558,17.96707752619255,18.194175089862114,15.329277667993027,15.249653021390486,17.87864835731949,26.472689024996594,72.11858127339522,86.377947603851,101.26925175740216,103.14646591950267,86.90478181850999,82.68672681968775,1363,STOP,0.0,0.0
84.93154088678864,85.00570382807035,32.999999999999986,85.0,85.0,27.66687318472434,18.284164878204727,15.405097453499886,15.325078977275558,17.96707752619255,18.194175089862114,15.329277667993027,15.249653021390486,17.87864835731949,26.472689024996594,72.11858127339522,86.377947603851,101.26925175740216,103.14646591950267,86.90478181850999,82.68672681968775,1364,STOP,0.0,0.0
84.93154088678864,85.00570382807035,32.999999999999986,85.0,85.0,27.66687318472434,18.284164878204727,15.405097453499886,15.325078977275558,17.96707752619255,18.194175089862114,15.329277667993027,15.249653021390486,17.87864835731949,26.472689024996594,72.11858127339522,86.377947603851,101.26925175740216,103.14646591950267,86.90478181850999,82.68672681968775,1365,STOP,0.0,0.0
84.93154088678864,85.00570382807035,32.999999999999986,85.0,85.0,27.66687318472434,18.284164878204727,15.405097453499886,15.325078977275558,17.96707752619255,18.194175089862114,15.329277667993027,15.249653021390486,17.87864835731949,26.472689024996594,72.11858127339522,86.377947603851,101.26925175740216,103.14646591950267,86.90478181850999,82.68672681968775,1366,STOP,0.0,0.0
84.93154088678864,85.00570382807035,32.999999999999986,85.0,85.0,27.66687318472434,18.284164878204727,15.405097453499886,15.325078977275558,17.96707752619255,18.194175089862114,15.329277667993027,15.249653021390486,17.87864835731949,26.472689024996594,72.11858127339522,86.377947603851,101.26925175740216,103.14646591950267,86.90478181850999,82.68672681968775,1367,STOP,0.0,0.0
84.93154088678864,85.00570382807035,32.999999999999986,85.0,85.0,27.66687318472434,18.284164878204727,15.405097453499886,15.325078977275558,17.96707752619255,18.194175089862114,15.329277667993027,15.249653021390486,17.87864835731949,26.472689024996594,72.11858127339522,86.377947603851,101.26925175740216,103.14646591950267,86.90478181850999,82.68672681968775,1368,STOP,0.0,0.0
84.93154088678864,85.00570382807035,32.999999999999986,85.0,85.0,27.66687318472434,18.284164878204727,15.405097453499886,15.325078977275558,17.96707752619255,18.194175089862114,15.329277667993027,15.249653021390486,17.87864835731949,26.472689024996594,72.11858127339522,86.377947603851,101.26925175740216,103.14646591950267,86.90478181850999,82.68672681968775,1369,STOP,0.0,0.0
84.93154088678864,85.00570382807035,32.999999999999986,85.0,85.0,27.66687318472434,18.284164878204727,15.405097453499886,15.325078977275558,17.96707752619255,18.194175089862114,15.329277667993027,15.249653021390486,17.87864835731949,26.472689024996594,72.11858127339522,86.377947603851,101.26925175740216,103.14646591950267,86.90478181850999,82.68672681968775,1370,STOP,0.0,0.0
84.93154088678864,85.00570382807035,32.999999999999986,85.0,85.0,27.66687318472434,18.284164878204727,15.405097453499886,15.325078977275558,17.96707752619255,18.194175089862114,15.329277667993027,15.249653021390486,17.87864835731949,26.472689024996594,72.11858127339522,86.377947603851,101.26925175740216,103.14646591950267,86.90478181850999,82.68672681968775,1371,STOP,0.0,0.0
84.93154088678864,85.00570382807035,32.999999999999986,85.0,85.0,27.66687318472434,18.284164878204727,15.405097453499886,15.325078977275558,17.96707752619255,18.194175089862114,15.329277667993027,15.249653021390486,17.87864835731949,26.472689024996594,72.11858127339522,86.377947603851,101.26925175740216,103.14646591950267,86.90478181850999,82.68672681968775,1372,STOP,0.0,0.0
51.110468238726696,9.246791500105205,32.999999999999986,85.0,85.0,11.025534761232922,16.325370197737332,44.47461065674402,49.72213348255612,58.29408307607945,86.3153132400295,92.78068916369253,92.29875976387324,93.84282975111498,62.01776978375881,52.25230650301007,50.74088312437056,16.977834686142373,11.220116079027134,9.453370322810484,9.404266817253372,1373,UP,0.8386705679454152,0.544639035015021
51.61367057949395,9.573574921114218,32.999999999999986,85.0,85.0,11.41517931715142,16.902311975044036,46.04635210006406,49.21036147216875,57.69408307607945,85.42690081099396,92.44660520666613,91.9664111343417,94.76674872940372,62.62835872961992,52.766750683407544,52.49266510895782,17.57783468614237,11.616637176791802,9.787454279836865,9.736615446784885,1374,UP,0.8386705679454152,0.544639035015021
52.1168729202612,9.900358342123232,32.999999999999986,85.0,85.0,11.80482387306993,17.479253752350733,47.61809354338411,48.69858946178138,57.09408307607945,84.53848838195843,92.11252124963976,91.6340625048102,95.69066770769246,63.23894767548102,53.28119486380501,53.00443711934519,18.17783468614237,12.013158274556469,10.121538236863248,10.068964076316394,1375,LEFT,-0.544639035015021,0.8386705679454152
52.1168729202612,9.900358342123232,35.999999999999986,85.0,85.0,12.237515912471464,18.948106292895694,48.479996281910715,49.243735409005396,59.18680004581811,91.64260021607899,91.22274502459625,92.65984042475125,88.66652015680154,61.12411202179503,52.766516296889655,42.409744955287835,16.843495653404034,11.611414470045704,10.02376755420413,10.181678941769652,1376,LEFT,-0.5877852522924666,0.8090169943749389
52.1168729202612,9.900358342123232,38.999999999999986,85.0,85.0,12.739380802497308,20.748562463228673,48.1468807300694,49.93965532668267,61.614071814732014,100.35051447800504,90.59593567270105,93.96932330586897,82.81453082001593,59.30343432025073,52.40394722628229,34.858533268489865,15.731825129021175,11.265550248714149,9.954892283650668,10.325567968711278,1377,LEFT,-0.6293203910498304,0.7771459614569627
52.1168729202612,9.900358342123232,41.999999999999986,85.0,85.0,13.322246219992568,22.996755288126337,47.948839297554635,50.79675309460408,64.43310299439784,99.8239648043634,90.22328954052008,95.5820876858328,77.88744443160425,57.741771136675965,52.1883953022375,29.65894219444393,14.795853377559668,10.968889603883317,9.913945059272056,10.502782272666936,1378,LEFT,-0.6691306063588507,0.7431448254773864
52.1168729202612,9.900358342123232,44.99999999999998,85.0,85.0,14.001221039784305,25.870883097646193,47.88312707973883,51.82832327671882,67.71696772500096,97.52314937962552,90.09964165787682,97.52314937962547,73.70438851230854,56.41089675252066,52.11687292026123,25.87088309764634,14.001221039784324,10.716070649613945,9.900358342123258,10.716070649613947,1379,LEFT,-0.7071067811865396,0.70710678118654
52.1168729202612,9.900358342123232,47.999999999999986,85.0,85.0,14.795853377559647,29.658942194443743,47.948839297554635,53.05108327157075,71.56021055485658,95.58208768583283,90.22328954052008,99.82396480436337,70.13016996623975,55.28811686389569,52.1883953022375,22.996755288126455,13.322246219992582,10.502782272666932,9.913945059272056,10.968889603883312,1380,LEFT,-0.7431448254773859,0.6691306063588511
52.1168729202612,9.900358342123232,50.999999999999986,85.0,85.0,15.731825129021141,34.858533268489595,48.14688073006939,54.48588379748236,76.08704208655897,93.96932330586898,90.59593567270103,102.5237678690189,67.06188477458471,54.35523594789759,52.40394722628228,20.748562463228758,12.739380802497328,10.325567968711281,9.954892283650665,11.265550248714145,1381,LEFT,-0.7771459614569621,0.6293203910498307
52.1168729202612,9.900358342123232,53.999999999999986,85.0,85.0,16.84349565340399,42.40974495528743,48.47999628191071,56.158657639605956,81.46364151360638,92.65984042475127,91.22274502459621,99.74548532701534,64.41999770416086,53.597783957515524,52.76651629688964,18.948106292895762,12.237515912471473,10.181678941769654,10.023767554204127,11.6114144700457,1382,LEFT,-0.8090169943749383,0.5877852522924668
52.1168729202612,9.900358342123232,56.99999999999999,85.0,85.0,18.17783468614232,48.69858946178139,48.95286462269798,58.101693333883794,87.91717816997377,91.63406250481022,92.11252124963971,92.01323983156921,62.142246207515306,53.00443711934523,47.61809354338437,17.479253752350786,11.80482387306993,10.068964076316396,10.121538236863245,12.013158274556456,1383,LEFT,-0.8386705679454146,0.5446390350150212
52.1168729202612,9.900358342123232,59.99999999999999,85.0,85.0,19.800716684246478,48.29630869576434,49.57226090920262,60.35536078055865,95.7662541594774,90.87710791402849,93.27801287188385,85.61132561424924,60.179381219668684,52.566587362251,38.25204724869315,16.263116995182436,11.431949107797244,9.985788143986825,10.249605169124468,12.479128579062749,1384,LEFT,-0.8660254037844289,0.49999999999999467
52.1168729202612,9.900358342123232,62.999999999999986,85.0,85.0,21.80741303574206,48.031191212647734,50.347299302745796,62.97047793668292,101.12119183408903,90.37824763311438,94.73636962066195,80.24794755217229,58.49213390186489,52.278028635634875,32.038232596718,15.244265292009718,11.11143192934716,9.9309722151682,10.409852803164803,13.01983254998657,1385,LEFT,-0.8910065241883579,0.453990499739542
52.1168729202612,9.900358342123232,65.99999999999999,85.0,85.0,24.340955039741015,47.89954105614105,51.28977185114789,66.01160585935244,98.62633643910668,90.130527138467,96.509780090325,75.71224883300235,57.049019820807324,52.13473819294581,27.62623821322443,14.382643323239698,10.837291411498102,9.90375211061984,10.604719273377919,13.64861888945279,1386,UP,0.4067366430757958,0.9135454576425907
52.36091490610668,10.448485616708787,65.99999999999999,85.0,85.0,25.688577104083535,47.65541541453535,51.02836749977226,65.67516995039564,98.0263364391067,89.58221196996769,95.92265630427676,76.06677830729183,57.31615703199243,52.378863834551495,29.1557479678803,15.178929559926837,11.437291411498096,10.452067279119163,11.191843059426148,14.404266313031629,1387,UP,0.4067366430757958,0.9135454576425907
52.604956891952156,10.996612891294342,65.99999999999999,85.0,85.0,27.03619916842605,47.41128977292968,50.76696314839665,65.33873404143885,97.42633643910669,89.03389680146836,95.33553251822855,76.42130778158135,57.58329424317756,52.62298947615717,30.685257722536154,15.975215796613988,12.03729141149809,11.000382447618486,11.778966845474375,15.15991373661047,1388,UP,0.4067366430757958,0.9135454576425907
52.848998877797634,11.544740165879897,65.99999999999999,85.0,85.0,28.383821232768558,47.167164131323986,50.50555879702102,65.00229813248205,96.8263364391067,88.48558163296904,94.74840873218032,76.77583725587083,57.85043145436268,52.86711511776286,32.21476747719201,16.77150203330114,12.637291411498085,11.548697616117808,12.366090631522598,15.915561160189306,1389,UP,0.4067366430757958,0.9135454576425907
53.09304086364311,12.092867440465453,65.99999999999999,85.0,85.0,29.731443297111074,46.92303848971831,50.2441544456454,64.66586222352527,96.2263364391067,87.93726646446972,94.16128494613208,77.13036673016033,58.11756866554779,53.11124075936854,33.74427723184787,17.567788269988277,13.237291411498077,12.097012784617132,12.953214417570825,16.671208583768145,1390,UP,0.4067366430757958,0.9135454576425907
53.33708284948859,12.640994715051008,65.99999999999999,85.0,85.0,31.079065361453594,46.678912848112624,49.982750094269775,64.32942631456848,95.62633643910672,87.38895129597039,93.57416116008388,77.48489620444983,58.384705876732916,53.35536640097422,35.27378698650374,18.364074506675426,13.837291411498075,12.645327953116453,13.540338203619052,17.426856007346984,1391,UP,0.4067366430757958,0.9135454576425907
53.581124835334066,13.189121989636563,65.99999999999999,85.0,85.0,32.42668742579611,46.43478720650695,49.721345742894165,63.99299040561169,95.02633643910673,86.84063612747106,92.98703737403564,77.83942567873933,58.65184308791803,53.599492042579904,36.8032967411596,19.16036074336257,14.437291411498066,13.193643121615779,14.127461989667275,18.182503430925813,1392,UP,0.4067366430757958,0.9135454576425907
53.82516682117954,13.737249264222118,65.99999999999999,85.0,85.0,33.774309490138634,46.19066156490125,49.459941391518534,63.656554496654906,94.42633643910672,86.29232095897174,92.3999135879874,78.19395515302884,58.91898029910315,53.84361768418558,38.33280649581545,19.956646980049715,15.03729141149806,13.7419582901151,14.714585775715502,18.938150854504656,1393,UP,0.4067366430757958,0.9135454576425907
54.06920880702502,14.285376538807673,65.99999999999999,85.0,85.0,35.12193155448113,45.946535923295585,49.19853704014292,63.32011858769814,93.82633643910674,85.74400579047241,91.81278980193918,78.54848462731833,59.18611751028827,54.087743325791266,39.862316250471316,20.75293321673686,15.637291411498056,14.290273458614424,15.30170956176373,19.693798278083484,1394,UP,0.4067366430757958,0.9135454576425907
54.3132507928705,14.833503813393229,65.99999999999999,85.0,85.0,36.46955361882367,45.7024102816899,48.937132688767285,62.98368267874134,93.22633643910673,85.1956906219731,91.22566601589095,78.90301410160784,59.45325472147339,54.33186896739694,41.39182600512718,21.54921945342401,16.237291411498052,14.838588627113745,15.888833347811957,20.449445701662324,1395,UP,0.4067366430757958,0.9135454576425907
54.557292778715976,15.381631087978784,65.99999999999999,85.0,85.0,37.817175683166184,45.45828464008421,48.675728337391675,62.64724676978454,92.62633643910675,84.64737545347377,90.63854222984273,79.25754357589733,59.72039193265851,54.57599460900263,42.92133575978304,22.34550569011115,16.837291411498043,15.38690379561307,16.47595713386018,21.205093125241163,1396,UP,0.4067366430757958,0.9135454576425907
54.80133476456145,15.929758362564339,65.99999999999999,85.0,85.0,39.164797747508686,45.21415899847853,48.414323986016036,62.310810860827765,92.02633643910674,84.09906028497446,90.0514184437945,79.61207305018682,59.987529143843624,54.82012025060831,44.4508455144389,23.141791926798298,17.437291411498038,15.935218964112392,17.063080919908415,21.960740548820002,1397,UP,0.4067366430757958,0.9135454576425907
55.04537675040693,16.477885637149893,65.99999999999999,85.0,85.0,40.512419811851196,44.97003335687286,48.152919634640426,61.97437495187097,91.42633643910675,83.55074511647513,89.46429465774628,79.96660252447633,60.254666355028746,55.06424589221399,45.98035526909475,23.938078163485436,18.03729141149804,16.483534132611716,17.650204705956632,22.71638797239884,1398,UP,0.4067366430757958,0.9135454576425907
55.28941873625241,17.026012911735446,65.99999999999999,85.0,85.0,41.86004187619371,44.72590771526717,47.8915152832648,61.63793904291418,90.82633643910675,83.00242994797581,88.87717087169806,80.32113199876584,60.52180356621386,55.308371533819674,47.50986502375062,24.73436440017259,18.637291411498026,17.031849301111034,18.237328492004856,23.47203539597768,1399,UP,0.4067366430757958,0.9135454576425907
55.533460722097885,17.574140186321,65.99999999999999,85.0,85.0,43.207663940536214,44.48178207366149,47.630110931889185,61.3015031339574,90.22633643910676,82.45411477947648,88.29004708564983,80.67566147305531,60.788940777398984,55.55249717542535,49.03937477840647,25.530650636859725,19.237291411498017,17.580164469610356,18.824452278053084,24.22768281955651,1400,UP,0.4067366430757958,0.9135454576425907
55.77750270794336,18.122267460906553,65.99999999999999,85.0,85.0,44.55528600487873,44.23765643205579,47.36870658051355,60.96506722500061,89.62633643910677,81.90579961097717,87.70292329960161,81.03019094734482,61.0560779885841,55.796622817031036,50.568884533062324,26.32693687354687,19.837291411498008,18.128479638109674,19.411576064101304,24.98333024313535,1401,UP,0.4067366430757958,0.9135454576425907
56.02154469378884,18.670394735492106,65.99999999999999,85.0,85.0,45.90290806922125,43.99353079045013,47.10730222913794,60.62863131604383,89.02633643910679,81.35748444247785,87.11579951355338,81.38472042163433,61.32321519976922,56.04074845863672,52.098394287718186,27.123223110234008,20.437291411498006,18.676794806609,19.998699850149535,25.738977666714177,1402,UP,0.4067366430757958,0.9135454576425907
56.26558667963432,19.21852201007766,65.99999999999999,85.0,85.0,47.25053013356376,43.749405148844446,46.84589787776231,60.292195407087036,88.42633643910679,80.80916927397853,86.52867572750516,81.73924989592382,61.59035241095434,56.2848741002424,53.62790404237405,27.919509346921156,21.037291411497993,19.22510997510832,20.585823636197755,26.494625090293006,1403,UP,0.4067366430757958,0.9135454576425907
56.509628665479795,19.766649284663213,65.99999999999999,85.0,85.0,47.606138228465284,43.50527950723877,46.5844935263867,59.95575949813024,87.8263364391068,80.26085410547921,85.94155194145694,82.09377937021331,61.857489622139454,56.52899974184808,55.157413797029896,28.7157955836083,21.637291411497984,19.77342514360764,21.17294742224598,27.250272513871842,1404,UP,0.4067366430757958,0.9135454576425907
56.75367065132527,20.314776559248767,65.99999999999999,85.0,85.0,47.33900101728016,43.26115386563308,46.32308917501107,59.619323589173455,87.2263364391068,79.71253893697988,85.35442815540871,82.44830884450282,62.12462683332458,56.77312538345377,56.68692355168575,29.51208182029544,22.23729141149798,20.32174031210696,21.760071208294207,28.00591993745068,1405,UP,0.4067366430757958,0.9135454576425907
56.99771263717075,20.86290383383432,65.99999999999999,85.0,85.0,47.07186380609506,43.017028224027406,46.061684823635446,59.28288768021666,86.62633643910681,79.16422376848057,84.76730436936047,82.80283831879233,62.39176404450969,57.017251025059444,58.21643330634161,30.308368056982584,22.83729141149797,20.870055480606283,22.347194994342427,28.76156736102952,1406,UP,0.4067366430757958,0.9135454576425907
57.24175462301623,21.411031108419873,65.99999999999999,85.0,85.0,46.80472659490993,42.772902582421715,45.80028047225983,58.94645177125988,86.02633643910681,78.61590859998124,84.18018058331225,83.15736779308182,62.65890125569481,57.26137666666513,59.74594306099747,31.104654293669725,23.437291411497963,21.418370649105604,22.934318780390655,29.51721478460835,1407,UP,0.4067366430757958,0.9135454576425907
57.485796608861705,21.959158383005427,65.99999999999999,85.0,85.0,46.53758938372481,42.528776940816044,45.53887612088421,58.61001586230309,85.42633643910682,78.06759343148192,83.59305679726404,83.51189726737131,62.92603846687993,57.50550230827081,61.275452815653324,31.90094053035687,24.03729141149796,21.966685817604926,23.52144256643888,30.272862208187178,1408,UP,0.4067366430757958,0.9135454576425907
57.72983859470718,22.50728565759098,65.99999999999999,85.0,85.0,46.27045217253969,42.28465129921034,45.27747176950858,58.2735799533463,84.82633643910683,77.5192782629826,83.0059330112158,83.86642674166082,63.19317567806505,57.74962794987649,61.837027594194346,32.69722676704401,24.63729141149795,22.515000986104248,24.108566352487106,31.028509631766017,1409,UP,0.4067366430757958,0.9135454576425907
57.97388058055266,23.055412932176534,65.99999999999999,85.0,85.0,46.00331496135457,42.040525657604675,45.01606741813297,57.93714404438954,84.22633643910684,76.97096309448328,82.41880922516758,84.2209562159503,63.460312889250176,57.993753591482175,62.09843194556997,33.49351300373116,25.237291411497942,23.06331615460357,24.69569013853533,31.784157055344856,1410,UP,0.4067366430757958,0.9135454576425907
58.21792256639814,23.603540206762087,65.99999999999999,85.0,85.0,45.73617775016945,41.79640001599899,44.75466306675734,57.600708135432725,83.62633643910685,76.42264792598395,81.83168543911937,84.5754856902398,63.72745010043529,58.23787923308785,62.35983629694559,34.2897992404183,25.837291411497937,23.61163132310289,25.282813924583554,32.5398044789237,1411,UP,0.4067366430757958,0.9135454576425907
58.461964552243614,24.15166748134764,65.99999999999999,85.0,85.0,45.46904053898433,41.5522743743933,44.49325871538172,57.26427222647593,83.02633643910686,75.87433275748464,81.24456165307113,84.93001516452931,63.99458731162041,58.48200487469354,62.62124064832121,35.086085477105435,26.43729141149793,24.15994649160221,25.869937710631778,33.295451902502535,1412,UP,0.4067366430757958,0.9135454576425907
58.70600653808909,24.699794755933194,65.99999999999999,85.0,85.0,45.201903327799215,41.30814873278763,44.23185436400609,56.92783631751915,82.42633643910686,75.32601758898531,80.65743786702292,85.2845446388188,64.26172452280552,58.72613051629922,62.88264499969683,35.88237171379258,27.037291411497915,24.70826166010153,26.457061496680005,34.051099326081356,1413,UP,0.4067366430757958,0.9135454576425907
58.95004852393457,25.247922030518748,65.99999999999999,85.0,85.0,44.93476611661411,41.06402309118195,43.97045001263048,56.591400408562365,81.82633643910687,74.777702420486,80.0703140809747,85.63907411310831,64.52886173399065,58.9702561579049,63.144049351072454,36.678657950479725,27.637291411497916,25.256576828600853,27.044185282728222,34.806746749660206,1414,UP,0.4067366430757958,0.9135454576425907
59.19409050978005,25.7960493051043,65.99999999999999,85.0,85.0,44.66762890542898,40.81989744957626,43.709045661254855,56.25496449960558,81.22633643910689,74.22938725198668,79.48319029492647,85.9936035873978,64.79599894517577,59.214381799510576,63.40545370244808,37.47494418716687,28.237291411497907,25.804891997100174,27.631309068776453,35.56239417323903,1415,UP,0.4067366430757958,0.9135454576425907
59.438132495625524,26.344176579689854,65.99999999999999,85.0,85.0,44.40049169424386,40.57577180797059,43.44764130987924,55.91852859064878,80.62633643910688,73.68107208348735,78.89606650887823,86.34813306168729,65.06313615636088,59.45850744111627,63.6668580538237,38.27123042385401,28.837291411497894,26.353207165599496,28.21843285482467,36.318041596817864,1416,UP,0.4067366430757958,0.9135454576425907
59.682174481471,26.892303854275408,65.99999999999999,85.0,85.0,44.133354483058746,40.331646166364884,43.186236958503606,55.582092681692,80.0263364391069,73.13275691498802,78.30894272283001,86.7026625359768,65.330273367546,59.702633082721945,63.92826240519932,39.06751666054115,29.437291411497892,26.901522334098818,28.805556640872897,37.073689020396706,1417,UP,0.4067366430757958,0.9135454576425907
59.92621646731648,27.44043112886096,65.99999999999999,85.0,85.0,43.866217271873616,40.08752052475923,42.924832607127996,55.245656772735224,79.4263364391069,72.58444174648871,77.7218189367818,87.05719201026629,65.59741057873111,59.94675872432763,64.18966675657495,39.8638028972283,30.037291411497886,27.44983750259814,29.39268042692112,37.82933644397555,1418,UP,0.4067366430757958,0.9135454576425907
60.170258453161956,27.988558403446515,65.99999999999999,85.0,85.0,43.5990800606885,39.843394883153536,42.663428255752365,54.90922086377842,78.82633643910691,72.03612657798939,77.13469515073356,87.4117214845558,65.86454778991624,60.19088436593331,64.45107110795055,40.66008913391545,30.637291411497877,27.998152671097458,29.979804212969345,38.584983867554385,1419,UP,0.4067366430757958,0.9135454576425907
60.414300439007434,28.536685678032068,65.99999999999999,85.0,85.0,43.33194284950338,39.59926924154786,42.40202390437675,54.572784954821635,78.22633643910692,71.48781140949006,76.54757136468534,87.7662509588453,66.13168500110136,60.43501000753899,64.71247545932619,41.45637537060258,31.237291411497868,28.54646783959678,30.566927999017572,39.340631291133214,1420,UP,0.4067366430757958,0.9135454576425907
60.65834242485291,29.08481295261762,65.99999999999999,85.0,85.0,43.06480563831827,39.355143599942174,42.14061955300112,54.23634904586484,77.62633643910692,70.93949624099075,75.96044757863712,88.12078043313478,66.39882221228648,60.679135649144676,64.9738798107018,42.252661607289724,31.837291411497862,29.0947830080961,31.154051785065796,40.09627871471204,1421,UP,0.4067366430757958,0.9135454576425907
60.90238441069839,29.632940227203175,65.99999999999999,85.0,85.0,42.79766842713316,39.1110179583365,41.879215201625506,53.89991313690806,77.02633643910693,70.3911810724914,75.37332379258889,88.47530990742429,66.66595942347159,60.923261290750354,65.23528416207742,43.04894784397687,32.43729141149785,29.643098176595423,31.741175571114017,40.85192613829088,1422,UP,0.4067366430757958,0.9135454576425907
61.146426396543866,30.18106750178873,65.99999999999999,85.0,85.0,42.53053121594803,38.866892316730805,41.61781085024988,53.563477227951275,76.42633643910695,69.8428659039921,74.78620000654067,88.8298393817138,66.93309663465672,61.16738693235603,65.49668851345305,43.845234080664014,33.03729141149785,30.191413345094745,32.32829935716224,41.607573561869714,1423,UP,0.4067366430757958,0.9135454576425907
61.390468382389344,30.729194776374282,65.99999999999999,85.0,85.0,42.26339400476291,38.622766675125135,41.356406498874264,53.22704131899448,75.82633643910695,69.29455073549276,74.19907622049244,89.18436885600327,67.20023384584184,61.411512573961716,65.75809286482867,44.64152031735116,33.63729141149784,30.739728513594066,32.91542314321046,42.36322098544856,1424,UP,0.4067366430757958,0.9135454576425907
61.63451036823482,31.277322050959835,65.99999999999999,85.0,85.0,41.996256793577786,38.37864103351943,41.09500214749863,52.89060541003769,75.22633643910694,68.74623556699346,73.61195243444422,89.5388983302928,67.46737105702695,61.6556382155674,66.01949721620429,45.437806554038296,34.237291411497836,31.288043682093388,33.50254692925869,43.11886840902738,1425,UP,0.4067366430757958,0.9135454576425907
61.8785523540803,31.82544932554539,65.99999999999999,85.0,85.0,41.72911958239267,38.13451539191377,40.833597796123016,52.55416950108092,74.62633643910696,68.19792039849412,73.024828648396,89.89342780458227,67.73450826821207,61.899763857173085,66.28090156757992,46.234092790725434,34.83729141149782,31.836358850592706,34.089670715306916,43.874515832606214,1426,UP,0.4067366430757958,0.9135454576425907
62.122594339925776,32.373576600130946,65.99999999999999,85.0,85.0,41.46198237120756,37.89038975030808,40.57219344474739,52.21773359212411,74.02633643910696,67.64960522999482,72.43770486234777,90.2479572788718,68.0016454793972,62.14388949877876,66.54230591895553,47.03037902741259,35.437291411497824,32.38467401909203,34.67679450135515,44.63016325618504,1427,UP,0.4067366430757958,0.9135454576425907
62.36663632577125,32.9217038747165,65.99999999999999,85.0,85.0,41.19484516002243,37.64626410870239,40.310789093371774,51.88129768316732,73.42633643910698,67.10129006149549,71.85058107629953,90.60248675316127,68.26878269058231,62.38801514038445,66.80371027033115,47.82666526409973,36.03729141149782,32.93298918759135,35.26391828740337,45.38581067976389,1428,UP,0.4067366430757958,0.9135454576425907
62.61067831161673,33.46983114930205,65.99999999999999,85.0,85.0,40.92770794883731,37.40213846709671,40.04938474199614,51.54486177421055,72.82633643910698,66.55297489299618,71.26345729025131,90.95701622745078,68.53591990176743,62.632140781990124,67.06511462170678,48.62295150078687,36.63729141149781,33.481304356090675,35.851042073451595,46.14145810334273,1429,UP,0.4067366430757958,0.9135454576425907
62.85472029746221,34.017958423887606,65.99999999999999,85.0,85.0,40.66057073765221,37.15801282549104,39.787980390620525,51.208425865253744,72.22633643910697,66.00465972449685,70.67633350420309,90.96274174125,68.80305711295254,62.87626642359581,67.3265189730824,49.41923773747403,37.2372914114978,34.02961952459,36.43816585949981,46.897105526921564,1430,UP,0.4067366430757958,0.9135454576425907
63.098762283307686,34.56608569847316,65.99999999999999,85.0,85.0,40.393433526467085,36.91388718388536,39.5265760392449,50.87198995629696,71.62633643910699,65.45634455599753,70.08920971815486,90.20709431767116,69.07019432413766,63.120392065201486,67.58792332445803,50.21552397416117,37.837291411497795,34.57793469308932,37.025289645548035,47.65275295050041,1431,UP,0.4067366430757958,0.9135454576425907
63.34280426915316,35.11421297305871,65.99999999999999,85.0,85.0,40.12629631528196,36.66976154227968,39.265171687869284,50.53555404734018,71.02633643910701,64.9080293874982,69.50208593210664,89.45144689409236,69.33733153532278,63.36451770680718,67.84932767583365,51.01181021084831,38.43729141149779,35.12624986158864,37.61241343159626,48.40840037407923,1432,UP,0.4067366430757958,0.9135454576425907
63.58684625499864,35.662340247644266,65.99999999999999,85.0,85.0,39.85915910409683,36.425635900673974,39.00376733649366,50.19911813838339,70.42633643910702,64.35971421899887,68.91496214605841,88.6957994705135,69.60446874650789,63.60864334841285,68.11073202720927,51.808096447535455,39.037291411497776,35.67456503008796,38.19953721764449,49.164047797658064,1433,UP,0.4067366430757958,0.9135454576425907
63.83088824084412,36.21046752222982,65.99999999999999,85.0,85.0,39.592021892911724,36.18151025906831,38.74236298511804,49.8626822294266,69.826336439107,63.81139905049956,68.32783836001019,87.94015204693466,69.87160595769302,63.85276899001853,68.37213637858488,52.60438268422259,39.63729141149777,36.22288019858728,38.786661003692714,49.9196952212369,1434,UP,0.4067366430757958,0.9135454576425907
64.0749302266896,36.75859479681537,65.99999999999999,85.0,85.0,39.32488468172661,35.93738461746263,38.48095863374242,49.52624632046979,69.22633643910702,63.26308388200024,67.74071457396197,87.18450462335583,70.13874316887815,64.09689463162422,68.63354072996052,53.400668920909744,40.237291411497765,36.771195367086605,39.37378478974093,50.67534264481575,1435,UP,0.4067366430757958,0.9135454576425907
64.31897221253509,37.30672207140093,65.99999999999999,85.0,85.0,39.057747470541464,35.693258975856935,38.219554282366786,49.189810411513015,68.62633643910704,62.714768713500916,67.15359078791374,86.42885719977701,70.40588038006327,64.34102027322992,68.89494508133615,54.19695515759688,40.83729141149776,37.31951053558593,39.96090857578916,51.430990068394586,1436,UP,0.4067366430757958,0.9135454576425907
64.56301419838057,37.85484934598648,65.99999999999999,85.0,85.0,38.79061025935635,35.44913333425125,37.958149930991155,48.85337450255619,68.02633643910704,62.166453545001595,66.56646700186552,85.67320977619816,70.6730175912484,64.5851459148356,69.15634943271178,54.99324139428403,41.437291411497746,37.86782570408525,40.548032361837386,51.48071510370149,1437,UP,0.4067366430757958,0.9135454576425907
64.80705618422606,38.40297662057203,65.99999999999999,85.0,85.0,38.52347304817121,35.20500769264556,37.69674557961553,48.51693859359941,67.42633643910703,61.61813837650227,65.9793432158173,84.91756235261933,70.94015480243353,64.82927155644128,69.41775378408741,55.789527630971165,42.03729141149774,38.41614087258457,41.1351561478856,51.126185629411985,1438,UP,0.4067366430757958,0.9135454576425907
65.05109817007154,38.95110389515759,65.99999999999999,85.0,85.0,38.256335836986096,34.96088205103987,37.4353412282399,48.1805026846426,66.82633643910705,61.06982320800295,65.39221942976907,84.16191492904049,71.20729201361864,65.07339719804699,69.67915813546304,56.58581386765831,42.63729141149773,38.964456041083885,41.722279933933834,50.77165615512248,1439,UP,0.4067366430757958,0.9135454576425907
65.29514015591703,39.49923116974314,65.99999999999999,85.0,85.0,37.98919862580096,34.71675640943418,37.17393687686427,47.844066775685825,66.22633643910706,60.52150803950363,64.80509564372085,83.40626750546167,71.47442922480377,65.31752283965267,69.94056248683867,57.38210010434545,43.23729141149772,39.51277120958321,42.30940371998206,50.41712668083297,1440,UP,0.4067366430757958,0.9135454576425907
65.53918214176251,40.047358444328694,65.99999999999999,85.0,85.0,37.722061414615844,34.47263076782849,36.912532525488636,47.50763086672901,65.62633643910706,59.97319287100431,64.21797185767262,82.6506200818828,71.74156643598891,65.56164848125836,70.2019668382143,58.17838634103259,43.83729141149772,40.06108637808253,42.89652750603029,50.06259720654345,1441,UP,0.4067366430757958,0.9135454576425907
65.783224127608,40.59548571891425,65.99999999999999,85.0,85.0,37.45492420343071,34.2285051262228,36.651128174113005,47.17119495777223,65.02633643910706,59.424877702504986,63.63084807162439,81.89497265830397,72.00870364717403,65.80577412286405,70.46337118958992,58.97467257771974,44.43729141149771,40.60940154658185,43.483651292078505,49.708067732253944,1442,UP,0.4067366430757958,0.9135454576425907
66.02726611345348,41.1436129934998,65.99999999999999,85.0,85.0,37.1877869922456,33.98437948461712,36.38972382273737,46.83475904881541,64.42633643910708,58.87656253400567,63.04372428557617,81.13932523472515,72.27584085835916,66.04989976446973,70.72477554096555,59.77095881440688,45.037291411497705,41.15771671508117,44.070775078126736,49.35353825796444,1443,UP,0.4067366430757958,0.9135454576425907
66.27130809929896,41.691740268085354,65.99999999999999,85.0,85.0,36.920649781060455,33.74025384301143,36.12831947136175,46.49832313985863,63.82633643910709,58.32824736550635,62.456600499527944,80.38367781114633,72.54297806954428,66.29402540607542,70.98617989234118,60.56724505109403,45.6372914114977,41.70603188358049,44.65789886417496,48.99900878367493,1444,UP,0.4067366430757958,0.9135454576425907
66.51535008514445,42.23986754267091,65.99999999999999,85.0,85.0,36.65351256987534,33.49612820140574,35.86691511998612,46.16188723090182,63.2263364391071,57.77993219700703,61.86947671347972,79.62803038756748,72.8101152807294,66.53815104768111,71.24758424371682,61.363531287781164,46.23729141149769,42.254347052079815,45.245022650223184,48.64447930938542,1445,UP,0.4067366430757958,0.9135454576425907
66.75939207098993,42.78799481725646,65.99999999999999,85.0,85.0,36.3863753586902,33.25200255980005,35.60551076861049,45.82545132194503,62.626336439107085,57.231617028507706,61.2823529274315,78.87238296398864,73.07725249191454,66.7822766892868,71.50898859509245,62.15981752446831,46.83729141149768,42.80266222057914,45.8321464362714,48.28994983509591,1446,UP,0.4067366430757958,0.9135454576425907
67.00343405683542,43.336122091842014,65.99999999999999,85.0,85.0,36.119238147505094,33.00787691819436,35.34410641723486,45.48901541298822,62.02633643910711,56.683301860008385,60.69522914138327,78.1167355404098,73.34438970309965,67.0264023308925,71.77039294646808,62.95610376115545,47.437291411497675,43.35097738907846,46.419270222319625,47.93542036080641,1447,UP,0.4067366430757958,0.9135454576425907
67.2474760426809,43.88424936642757,65.99999999999999,85.0,85.0,35.85210093631996,32.76375127658867,35.08270206585924,45.15257950403143,61.426336439107125,56.13498669150906,60.10810535533505,77.361088116831,73.61152691428478,67.27052797249819,72.03179729784371,63.75238999784259,48.03729141149766,43.89929255757778,47.006394008367856,47.5808908865169,1448,UP,0.4067366430757958,0.9135454576425907
67.49151802852639,44.43237664101312,65.99999999999999,85.0,85.0,35.58496372513484,32.51962563498299,34.8212977144836,44.81614359507462,60.82633643910712,55.58667152300974,59.520981569286825,76.60544069325213,73.87866412546991,67.51465361410388,72.29320164921934,64.54867623452975,48.637291411497664,44.4476077260771,47.59351779441607,47.2263614122274,1449,UP,0.4067366430757958,0.9135454576425907
67.73556001437187,44.980503915598675,65.99999999999999,85.0,85.0,35.3178265139497,32.275499993377295,34.559893363107975,44.47970768611785,60.22633643910712,55.03835635451042,58.9338577832386,75.8497932696733,74.14580133665504,67.75877925570956,72.55460600059497,65.34496247121689,49.23729141149765,44.995922894576424,48.180641580464304,46.87183193793786,1450,UP,0.4067366430757958,0.9135454576425907
67.97960200021735,45.52863119018423,65.99999999999999,85.0,85.0,35.05068930276458,32.0313743517716,34.29848901173234,44.14327177716103,59.62633643910714,54.4900411860111,58.34673399719038,75.09414584609446,74.41293854784017,68.00290489731525,72.8160103519706,66.14124870790403,49.83729141149764,45.544238063075746,48.76776536651252,46.517302463648356,1451,UP,0.4067366430757958,0.9135454576425907
68.22364398606284,46.07675846476978,65.99999999999999,85.0,85.0,34.783552091579445,31.787248710165915,34.03708466035671,43.806835868204246,59.02633643910716,53.941726017511776,57.75961021114215,74.33849842251566,74.6800757590253,68.24703053892094,73.07741470334622,66.93753494459118,50.43729141149764,46.09255323157507,49.35488915256075,46.16277298935886,1452,UP,0.4067366430757958,0.9135454576425907
68.46768597190832,46.624885739355335,65.99999999999999,85.0,85.0,34.51641488039433,31.543123068560227,33.77568030898108,43.47039995924743,58.42633643910715,53.39341084901246,57.17248642509392,73.58285099893679,74.94721297021043,68.49115618052663,73.33881905472185,67.73382118127832,51.03729141149763,46.64086840007439,49.942012938608976,45.80824351506935,1453,UP,0.4067366430757958,0.9135454576425907
68.71172795775381,47.17301301394089,65.99999999999999,85.0,85.0,34.24927766920919,31.298997426954536,33.514275957605456,43.13396405029065,57.82633643910715,52.84509568051313,56.585362639045705,72.82720357535796,75.21435018139555,68.73528182213232,73.60022340609748,68.53010741796544,51.63729141149762,47.189183568573704,50.5291367246572,45.45371404077983,1454,UP,0.4067366430757958,0.9135454576425907
68.9557699435993,47.72114028852644,65.99999999999999,85.0,85.0,33.98214045802408,31.054871785348848,33.252871606229824,42.797528141333835,57.22633643910718,52.29678051201381,55.99823885299748,72.07155615177913,75.48148739258068,68.97940746373801,73.86162775747312,69.32639365465259,52.237291411497615,47.737498737073025,51.11626051070542,45.09918456649032,1455,UP,0.4067366430757958,0.9135454576425907
69.19981192944478,48.269267563111995,65.99999999999999,85.0,85.0,33.71500324683893,30.81074614374316,32.9914672548542,42.461092232377055,56.626336439107185,51.748465343514496,55.41111506694926,71.31590872820031,75.7486246037658,69.22353310534369,74.12303210884873,70.12267989133974,52.83729141149761,48.28581390557235,51.70338429675365,44.744655092200816,1456,UP,0.4067366430757958,0.9135454576425907
69.44385391529026,48.81739483769755,65.99999999999999,85.0,85.0,33.44786603565383,30.56662050213747,32.73006290347857,42.12465632342023,56.02633643910718,51.200150175015175,54.82399128090103,70.56026130462148,76.01576181495093,69.46765874694938,74.38443646022436,70.91896612802688,53.437291411497604,48.834129074071676,52.290508082801864,44.39012561791131,1457,UP,0.4067366430757958,0.9135454576425907
69.68789590113575,49.3655221122831,65.99999999999999,85.0,85.0,33.18072882446869,30.322494860531783,32.46865855210294,41.78822041446345,55.426336439107175,50.65183500651585,54.2368674948528,69.80461388104264,76.28289902613605,69.71178438855507,74.6458408116,71.71525236471402,54.03729141149759,49.38244424257099,52.877631868850095,44.035596143621795,1458,UP,0.4067366430757958,0.9135454576425907
69.93193788698123,49.913649386868656,65.99999999999999,85.0,85.0,32.91359161328357,30.078369218926092,32.207254200727306,41.45178450550665,54.8263364391072,50.10351983801653,53.649743708804586,69.04896645746379,76.55003623732118,69.95591003016077,74.90724516297563,72.51153860140116,54.637291411497586,49.93075941107031,53.46475565489832,43.68106666933229,1459,UP,0.4067366430757958,0.9135454576425907
70.17597987282672,50.46177666145421,65.99999999999999,85.0,85.0,32.64645440209843,29.834243577320404,31.945849849351685,41.115348596549865,54.226336439107214,49.55520466951721,53.062619922756355,68.29331903388498,76.81717344850631,70.20003567176646,75.16864951435126,73.30782483808831,55.23729141149757,50.479074579569634,54.05187944094654,43.32653719504278,1460,UP,0.4067366430757958,0.9135454576425907
70.4200218586722,51.00990393603976,65.99999999999999,85.0,85.0,32.37931719091331,29.590117935714716,31.68444549797605,40.77891268759305,53.62633643910721,49.00688950101789,52.47549613670813,67.5376716103061,77.08431065969143,70.44416131337215,75.43005386572689,74.10411107477545,55.837291411497574,51.027389748068956,54.63900322699477,42.972007720753275,1461,UP,0.4067366430757958,0.9135454576425907
70.66406384451768,51.558031210625316,65.99999999999999,85.0,85.0,32.11217997972818,29.345992294109028,31.423041146600422,40.44247677863626,53.026336439107205,48.458574332518566,51.88837235065991,66.78202418672727,77.35144787087656,70.68828695497783,75.69145821710252,74.9003973114626,56.43729141149756,51.57570491656828,55.226127013043,42.617478246463754,1462,UP,0.4067366430757958,0.9135454576425907
70.90810583036317,52.10615848521087,65.99999999999999,85.0,85.0,31.84504276854306,29.10186665250334,31.161636795224787,40.106040869679454,52.42633643910724,47.910259164019244,51.30124856461168,66.02637676314845,77.61858508206168,70.93241259658352,75.95286256847815,75.69668354814975,57.03729141149755,52.1240200850676,55.813250799091215,42.26294877217425,1463,UP,0.4067366430757958,0.9135454576425907
71.15214781620865,52.65428575979642,65.99999999999999,85.0,85.0,31.57790555735792,28.85774101089765,30.900232443849166,39.769604960722674,51.82633643910725,47.36194399551992,50.714124778563466,65.27072933956963,77.88572229324681,71.17653823818921,76.21426691985378,76.49296978483687,57.63729141149754,52.67233525356692,56.400374585139446,41.90841929788475,1464,UP,0.4067366430757958,0.9135454576425907
71.39618980205414,53.202413034381976,65.99999999999999,85.0,85.0,31.310768346172818,28.61361536929196,30.63882809247353,39.43316905176586,51.22633643910725,46.8136288270206,50.127000992515235,64.51508191599076,78.15285950443194,71.4206638797949,76.4756712712294,77.28925602152403,58.237291411497544,53.22065042206624,56.98749837118767,41.55388982359524,1465,UP,0.4067366430757958,0.9135454576425907
71.64023178789962,53.75054030896753,65.99999999999999,85.0,85.0,31.043631134987674,28.369489727686272,30.377423741097903,39.09673314280907,50.626336439107234,46.26531365852128,49.53987720646701,63.75943449241194,78.41999671561706,71.66478952140059,76.73707562260503,78.08554225821116,58.83729141149753,53.768965590565564,57.574622157235886,41.19936034930572,1466,UP,0.4067366430757958,0.9135454576425907
71.88427377374511,54.29866758355308,65.99999999999999,85.0,85.0,30.77649392380256,28.125364086080584,30.116019389722275,38.760297233852256,50.02633643910726,45.71699849002196,48.95275342041879,63.003787068833105,78.68713392680219,71.90891516300627,76.99847997398066,78.88182849489831,59.437291411497526,54.317280759064886,58.16174594328412,40.844830875016214,1467,UP,0.4067366430757958,0.9135454576425907
72.12831575959059,54.84679485813864,65.99999999999999,85.0,85.0,30.509356712617418,27.881238444474896,29.854615038346644,38.423861324895476,49.42633643910728,45.168683321522636,48.36562963437056,62.248139645254284,78.95427113798732,72.15304080461196,77.2598843253563,79.67811473158545,60.03729141149751,54.8655959275642,58.74886972933235,40.49030140072671,1468,UP,0.4067366430757958,0.9135454576425907
72.37235774543608,55.39492213272419,65.99999999999999,85.0,85.0,30.242219501432302,27.637112802869204,29.59321068697101,38.087425415938675,48.82633643910729,44.620368153023314,47.77850584832233,61.49249222167543,79.22140834917245,72.39716644621765,77.52128867673193,80.47440096827259,60.63729141149751,55.41391109606352,59.335993515380565,40.13577192643721,1469,UP,0.4067366430757958,0.9135454576425907
72.61639973128156,55.94304940730974,65.99999999999999,85.0,85.0,29.975082290247165,27.392987161263516,29.331806335595385,37.750989506981895,48.22633643910727,44.07205298452399,47.19138206227411,60.73684479809662,79.48854556035757,72.64129208782335,77.78269302810756,81.27068720495974,61.2372914114975,55.962226264562844,59.923117301428796,39.78124245214769,1470,UP,0.4067366430757958,0.9135454576425907
72.86044171712705,56.4911766818953,65.99999999999999,85.0,85.0,29.707945079062053,27.148861519657828,29.070401984219757,37.41455359802508,47.62633643910729,43.52373781602467,46.604258276225885,59.98119737451777,79.75568277154271,72.88541772942902,78.04409737948318,82.06697344164688,61.837291411497496,56.510541433062166,60.51024108747702,39.42671297785818,1471,UP,0.4067366430757958,0.9135454576425907
73.10448370297253,57.03930395648085,65.99999999999999,85.0,85.0,29.440807867876917,26.90473587805214,28.80899763284413,37.07811768906829,47.026336439107304,42.975422647525356,46.01713449017767,59.22554995093895,80.02281998272782,73.12954337103471,78.30550173085882,82.86325967833403,62.43729141149749,57.05885660156149,61.097364873525244,39.072183503568674,1472,UP,0.4067366430757958,0.9135454576425907
73.34852568881801,57.587431231066404,65.99999999999999,85.0,85.0,29.1736706566918,26.660610236446452,28.547593281468497,36.74168178011148,46.42633643910731,42.42710747902601,45.430010704129444,58.46990252736011,80.28995719391295,73.3736690126404,78.56690608223444,83.65954591502117,63.037291411497485,57.60717177006081,61.68448865957346,38.71765402927917,1473,UP,0.4067366430757958,0.9135454576425907
73.5925676746635,58.13555850565196,65.99999999999999,85.0,85.0,28.906533445506657,26.41648459484076,28.286188930092866,36.40524587115469,45.8263364391073,41.87879231052671,44.84288691808121,57.71425510378128,80.55709440509808,73.6177946542461,78.82831043361007,84.45583215170831,63.63729141149747,58.15548693856013,62.271612445621685,38.36312455498965,1474,UP,0.4067366430757958,0.9135454576425907
73.83660966050898,58.68368578023751,65.99999999999999,85.0,85.0,28.639396234321545,26.172358953235072,28.024784578717238,36.068809962197875,45.22633643910732,41.33047714202739,44.25576313203299,56.958607680202434,80.82423161628321,73.86192029585179,79.0897147849857,85.25211838839544,64.23729141149747,58.70380210705945,62.85873623166991,38.00859508070015,1475,UP,0.4067366430757958,0.9135454576425907
74.08065164635447,59.231813054823064,65.99999999999999,85.0,85.0,28.372259023136408,25.928233311629384,27.763380227341614,35.73237405324109,44.626336439107334,40.78216197352807,43.668639345984765,56.202960256623605,81.09136882746833,74.10604593745748,79.35111913636133,86.0484046250826,64.83729141149746,59.252117275558774,63.44586001771814,37.65406560641064,1476,UP,0.4067366430757958,0.9135454576425907
74.32469363219995,59.77994032940862,65.99999999999999,85.0,85.0,28.10512181195129,25.684107670023696,27.501975875965975,35.39593814428429,44.02633643910734,40.23384680502875,43.08151555993654,55.44731283304477,81.35850603865346,74.35017157906316,79.61252348773695,86.84469086176975,65.43729141149745,59.800432444058096,64.03298380376637,37.29953613212113,1477,UP,0.4067366430757958,0.9135454576425907
74.56873561804544,60.32806760399417,65.99999999999999,85.0,85.0,27.837984600766152,25.439982028418008,27.240571524590347,35.0595022353275,43.426336439107324,39.685531636529426,42.49439177388832,54.69166540946594,81.62564324983857,74.59429722066885,79.87392783911258,87.64097709845687,66.03729141149745,60.34874761255742,64.62010758981458,36.94500665783161,1478,UP,0.4067366430757958,0.9135454576425907
74.81277760389092,60.876194878579724,65.99999999999999,85.0,85.0,27.570847389581036,25.195856386812316,26.979167173214723,34.72306632637069,42.82633643910735,39.137216468030104,41.90726798784009,53.93601798588708,81.89278046102372,74.83842286227454,80.13533219048823,88.43726333514402,66.63729141149744,60.89706278105674,65.2072313758628,36.590477183542106,1479,UP,0.4067366430757958,0.9135454576425907
75.0568195897364,61.42432215316528,65.99999999999999,85.0,85.0,27.303710178395896,24.95173074520663,26.717762821839095,34.3866304174139,42.226336439107364,38.58890129953078,41.32014420179187,53.18037056230826,82.15991767220883,75.08254850388023,80.39673654186385,89.23354957183116,67.23729141149742,61.44537794955606,65.79435516191104,36.235947709252606,1480,UP,0.4067366430757958,0.9135454576425907
75.30086157558189,61.97244942775083,65.99999999999999,85.0,85.0,27.036572967210788,24.70760510360094,26.45635847046346,34.0501945084571,41.62633643910738,38.04058613103144,40.73302041574365,52.424723138729426,82.42705488339396,75.32667414548592,80.65814089323948,90.02983580851831,67.83729141149742,61.99369311805538,66.38147894795927,35.8814182349631,1481,UP,0.4067366430757958,0.9135454576425907
75.54490356142738,62.520576702336385,65.99999999999999,85.0,85.0,26.76943575602565,24.463479461995252,26.194954119087836,33.71375859950031,41.02633643910736,37.49227096253213,40.14589662969543,51.66907571515057,82.69419209457908,75.5707997870916,80.91954524461511,90.82612204520545,68.43729141149741,62.542008286554704,66.96860273400748,35.52688876067358,1482,UP,0.4067366430757958,0.9135454576425907
75.78894554727286,63.06870397692194,65.99999999999999,85.0,85.0,26.502298544840535,24.21935382038956,25.933549767712204,33.37732269054351,40.42633643910738,36.94395579403281,39.5587728436472,50.91342829157175,82.96132930576422,75.8149254286973,81.18094959599074,91.6224082818926,69.0372914114974,63.09032345505402,67.55572652005571,35.17235928638407,1483,UP,0.4067366430757958,0.9135454576425907
76.03298753311834,63.61683125150749,65.99999999999999,85.0,85.0,26.235161333655387,23.975228178783873,25.672145416336576,33.04088678158672,39.82633643910739,36.39564062553349,38.97164905759897,50.15778086799292,83.22846651694935,76.05905107030298,81.44235394736637,92.41869451857974,69.6372914114974,63.63863862355335,66.8782252913277,34.817829812094566,1484,UP,0.4067366430757958,0.9135454576425907
76.27702951896383,64.16495852609305,65.99999999999999,85.0,85.0,25.968024122470275,23.731102537178185,25.41074106496094,32.704450872629906,39.22633643910739,35.84732545703417,38.38452527155076,49.40213344441408,83.49560372813447,76.30317671190868,81.70375829874199,93.21498075526686,70.2372914114974,64.18695379205266,66.19724367409572,34.46330033780506,1485,UP,0.4067366430757958,0.9135454576425907
76.52107150480931,64.7130858006786,65.99999999999999,85.0,85.0,25.70088691128514,23.486976895572496,25.149336713585317,32.36801496367312,38.626336439107384,35.299010288534845,37.797401485502526,48.646486020835226,83.7627409393196,76.54730235351437,81.96516265011762,94.01126699195402,70.83729141149738,64.73526896055199,65.51626205686362,34.108770863515545,1486,UP,0.4067366430757958,0.9135454576425907
76.7651134906548,65.26121307526415,65.99999999999999,85.0,85.0,25.433749700100027,23.242851253966805,24.887932362209682,32.0315790547163,38.02633643910741,34.75069512003553,37.21027769945431,47.89083859725641,84.02987815050473,76.79142799512005,82.22656700149325,94.80755322864117,71.43729141149738,65.28358412905132,64.83528043963165,33.75424138922604,1487,UP,0.4067366430757958,0.9135454576425907
77.00915547650028,65.8093403498497,65.99999999999999,85.0,85.0,25.16661248891488,22.998725612361117,24.626528010834054,31.695143145759527,37.42633643910742,34.2023799515362,36.623153913406064,47.135191173677576,84.06092795474652,77.03555363672574,82.4879713528689,95.60383946532832,72.03729141149736,65.83189929755062,64.15429882239961,33.39971191493653,1488,UP,0.4067366430757958,0.9135454576425907
77.25319746234577,66.35746762443526,65.99999999999999,85.0,85.0,24.899475277729778,22.75459997075543,24.365123659458426,31.3587072368027,36.82633643910743,33.65406478303687,36.036030127357854,46.37954375009874,82.71330589040402,77.27967927833143,82.74937570424451,96.40012570201546,72.63729141149736,66.38021446604995,63.47331720516756,33.04518244064701,1489,UP,0.4067366430757958,0.9135454576425907
77.49723944819125,66.90559489902081,65.99999999999999,85.0,85.0,24.63233806654463,22.51047432914974,24.103719308082802,31.022271327845935,36.22633643910742,33.10574961453756,35.44890634130964,45.623896326519905,81.36568382606153,77.52380491993712,83.01078005562015,97.1964119387026,73.23729141149735,66.92852963454928,62.79233558793555,32.690652966357504,1490,UP,0.4067366430757958,0.9135454576425907
77.74128143403674,67.45372217360637,65.99999999999999,85.0,85.0,24.36520085535952,22.26634868754405,23.842314956707167,30.685835418889113,35.62633643910744,32.55743444603824,34.86178255526141,44.86824890294106,80.01806176171903,77.76793056154281,83.27218440699578,97.99269817538973,73.83729141149735,67.47684480304859,62.11135397070349,32.336123492068,1491,UP,0.4067366430757958,0.9135454576425907
77.98532341988222,68.00184944819192,65.99999999999999,85.0,85.0,24.09806364417438,22.02222304593836,23.580910605331535,30.349399509932336,35.026336439107446,32.009119277538915,34.27465876921317,44.11260147936223,78.67043969737648,78.0120562031485,83.5335887583714,98.78898441207687,74.43729141149734,68.02515997154792,61.43037235347146,31.981594017778477,1492,UP,0.4067366430757958,0.9135454576425907
78.2293654057277,68.54997672277747,65.99999999999999,85.0,85.0,23.830926432989266,21.778097404332673,23.31950625395591,30.01296360097551,34.42633643910746,31.4608041090396,33.68753498316495,43.356954055783405,77.32281763303395,78.25618184475418,83.79499310974703,99.58527064876402,75.03729141149734,68.57347514004725,60.74939073623947,31.62706454348897,1493,UP,0.4067366430757958,0.9135454576425907
78.47340739157319,69.09810399736303,65.99999999999999,85.0,85.0,23.563789221804132,21.533971762726985,23.05810190258028,29.676527692018734,33.82633643910745,30.91248894054028,33.10041119711673,42.60130663220457,75.9751955686915,78.50030748635987,84.05639746112266,100.38155688545116,75.63729141149733,69.12179030854657,60.06840911900739,31.272535069199463,1494,UP,0.4067366430757958,0.9135454576425907
78.71744937741867,69.64623127194858,65.99999999999999,85.0,85.0,23.296652010619017,21.289846121121293,22.79669755120465,29.34009178306193,33.226336439107484,30.364173772040957,32.513287411068504,41.84565920862573,74.62757350434897,78.74443312796556,84.31780181249829,101.1778431221383,76.23729141149731,69.67010547704588,59.3874275017754,30.918005594909946,1495,UP,0.4067366430757958,0.9135454576425907
78.96149136326416,70.19435854653413,65.99999999999999,85.0,85.0,23.029514799433876,21.045720479515605,22.535293199829024,29.003655874105146,32.626336439107476,29.815858603541635,31.926163625020266,41.090011785046904,73.27995144000643,78.98855876957126,84.57920616387392,101.97412935882545,76.83729141149732,70.21842064554521,58.70644588454335,30.56347612062044,1496,UP,0.4067366430757958,0.9135454576425907
79.20553334910964,70.74248582111969,65.99999999999999,85.0,85.0,22.762377588248757,20.801594837909917,22.273888848453392,28.667219965148327,32.02633643910749,29.2675434350423,31.339039838972063,40.33436436146805,71.93232937566391,79.23268441117695,84.84061051524955,102.7704155955126,77.43729141149731,70.76673581404452,58.02546426731135,30.20894664633094,1497,UP,0.4067366430757958,0.9135454576425907
79.44957533495513,71.29061309570524,65.99999999999999,85.0,85.0,22.49524037706362,20.55746919630423,22.012484497077768,28.330784056191543,31.426336439107477,28.71922826654299,30.75191605292384,39.57871693788921,70.58470731132144,79.47681005278262,85.10201486662518,103.56670183219975,78.03729141149729,71.31505098254385,57.344482650079264,29.85441717204143,1498,UP,0.4067366430757958,0.9135454576425907
79.69361732080061,71.8387403702908,65.99999999999999,85.0,85.0,22.228103165878508,20.31334355469854,21.75108014570213,27.994348147234728,30.826336439107486,28.170913098043673,30.164792266875608,38.82306951431038,69.23708524697889,79.72093569438832,85.36341921800081,104.36298806888688,78.63729141149729,71.86336615104317,56.66350103284727,29.4998876977519,1499,UP,0.4067366430757958,0.9135454576425907
79.9376593066461,72.38686764487635,65.99999999999999,85.0,85.0,21.960965954693368,20.069217913092853,21.48967579432651,27.657912238277945,30.226336439107513,27.62259792954435,29.577668480827377,38.06742209073155,67.8894631826364,79.96506133599401,85.62482356937645,105.15927430557403,79.23729141149728,72.4116813195425,55.982519415615194,29.14535822346239,1500,UP,0.4067366430757958,0.9135454576425907
80.18170129249158,72.9349949194619,65.99999999999999,85.0,85.0,21.69382874350826,19.82509227148716,21.228271442950874,27.32147632932114,29.626336439107522,27.07428276104503,28.990544694779146,37.31177466715272,66.5418411182939,80.2091869775997,85.88622792075206,105.95556054226117,79.83729141149728,72.95999648804181,55.3015377983832,28.790828749172885,1501,UP,0.4067366430757958,0.9135454576425907
80.42574327833707,73.48312219404745,65.99999999999999,85.0,85.0,21.42669153232311,19.580966629881473,20.966867091575242,26.985040420364363,29.02633643910751,26.525967592545708,28.40342090873094,36.55612724357386,65.19421905395137,80.45331261920538,86.1476322721277,106.7518467789483,80.43729141149727,73.50831165654114,54.620556181151116,28.436299274883382,1502,UP,0.4067366430757958,0.9135454576425907
80.66978526418255,74.031249468633,65.99999999999999,85.0,85.0,21.159554321138,19.336840988275785,20.705462740199614,26.648604511407537,28.426336439107533,25.977652424046386,27.816297122682716,35.80047981999505,63.846596989608855,80.69743826081107,86.40903662350333,107.54813301563546,81.03729141149726,74.05662682504045,53.93957456391912,28.081769800593875,1503,UP,0.4067366430757958,0.9135454576425907
80.91382725002804,74.57937674321856,65.99999999999999,85.0,85.0,20.892417109952866,19.092715346670097,20.444058388823983,26.31216860245076,27.82633643910754,25.429337255547065,27.229173336634474,35.04483239641622,62.498974925266324,80.94156390241676,86.67044097487896,108.3444192523226,81.63729141149724,74.60494199353977,53.25859294668711,27.72724032630437,1504,UP,0.4067366430757958,0.9135454576425907
81.15786923587352,75.12750401780411,65.99999999999999,85.0,85.0,20.625279898767744,18.848589705064406,20.182654037448355,25.97573269349394,27.226336439107545,24.88102208704773,26.642049550586258,34.28918497283736,61.151352860923836,81.18568954402245,86.93184532625457,109.14070548900975,82.23729141149725,75.1532571620391,52.577611329455046,27.372710852014862,1505,UP,0.4067366430757958,0.9135454576425907
81.401911221719,75.67563129238967,65.99999999999999,85.0,85.0,20.35814268758261,18.604464063458718,19.921249686072724,25.639296784537162,26.62633643910754,24.33270691854842,26.054925764538037,33.533537549258526,59.80373079658134,81.42981518562814,87.19324967763022,109.93699172569688,82.83729141149723,75.70157233053841,51.896629712223024,27.018181377725355,1506,UP,0.4067366430757958,0.9135454576425907
81.64595320756449,76.22375856697522,65.99999999999999,85.0,85.0,20.091005476397495,18.36033842185303,19.65984533469709,25.302860875580336,26.026336439107546,23.7843917500491,25.467801978489817,32.777890125679704,58.45610873223884,81.67394082723382,87.45465402900585,110.73327796238404,83.43729141149723,76.24988749903774,51.21564809499103,26.66365190343585,1507,UP,0.4067366430757958,0.9135454576425907
81.88999519340997,76.77188584156077,65.99999999999999,85.0,85.0,19.823868265212358,18.116212780247338,19.39844098332147,24.96642496662356,25.42633643910757,23.23607658154978,24.88067819244158,32.02224270210087,57.10848666789631,81.91806646883951,87.71605838038147,111.52956419907117,84.03729141149722,76.79820266753707,50.534666477758954,26.309122429146345,1508,UP,0.4067366430757958,0.9135454576425907
82.13403717925546,77.32001311614633,65.99999999999999,85.0,85.0,19.556731054027242,17.872087138641653,19.137036631945836,24.629989057666744,24.826336439107575,22.68776141305046,24.293554406393355,31.266595278522033,55.76086460355381,82.1621921104452,87.97746273175711,112.32585043575831,84.63729141149722,77.34651783603638,49.85368486052695,25.954592954856842,1509,UP,0.4067366430757958,0.9135454576425907
82.37807916510094,77.86814039073188,65.99999999999999,85.0,85.0,19.289593842842102,17.62796149703596,18.875632280570212,24.29355314870996,24.226336439107566,22.139446244551138,23.706430620345138,30.5109478549432,54.413242539211296,82.4063177520509,88.23886708313273,113.12213667244545,85.23729141149721,77.8948330045357,49.172703243294876,25.600063480567307,1510,UP,0.4067366430757958,0.9135454576425907
82.62212115094643,78.41626766531743,65.99999999999999,85.0,85.0,19.022456631656986,17.383835855430274,18.61422792919458,23.957117239753163,23.62633643910759,21.591131076051816,23.119306834296918,29.755300431364372,53.065620474868794,82.65044339365659,88.50027143450836,113.90273002841828,85.8372914114972,78.44314817303503,48.49172162606285,25.245534006277804,1511,UP,0.4067366430757958,0.9135454576425907
82.86616313679191,78.96439493990299,65.99999999999999,85.0,85.0,18.75531942047186,17.139710213824586,18.352823577818953,23.62068133079638,23.026336439107595,21.042815907552495,22.53218304824868,28.999653007785536,51.71799841052626,82.89456903526226,88.76167578588398,114.23916593737508,86.43729141149718,78.99146334153434,47.810740008830834,24.891004531988294,1512,UP,0.4067366430757958,0.9135454576425907
83.1102051226374,79.51252221448854,65.99999999999999,85.0,85.0,18.48818220928674,16.895584572218894,18.09141922644332,23.284245421839564,22.42633643910761,20.49450073905316,21.945059262200477,28.24400558420668,50.37037634618372,83.13869467686796,89.02308013725963,114.57560184633188,87.03729141149718,79.53977851003367,47.12975839159886,24.536475057698794,1513,UP,0.4067366430757958,0.9135454576425907
83.35424710848288,80.0606494890741,65.99999999999999,85.0,85.0,18.221044998101597,16.65145893061321,17.830014875067693,22.947809512882777,21.826336439107596,19.94618557055385,21.357935476152242,27.48835816062785,49.02275428184123,83.38282031847365,89.28448448863526,114.91203775528867,87.63729141149717,80.08809367853299,46.448776774366785,24.181945583409288,1514,UP,0.4067366430757958,0.9135454576425907
83.59828909432836,80.60877676365965,65.99999999999999,85.0,85.0,17.95390778691649,16.407333289007518,17.568610523692058,22.611373603925962,21.2263364391076,19.397870402054533,20.770811690104015,26.73271073704902,47.6751322174987,83.62694596007934,89.54588884001087,115.24847366424545,88.23729141149717,80.63640884703231,45.767795157134756,23.827416109119756,1515,UP,0.4067366430757958,0.9135454576425907
83.84233108017385,81.1569040382452,65.99999999999999,85.0,85.0,17.68677057573134,16.16320764740183,17.307206172316434,22.27493769496918,20.62633643910763,18.84955523355521,20.183687904055777,25.977063313470186,46.32751015315622,83.87107160168503,89.8072931913865,115.58490957320225,88.83729141149716,81.18472401553163,45.086813539902735,23.472886634830253,1516,UP,0.4067366430757958,0.9135454576425907
84.08637306601933,81.70503131283076,65.99999999999999,85.0,85.0,17.419633364546236,15.91908200579614,17.045801820940802,21.938501786012363,20.026336439107634,18.30124006505589,19.59656411800756,25.22141588989135,44.97988808881373,84.11519724329072,90.06869754276214,115.92134548215905,89.43729141149716,81.73303918403096,44.40583192267071,23.118357160540747,1517,UP,0.4067366430757958,0.9135454576425907
84.33041505186482,82.25315858741631,65.99999999999999,85.0,85.0,17.1524961533611,15.674956364190452,16.784397469565175,21.60206587705558,19.426336439107626,17.752924896556568,19.009440331959343,24.465768466312515,43.632266024471186,84.3593228848964,90.33010189413777,116.25778139111586,90.03729141149715,82.28135435253027,43.72485030543863,22.76382768625124,1518,UP,0.4067366430757958,0.9135454576425907
84.5744570377103,82.80128586200186,65.99999999999999,85.0,85.0,16.885358942175976,15.430830722584762,16.522993118189547,21.265629968098764,18.82633643910765,17.204609728057246,18.422316545911123,23.710121042733682,42.28464396012871,84.60344852650209,90.59150624551339,116.59421730007266,90.63729141149715,82.82966952102959,43.043868688206665,22.409298211961733,1519,UP,0.4067366430757958,0.9135454576425907
84.81849902355579,83.34941313658742,65.99999999999999,85.0,85.0,16.61822173099084,15.186705080979074,16.261588766813915,20.929194059141988,18.226336439107655,16.656294559557924,17.835192759862885,22.954473619154847,40.93702189578618,84.84757416810778,90.85291059688902,116.93065320902946,91.23729141149714,83.37798468952892,42.362887070974594,22.054768737672205,1520,UP,0.4067366430757958,0.9135454576425907
85.06254100940127,83.89754041117297,65.99999999999999,85.0,85.0,16.351084519805713,14.942579439373386,16.000184415438284,20.592758150185173,17.62633643910767,16.10797939105859,17.24806897381467,22.198826195575997,39.58939983144363,85.09169980971348,91.11431494826465,117.26708911798623,91.83729141149712,83.92629985802823,41.68190545374256,21.7002392633827,1521,LEFT,-0.9135454576425907,0.4067366430757959
85.06254100940127,83.89754041117297,69.0,85.0,85.0,16.00018441543829,14.942579439373386,16.351084519805724,21.7002392633827,17.248068973814686,16.10797939105859,17.62633643910764,23.392681849464385,44.932755870768986,85.09169980971348,93.112543330799,115.66102107259582,89.86643038988832,83.92629985802823,36.72513712469971,20.59275815018519,1522,UP,0.35836794954529644,0.9335804264971912
85.27756177912845,84.45768866707128,69.0,85.0,85.0,15.769865994417037,14.727484962140966,16.115714984630053,21.387870061056322,16.64806897381469,15.547639120544396,17.01317783685947,22.578932256336802,43.36970243195275,85.30679428694589,93.34791286597465,116.43324060265255,90.46643038988832,84.48664012854245,36.19648849323841,20.296330845444455,1523,UP,0.35836794954529644,0.9335804264971912
6.072938735523055,90.06942983378917,69.0,85.0,85.0,100.60950144048303,93.95925875576773,24.41523362909839,13.69026886399689,10.637080517498003,9.93397429109386,10.870362370184225,8.372144065481745,6.504997923219938,6.075020493319121,6.647659057048204,8.822399022193594,16.94609895563605,90.10030495799298,98.59326548042044,129.48770320268994,1524,RIGHT,0.9335804264971912,-0.3583679495452964
6.072938735523055,90.06942983378917,65.99999999999999,85.0,85.0,102.81596879355655,93.95925875576773,27.710542136401514,14.4265332386327,10.870362370184228,9.933974291093875,10.637080517497997,8.82239902219362,6.647659057048205,6.075020493319121,6.504997923219938,8.372144065481729,14.930886702507598,90.10030495799298,96.47741884620491,124.16957840417469,1525,RIGHT,0.9135454576425905,-0.40673664307579577
6.072938735523055,90.06942983378917,62.999999999999986,85.0,85.0,105.41680528101257,94.21750238081525,32.13600011318971,15.290784523479052,11.145339452207452,9.961277460212397,10.441619394918243,9.350923066344423,6.815818482423601,6.09171746746736,6.385465670515831,7.986442782219558,13.376796957220654,77.40260933657166,94.7046030289085,118.44913626199133,1526,RIGHT,0.8910065241883577,-0.4539904997395418
6.072938735523055,90.06942983378917,59.999999999999986,85.0,85.0,108.45762821047252,94.73755417353775,38.368776773275194,16.312745343247745,11.466834717336607,10.016260664713517,10.280882750969086,9.975892765433553,7.012425627452708,6.125341884477592,6.2871688179767755,7.654771748101207,12.145877471046116,46.52659081086812,93.24673529003923,113.53003165112436,1527,RIGHT,0.8660254037844287,-0.4999999999999945
6.072938735523055,90.06942983378917,56.99999999999999,85.0,85.0,111.99518005571554,95.52666408468204,47.76340439131575,17.532593249902213,11.84084734312161,10.099690415798843,10.15242501107291,10.721878290914736,7.241149227879275,6.17636249644457,6.208611799453541,7.368942789789689,11.15039199376427,33.32466992438719,92.08163447543004,109.29082351379977,1528,RIGHT,0.8386705679454144,-0.5446390350150211
6.072938735523055,90.06942983378917,53.999999999999986,85.0,85.0,116.1002326496809,96.596016900711,63.480705250323034,19.005928124624607,12.274859780768004,10.212749240689666,10.054355972479273,11.622881182122605,7.506565100298138,6.245502465809919,6.148638680764214,7.122510748861519,10.3319004888902,26.01438998493708,91.19215660632106,105.63592192730005,1529,RIGHT,0.809016994374938,-0.5877852522924666
6.072938735523055,90.06942983378917,50.999999999999986,85.0,85.0,120.86154457829934,97.96112642319459,94.44443777650125,20.811878547106435,12.778256156145124,10.357077357795507,9.98527052291146,11.299928077334359,7.814412011017481,6.33376485138566,6.106390179850453,6.910355576859378,9.649995172398818,21.38243179027498,90.56555743344022,102.4893900403987,1530,RIGHT,0.7771459614569618,-0.6293203910498304
6.072938735523055,90.06942983378917,47.999999999999986,85.0,85.0,126.3913278332235,99.64240079826075,94.05596169109974,23.06693193237916,13.362900239305953,10.534832446962358,9.944198344435524,11.002362146158765,8.171945127414212,6.442469160239025,6.081272908692399,6.728382171550088,9.075864529003658,18.192971676684664,90.19303625535662,99.79049226208791,1531,RIGHT,0.7431448254773855,-0.6691306063588507
6.072938735523055,90.06942983378917,44.999999999999986,85.0,85.0,127.3774092261565,101.66591850905576,93.92706126447698,25.949830398554674,14.04394701115304,10.748771692362963,9.930570166210856,10.748771692362977,8.588432323237651,6.5733015201837395,6.072938735523085,6.573301520183723,8.58843232323764,15.869353679595218,90.0694298337892,97.49044833687645,1532,RIGHT,0.7071067811865391,-0.7071067811865395
6.072938735523055,90.06942983378917,41.999999999999986,85.0,85.0,121.20037272133169,104.06447223669662,94.05596169109975,29.74944909462236,14.841004240187216,11.002362146158767,9.944198344435524,10.534832446962342,9.07586452900366,6.728382171550099,6.081272908692399,6.44246916023901,8.17194512741421,14.106346573982304,90.19303625535665,95.55003751153738,1533,RIGHT,0.6691306063588502,-0.7431448254773857
6.072938735523055,90.06942983378917,38.99999999999999,85.0,85.0,115.89770043317166,106.87896254087372,94.44443777650126,34.9649071833184,15.779832192700137,11.299928077334373,9.98527052291146,10.357077357795507,9.649995172398842,6.9103555768593985,6.106390179850455,6.333764851385659,7.814412011017461,12.72729171359853,58.09842167078191,93.93781391678473,1534,RIGHT,0.62932039104983,-0.7771459614569619
6.072938735523055,90.06942983378917,35.999999999999986,85.0,85.0,111.331937969211,110.16025891253948,95.09787389803614,42.53916206423564,16.89489507856787,11.646847734100875,10.054355972479275,10.212749240689678,10.331900488890248,7.122510748861533,6.148638680764217,6.245502465809912,7.506565100298128,11.62288118212259,38.8209767838641,92.62877012583122,1535,RIGHT,0.587785252292466,-0.809016994374938
6.072938735523055,90.06942983378917,32.999999999999986,85.0,85.0,107.39548194047319,113.9716982195751,96.02544768704942,54.49305309374894,18.23330596554995,12.049817495564984,10.152425011072914,10.099690415798856,11.15039199376432,7.368942789789721,6.208611799453557,6.1763624964445665,7.241149227879265,10.721878290914713,29.209222009772052,91.60333616532776,1536,RIGHT,0.5446390350150204,-0.8386705679454143
6.072938735523055,90.06942983378917,29.999999999999986,85.0,85.0,104.00321912058858,118.39246965292534,97.2404492230316,76.08105313812474,19.861140332421716,12.517209749902108,10.280882750969107,10.016260664713545,11.466834717336589,7.654771748101223,6.287168817976777,6.125341884477592,7.012425627452713,9.97589276543353,23.46403346445189,90.8466353933018,1537,RIGHT,0.4999999999999939,-0.8660254037844285
6.072938735523055,90.06942983378917,26.999999999999986,85.0,85.0,101.08728431122867,123.522257206859,98.76075675331094,94.21750238081525,21.87396029632338,13.059563727087149,10.441619394918263,9.961277460212411,11.145339452207446,7.986442782219582,6.385465670515835,6.091717467467357,6.815818482423593,9.350923066344421,19.65244257134415,90.34794238807021,1538,RIGHT,0.4539904997395412,-0.8910065241883574
6.072938735523055,90.06942983378917,23.999999999999986,85.0,85.0,98.5932654804205,129.48770320268994,100.60950144048304,93.95925875576773,24.415233629098392,13.690268863996879,10.637080517497989,9.933974291093875,10.87036237018421,8.372144065481745,6.504997923219946,6.075020493319118,6.647659057048198,8.822399022193618,16.946098955636025,90.10030495799298,1539,RIGHT,0.40673664307579516,-0.9135454576425901
6.072938735523055,90.06942983378917,20.999999999999986,85.0,85.0,96.47741884620496,124.16957840417471,102.81596879355656,93.95925875576773,27.710542136401546,14.426533238632725,10.870362370184218,9.933974291093875,10.637080517498,8.822399022193622,6.647659057048208,6.075020493319119,6.504997923219933,8.372144065481745,14.930886702507598,90.10030495799298,1540,RIGHT,0.35836794954529577,-0.9335804264971906
6.072938735523055,90.06942983378917,17.999999999999986,85.0,85.0,94.70460302890852,118.44913626199133,105.41680528101259,94.21750238081525,32.13600011318982,15.290784523479049,11.145339452207454,9.961277460212411,10.44161939491823,9.350923066344425,6.815818482423591,6.091717467467357,6.385465670515828,7.986442782219571,13.376796957220643,77.4026093365712,1541,RIGHT,0.3090169943749435,-0.9510565162951422
6.072938735523055,90.06942983378917,14.999999999999986,85.0,85.0,93.24673529003927,113.53003165112438,108.45762821047255,94.73755417353773,38.36877677327523,16.312745343247734,11.46683471733659,10.016260664713545,10.280882750969104,9.975892765433542,7.012425627452725,6.125341884477592,6.2871688179767755,7.654771748101212,12.145877471046093,46.52659081086797,1542,RIGHT,0.25881904510251746,-0.9659258262890567
6.072938735523055,90.06942983378917,11.999999999999988,85.0,85.0,92.08163447543006,109.29082351379977,111.99518005571558,95.52666408468203,47.76340439131594,17.53259324990224,11.840847343121592,10.099690415798872,10.15242501107294,10.721878290914738,7.241149227879277,6.176362496444571,6.208611799453541,7.36894278978971,11.15039199376428,33.32466992438711,1543,RIGHT,0.20791169081775665,-0.9781476007337938
6.072938735523055,90.06942983378917,8.999999999999988,85.0,85.0,91.19215660632108,105.63592192730006,116.10023264968093,96.596016900711,63.480705250323204,19.005928124624614,12.274859780768008,10.212749240689693,10.05435597247926,11.622881182122617,7.506565100298149,6.2455024658099205,6.148638680764214,7.122510748861523,10.331900488890223,26.014389984937036,1544,RIGHT,0.1564344650402288,-0.9876883405951258
6.072938735523055,90.06942983378917,5.999999999999986,85.0,85.0,90.56555743344023,102.4893900403987,120.8615445782994,97.96112642319457,94.44443777650125,20.81187854710645,12.77825615614513,10.357077357795507,9.985270522911474,11.299928077334354,7.814412011017483,6.333764851385663,6.106390179850453,6.910355576859397,9.649995172398818,21.382431790274964,1545,RIGHT,0.10452846326765201,-0.9945218953682613
6.072938735523055,90.06942983378917,2.9999999999999853,85.0,85.0,90.19303625535663,99.7904922620879,126.39132783322354,99.64240079826075,94.05596169109977,23.066931932379198,13.362900239305974,10.534832446962358,9.944198344435538,11.00236214615876,8.171945127414215,6.4424691602390185,6.081272908692398,6.7283821715500975,9.075864529003649,18.19297167668465,1546,RIGHT,0.052335956242943,-0.9986295347545617
6.072938735523055,90.06942983378917,-1.5002565125868233e-14,85.0,85.0,90.0694298337892,97.49044833687647,127.37740922615643,101.6659185090557,93.92706126447698,25.94983039855466,14.043947011153035,10.748771692362993,9.930570166210856,10.748771692362961,8.588432323237654,6.573301520183738,6.072938735523085,6.573301520183733,8.58843232323764,15.869353679595205,1547,RIGHT,-2.0061181773390807e-16,-0.9999999999999878
6.072938735523055,90.06942983378917,-3.0000000000000155,85.0,85.0,90.19303625535663,95.55003751153738,121.20037272133165,104.06447223669657,94.05596169109978,29.74944909462239,14.841004240187216,11.002362146158754,9.944198344435538,10.534832446962366,9.075864529003674,6.728382171550111,6.081272908692399,6.44246916023901,8.171945127414201,14.106346573982304,1548,RIGHT,-0.0523359562429434,-0.9986295347545616
6.072938735523055,90.06942983378917,-6.000000000000016,85.0,85.0,58.09842167078261,93.93781391678472,115.89770043317164,106.87896254087369,94.44443777650123,34.96490718331847,15.779832192700134,11.29992807733435,9.985270522911474,10.357077357795504,9.649995172398832,6.91035557685939,6.106390179850456,6.333764851385664,7.814412011017471,12.727291713598543,1549,RIGHT,-0.1045284632676524,-0.9945218953682611
6.072938735523055,90.06942983378917,-9.000000000000016,85.0,85.0,38.8209767838644,92.62877012583122,111.33193796921098,110.16025891253943,95.09787389803614,42.539162064235775,16.894895078567856,11.646847734100879,10.05435597247926,10.212749240689678,10.331900488890252,7.122510748861539,6.148638680764217,6.245502465809919,7.506565100298138,11.62288118212259,1550,RIGHT,-0.15643446504022915,-0.9876883405951254
6.072938735523055,90.06942983378917,-12.000000000000018,85.0,85.0,29.209222009772212,91.60333616532775,107.39548194047318,113.97169821957509,96.02544768704948,54.49305309374912,18.23330596554995,12.049817495564973,10.152425011072928,10.099690415798856,11.150391993764309,7.3689427897897115,6.208611799453552,6.176362496444574,7.241149227879275,10.721878290914736,1551,RIGHT,-0.20791169081775698,-0.9781476007337935
6.072938735523055,90.06942983378917,-15.000000000000018,85.0,85.0,23.464033464452,90.8466353933018,104.00321912058858,118.3924696529253,97.2404492230316,76.08105313812506,19.861140332421723,12.517209749902097,10.280882750969104,10.016260664713544,11.466834717336607,7.654771748101223,6.287168817976781,6.125341884477597,7.012425627452702,9.975892765433517,1552,LEFT,0.2588190451025179,0.9659258262890562
6.072938735523055,90.06942983378917,-12.00000000000002,85.0,85.0,29.209222009772226,91.60333616532775,107.39548194047318,113.97169821957507,96.02544768704946,54.493053093749,18.23330596554995,12.049817495564987,10.152425011072943,10.099690415798856,11.150391993764309,7.36894278978972,6.208611799453552,6.176362496444574,7.241149227879275,10.721878290914736,1553,LEFT,0.20791169081775712,0.9781476007337934
6.072938735523055,90.06942983378917,-9.00000000000002,85.0,85.0,38.82097678386439,92.62877012583122,111.33193796921098,110.16025891253945,95.09787389803614,42.53916206423582,16.89489507856787,11.646847734100893,10.054355972479275,10.212749240689678,10.331900488890252,7.122510748861532,6.148638680764215,6.245502465809917,7.506565100298138,11.62288118212259,1554,LEFT,0.1564344650402293,0.9876883405951253
6.072938735523055,90.06942983378917,-6.000000000000019,85.0,85.0,58.09842167078259,93.93781391678472,115.89770043317162,106.8789625408737,94.44443777650126,34.96490718331843,15.779832192700141,11.299928077334354,9.985270522911446,10.357077357795504,9.649995172398846,6.9103555768593905,6.106390179850455,6.333764851385665,7.814412011017471,12.72729171359853,1555,LEFT,0.10452846326765254,0.9945218953682609
6.072938735523055,90.06942983378917,-3.0000000000000187,85.0,85.0,90.19303625535663,95.55003751153738,121.20037272133165,104.0644722366966,94.05596169109978,29.749449094622413,14.841004240187221,11.002362146158754,9.944198344435538,10.53483244696234,9.075864529003674,6.7283821715501055,6.0812729086924,6.442469160239016,8.171945127414201,14.106346573982304,1556,UP,0.9986295347545613,-0.052335956242943495
6.672116456375791,90.0380282600434,-3.0000000000000187,85.0,85.0,90.16159158778682,95.51672519286427,121.15811773593818,103.40062613678558,93.45596169109979,29.843520180572646,14.887933155779118,11.037152846040803,9.97564301200535,10.568144765635472,9.971321582019424,7.3922282714611205,6.681272908692393,7.0781060662259385,8.978218279444597,15.498128865530402,1557,UP,0.9986295347545613,-0.052335956242943495
7.271294177228528,90.00662668629764,-3.0000000000000187,85.0,85.0,90.13014692021699,95.48341287419115,121.11586275054475,102.73678003687456,92.8559616910998,29.937591266522926,14.934862071371017,11.071943545922847,10.00708767957519,10.601457084308583,10.866778635035162,8.056074371372155,7.281272908692386,7.7137429722128665,9.784491431474994,16.88991115707851,1558,UP,0.9986295347545613,-0.052335956242943495
7.870471898081265,89.97522511255187,-3.0000000000000187,85.0,85.0,90.09870225264716,95.45010055551803,121.0736077651513,102.07293393696354,92.2559616910998,30.03166235247323,14.981790986962901,11.106734245804892,10.038532347145003,10.634769402981714,11.762235688050911,8.719920471283174,7.881272908692378,8.3493798781998,10.590764583505392,18.28169344862661,1559,UP,0.9986295347545613,-0.052335956242943495
8.469649618934001,89.9438235388061,-3.0000000000000187,85.0,85.0,90.06725758507733,95.41678823684491,121.03135277975782,101.4090878370525,91.6559616910998,30.125733438423474,15.028719902554798,11.14152494568694,10.069977014714844,10.668081721654822,12.657692741066638,9.383766571194203,8.48127290869237,8.985016784186723,11.397037735535786,19.673475740174705,1560,UP,0.9986295347545613,-0.052335956242943495
9.068827339786738,89.91242196506033,-3.0000000000000187,85.0,85.0,90.0358129175075,95.38347591817178,120.98909779436438,100.74524173714148,91.05596169109981,30.219804524373743,15.075648818146693,11.176315645568986,10.101421682284656,10.701394040327955,13.553149794082366,10.047612671105224,9.081272908692362,9.620653690173656,12.203310887566174,21.065258031722816,1561,UP,0.9986295347545613,-0.052335956242943495
9.668005060639475,89.88102039131456,-3.0000000000000187,85.0,85.0,90.00436824993767,95.35016359949866,120.94684280897093,100.08139563723047,90.45596169109982,30.313875610323986,15.12257773373859,11.211106345451034,10.132866349854496,10.734706359001063,13.61643015166666,10.711458771016245,9.681272908692353,10.256290596160586,13.00958403959657,22.45704032327091,1562,UP,0.9986295347545613,-0.052335956242943495
10.267182781492211,89.8496188175688,-3.0000000000000187,85.0,85.0,89.97292358236786,95.31685128082555,120.90458782357747,99.41754953731945,89.85596169109982,30.407946696274227,15.169506649330474,11.245897045333082,10.164311017424307,10.768018677674199,13.658685137060111,11.375304870927266,10.281272908692348,10.891927502147508,13.815857191626966,23.84882261481902,1563,UP,0.9986295347545613,-0.052335956242943495
10.866360502344948,89.81821724382303,-3.0000000000000187,85.0,85.0,89.94147891479803,95.28353896215242,120.86233283818403,98.75370343740842,89.25596169109984,30.502017782224527,15.216435564922385,11.280687745215127,10.195755684994149,10.801330996347303,13.70094012245357,12.039150970838293,10.881272908692338,11.527564408134442,14.622130343657362,25.24060490636712,1564,UP,0.9986295347545613,-0.052335956242943495
11.465538223197685,89.78681567007726,-3.0000000000000187,85.0,85.0,89.9100342472282,95.25022664347931,120.82007785279056,98.08985733749739,88.65596169109985,30.596088868174807,15.26336448051427,11.315478445097176,10.227200352563962,10.834643315020438,13.743195107847018,12.702997070749316,11.48127290869233,12.16320131412137,15.42840349568775,26.632387197915218,1565,UP,0.9986295347545613,-0.052335956242943495
12.064715944050421,89.75541409633149,-3.0000000000000187,85.0,85.0,89.87858957965837,95.21691432480618,120.7778228673971,97.42601123758637,88.05596169109985,30.690159954125043,15.310293396106166,11.350269144979224,10.258645020133802,10.867955633693542,13.78545009324048,13.366843170660335,12.081272908692323,12.798838220108298,16.234676647718146,28.024169489463315,1566,UP,0.9986295347545613,-0.052335956242943495
12.663893664903158,89.72401252258572,-3.0000000000000187,85.0,85.0,89.84714491208854,95.18360200613307,120.73556788200365,96.76216513767535,87.45596169109986,30.78423104007532,15.357222311698063,11.385059844861269,10.290089687703613,10.901267952366677,13.82770507863393,14.030689270571369,12.681272908692318,13.434475126095226,17.040949799748542,29.41595178101143,1567,UP,0.9986295347545613,-0.052335956242943495
13.263071385755895,89.69261094883996,-3.0000000000000187,85.0,85.0,89.81570024451872,95.15028968745995,120.6933128966102,96.09831903776433,86.85596169109986,30.878302126025556,15.40415122728995,11.419850544743316,10.321534355273455,10.934580271039787,13.869960064027389,14.694535370482384,13.281272908692308,14.07011203208215,17.847222951778928,30.807734072559526,1568,UP,0.9986295347545613,-0.052335956242943495
13.862249106608632,89.66120937509419,-3.0000000000000187,85.0,85.0,89.7842555769489,95.11697736878682,120.65105791121675,95.4344729378533,86.25596169109987,30.972373211975867,15.451080142881846,11.45464124462536,10.352979022843268,10.96789258971292,13.912215049420837,15.358381470393411,13.881272908692303,14.705748938069082,18.653496103809335,32.19951636410763,1569,UP,0.9986295347545613,-0.052335956242943495
14.461426827461368,89.62980780134842,-3.0000000000000187,85.0,85.0,89.75281090937906,95.0836650501137,120.6088029258233,94.77062683794229,85.65596169109988,31.066444297926136,15.498009058473729,11.48943194450741,10.384423690413108,11.001204908386025,13.954470034814285,16.022227570304427,14.481272908692294,15.34138584405601,19.45976925583972,33.59129865565573,1570,UP,0.9986295347545613,-0.052335956242943495
15.060604548314105,89.59840622760265,-3.0000000000000187,85.0,85.0,89.72136624180924,95.05035273144058,120.56654794042986,94.10678073803125,85.05596169109988,31.160515383876383,15.54493797406564,11.524222644389457,10.41586835798292,11.034517227059158,13.996725020207746,16.68607367021546,15.081272908692286,15.977022750042938,20.266042407870117,34.98308094720384,1571,UP,0.9986295347545613,-0.052335956242943495
15.659782269166842,89.56700465385688,-3.0000000000000187,85.0,85.0,89.6899215742394,95.01704041276747,120.5242929550364,93.44293463812024,84.4559616910999,31.25458646982662,15.591866889657524,11.559013344271506,10.44731302555276,11.067829545732266,14.038980005601195,17.349919770126476,15.681272908692279,16.612659656029862,21.072315559900503,36.374863238751935,1572,UP,0.9986295347545613,-0.052335956242943495
16.25895999001958,89.53560308011112,-3.0000000000000187,85.0,85.0,89.65847690666959,94.98372809409435,120.48203796964295,92.77908853820922,83.8559616910999,31.348657555776896,15.63879580524942,11.59380404415355,10.478757693122573,11.1011418644054,14.081234990994655,18.01376587003751,16.281272908692273,17.24829656201679,21.878588711930913,37.76664553030004,1573,UP,0.9986295347545613,-0.052335956242943495
16.858137710872317,89.50420150636535,-3.0000000000000187,85.0,85.0,89.62703223909976,94.95041577542123,120.43978298424949,92.11524243829821,83.25596169109991,31.4427286417272,15.68572472084133,11.628594744035595,10.510202360692412,11.134454183078509,14.123489976388104,18.677611969948536,16.881272908692267,17.883933468003725,22.6848618639613,39.15842782184814,1574,UP,0.9986295347545613,-0.052335956242943495
17.457315431725053,89.47279993261958,-3.0000000000000187,85.0,85.0,89.59558757152993,94.91710345674811,120.39752799885605,91.45139633838717,82.65596169109992,31.536799727677437,15.732653636433215,11.663385443917644,10.541647028262226,11.167766501751641,14.165744961781554,19.34145806985956,17.481272908692258,18.519570373990653,23.491135015991706,40.550210113396254,1575,UP,0.9986295347545613,-0.052335956242943495
18.05649315257779,89.44139835887381,-3.0000000000000187,85.0,85.0,89.5641429039601,94.88379113807498,120.35527301346258,90.78755023847616,82.05596169109992,31.630870813627713,15.779582552025113,11.69817614379969,10.573091695832066,11.201078820424748,14.207999947175015,20.00530416977058,18.08127290869225,19.15520727997758,24.29740816802208,41.94199240494435,1576,UP,0.9986295347545613,-0.052335956242943495
18.655670873430527,89.40999678512804,-3.0000000000000187,85.0,85.0,89.53269823639027,94.85047881940187,120.31301802806912,90.12370413856513,81.45596169109993,31.72494189957795,15.82651146761701,11.732966843681737,10.604536363401879,11.234391139097879,14.250254932568465,20.6691502696816,18.681272908692247,19.790844185964502,25.103681320052488,43.33377469649246,1577,UP,0.9986295347545613,-0.052335956242943495
19.254848594283263,89.37859521138228,-3.0000000000000187,85.0,85.0,89.50125356882046,94.81716650072873,120.27076304267567,89.4598580386541,80.85596169109994,31.81901298552823,15.873440383208907,11.767757543563786,10.635981030971719,11.26770345777099,14.292509917961924,21.33299636959262,19.281272908692237,20.42648109195143,25.909954472082884,44.72555698804055,1578,UP,0.9986295347545613,-0.052335956242943495
19.854026315136,89.34719363763651,-3.0000000000000187,85.0,85.0,89.46980890125063,94.78385418205562,119.77627823809539,88.79601193874308,80.25596169109994,31.913084071478533,15.920369298800791,11.802548243445834,10.667425698541532,11.301015776444121,14.334764903355373,21.99684246950365,19.881272908692228,21.062117997938365,26.71622762411328,46.11733927958865,1579,UP,0.9986295347545613,-0.052335956242943495
20.453204035988737,89.31579206389074,-3.0000000000000187,85.0,85.0,89.4383642336808,94.7505418633825,118.88082118507965,88.13216583883207,79.65596169109995,32.00715515742878,15.967298214392688,11.837338943327879,10.698870366111372,11.334328095117229,14.377019888748833,22.66068856941467,20.481272908692223,21.697754903925293,27.522500776143676,47.50912157113675,1580,UP,0.9986295347545613,-0.052335956242943495
21.052381756841474,89.28439049014497,-3.0000000000000187,85.0,85.0,89.40691956611097,94.71722954470938,117.98536413206392,87.46831973892104,79.05596169109997,32.10122624337902,16.01422712998457,11.872129643209927,10.730315033681185,11.367640413790365,14.41927487414229,23.3245346693257,21.081272908692217,22.333391809912214,28.328773928174062,48.900903862684864,1581,UP,0.9986295347545613,-0.052335956242943495
21.65155947769421,89.2529889163992,-3.0000000000000187,85.0,85.0,89.37547489854114,94.68391722603626,117.08990707904819,86.80447363901001,78.45596169109997,32.19529732932929,16.061156045576475,11.906920343091974,10.761759701251025,11.400952732463471,14.461529859535732,23.98838076923672,21.681272908692208,22.969028715899142,29.13504708020446,50.29268615423296,1582,UP,0.9986295347545613,-0.052335956242943495
22.250737198546947,89.22158734265344,-3.0000000000000187,85.0,85.0,89.34403023097131,94.65060490736315,116.19445002603244,86.140627539099,77.85596169109998,32.289368415279526,16.10808496116838,11.94171104297402,10.793204368820836,11.434265051136604,14.503784844929191,24.652226869147746,22.2812729086922,23.604665621886067,29.941320232234855,51.684468445781064,1583,UP,0.9986295347545613,-0.052335956242943495
22.849914919399684,89.19018576890767,-3.0000000000000187,85.0,85.0,89.3125855634015,94.61729258869002,115.2989929730167,85.47678143918797,77.25596169109998,32.3834395012298,16.155013876760265,11.976501742856067,10.824649036390678,11.467577369809714,14.54603983032264,25.109258068453137,22.881272908692193,24.240302527873006,30.74759338426525,53.07625073732917,1584,UP,0.9986295347545613,-0.052335956242943495
23.44909264025242,89.1587841951619,-3.0000000000000187,85.0,85.0,89.28114089583167,94.5839802700169,114.40353592000096,84.81293533927695,76.65596169109999,32.477510587180106,16.201942792352163,12.011292442738114,10.85609370396049,11.500889688482845,14.5882948157161,25.182198287598652,23.481272908692183,24.875939433859934,31.553866536295637,54.46803302887727,1585,UP,0.9986295347545613,-0.052335956242943495
24.048270361105157,89.12738262141613,-3.0000000000000187,85.0,85.0,89.24969622826184,94.55066795134378,113.50807886698523,84.14908923936592,76.0559616911,32.571581673130346,16.248871707944055,12.046083142620162,10.887538371530331,11.53420200715595,14.63054980110956,25.255138506744117,24.081272908692174,25.511576339846858,32.36013968832603,55.85981532042537,1586,UP,0.9986295347545613,-0.052335956242943495
24.647448081957894,89.09598104767036,-3.0000000000000187,85.0,85.0,89.21825156069201,94.51735563267066,112.6126218139695,83.48524313945491,75.4559616911,32.66565275908062,16.295800623535953,12.080873842502205,10.918983039100143,11.567514325829086,14.672804786502997,25.32807872588966,24.68127290869217,26.147213245833782,33.16641284035643,57.25159761197348,1587,UP,0.9986295347545613,-0.052335956242943495
25.24662580281063,89.0645794739246,-3.0000000000000187,85.0,85.0,89.18680689312218,94.48404331399753,111.71716476095375,82.82139703954388,74.85596169110002,32.75972384503086,16.342729539127845,12.115664542384257,10.950427706669984,11.600826644502195,14.715059771896456,25.40101894503515,25.28127290869216,26.782850151820714,33.97268599238684,58.64337990352158,1588,UP,0.9986295347545613,-0.052335956242943495
25.845803523663367,89.03317790017883,-3.0000000000000187,85.0,85.0,89.15536222555237,94.45073099532442,110.82170770793802,82.15755093963286,74.25596169110003,32.85379493098114,16.389658454719736,12.150455242266302,10.981872374239796,11.634138963175328,14.757314757289917,25.47395916418062,25.881272908692154,27.418487057807646,34.77895914441722,60.03516219506968,1589,UP,0.9986295347545613,-0.052335956242943495
26.444981244516104,89.00177632643306,-3.0000000000000187,85.0,85.0,89.12391755798254,94.4174186766513,109.92625065492226,81.49370483972183,73.65596169110003,32.94786601693144,16.43658737031162,12.18524594214835,11.013317041809636,11.667451281848432,14.799569742683367,25.54689938332616,26.481272908692148,28.05412396379457,35.585232296447614,61.42694448661778,1590,UP,0.9986295347545613,-0.052335956242943495
27.04415896536884,88.97037475268729,-3.0000000000000187,85.0,85.0,89.09247289041271,94.38410635797818,109.03079360190654,80.8298587398108,73.05596169110004,33.041937102881676,16.483516285903526,12.220036642030399,11.044761709379449,11.700763600521567,14.841824728076826,25.619839602471625,27.08127290869214,28.689760869781498,36.39150544847801,62.81872677816589,1591,UP,0.9986295347545613,-0.052335956242943495
27.643336686221577,88.93897317894152,-3.0000000000000187,85.0,85.0,89.06102822284288,94.35079403930506,108.13533654889079,80.16601263989979,72.45596169110004,33.13600818883192,16.53044520149541,12.254827341912444,11.076206376949289,11.734075919194671,14.884079713470264,25.69277982161714,27.68127290869213,29.32539777576842,37.1977786005084,64.21050906971399,1592,UP,0.9986295347545613,-0.052335956242943495
28.242514407074314,88.90757160519576,-3.0000000000000187,85.0,85.0,89.02958355527306,94.31748172063193,107.23987949587506,79.50216653998876,71.85596169110005,33.23007927478219,16.577374117087313,12.289618041794489,11.107651044519102,11.76738823786781,14.926334698863734,25.76572004076268,28.281272908692124,29.961034681755354,38.00405175253879,65.60229136126208,1593,UP,0.9986295347545613,-0.052335956242943495
28.84169212792705,88.87617003144999,-3.0000000000000187,85.0,85.0,88.99813888770323,94.28416940195882,106.34442244285933,78.83832044007775,71.25596169110005,33.32415036073243,16.624303032679215,12.324408741676537,11.139095712088942,11.800700556540914,14.968589684257184,25.83866025990815,28.881272908692114,30.596671587742275,38.81032490456919,66.99407365281019,1594,UP,0.9986295347545613,-0.052335956242943495
29.440869848779787,88.84476845770422,-3.0000000000000187,85.0,85.0,88.9666942201334,94.2508570832857,105.44896538984358,78.17447434016671,70.65596169110007,33.418221446682736,16.671231948271103,12.359199441558586,11.170540379658755,11.834012875214052,15.010844669650634,25.911600479053664,29.48127290869211,31.23230849372921,39.61659805659958,68.38585594435828,1595,UP,0.9986295347545613,-0.052335956242943495
30.040047569632524,88.81336688395845,-3.0000000000000187,85.0,85.0,88.93524955256358,94.21754476461258,104.55350833682785,77.5106282402557,70.05596169110007,33.51229253263302,16.718160863863005,12.393990141440632,11.201985047228595,11.867325193887156,15.053099655044095,25.984540698199154,30.0812729086921,31.867945399716138,40.42287120862998,69.7776382359064,1596,UP,0.9986295347545613,-0.052335956242943495
30.63922529048526,88.78196531021268,-3.0000000000000187,85.0,85.0,88.90380488499375,94.18423244593946,103.6580512838121,76.84678214034467,69.45596169110009,33.60636361858326,16.76508977945489,12.428780841322677,11.233429714798406,11.90063751256029,15.095354640437542,26.057480917344673,30.681272908692094,32.50358230570306,41.22914436066037,71.1694205274545,1597,UP,0.9986295347545613,-0.052335956242943495
31.238403011337997,88.75056373646692,-3.0000000000000187,85.0,85.0,88.87236021742393,94.15092012726633,102.76259423079637,76.18293604043365,68.85596169110009,33.700434704533535,16.81201869504678,12.463571541204725,11.264874382368248,11.9339498312334,15.137609625831,26.13042113649016,31.281272908692085,33.13921921168999,42.03541751269077,72.5612028190026,1598,UP,0.9986295347545613,-0.052335956242943495
31.837580732190734,88.71916216272115,-3.0000000000000187,85.0,85.0,88.8409155498541,94.11760780859322,101.86713717778063,75.51908994052262,68.2559616911001,33.79450579048377,16.85894761063868,12.498362241086774,11.29631904993806,11.967262149906528,15.179864611224462,26.20336135563568,31.88127290869208,33.77485611767692,42.84169066472117,73.9529851105507,1599,UP,0.9986295347545613,-0.052335956242943495
32.436758453043474,88.68776058897538,-3.0000000000000187,85.0,85.0,88.80947088228427,94.0842954899201,100.97168012476489,74.8552438406116,67.65596169110009,33.88857687643407,16.90587652623058,12.533152940968819,11.327763717507901,12.000574468579638,15.222119596617913,26.276301574781193,32.48127290869207,34.41049302366386,43.64796381675156,75.34476740209882,1600,UP,0.9986295347545613,-0.052335956242943495
33.03593617389621,88.65635901522961,-3.0000000000000187,85.0,85.0,88.77802621471444,94.05098317124697,100.07622307174915,74.19139774070058,67.05596169110011,33.98264796238435,16.952805441822463,12.567943640850867,11.359208385077713,12.033886787252767,15.264374582011362,26.349241793926662,33.08127290869206,35.04612992965078,44.454236968781956,76.73654969364692,1601,UP,0.9986295347545613,-0.052335956242943495
33.63511389474895,88.62495744148384,-3.0000000000000187,85.0,85.0,88.74658154714461,94.01767085257386,99.18076601873342,73.52755164078955,66.4559616911001,34.07671904833458,16.99973435741437,12.602734340732912,11.390653052647554,12.067199105925878,15.306629567404821,26.422182013072206,33.68127290869205,35.68176683563772,45.26051012081235,78.12833198519503,1602,UP,0.9986295347545613,-0.052335956242943495
34.234291615601684,88.59355586773808,-3.0000000000000187,85.0,85.0,88.71513687957479,93.98435853390073,98.28530896571768,72.86370554087853,65.85596169110012,34.170790134284815,17.04666327300627,12.63752504061496,11.422097720217366,12.10051142459901,15.348884552798262,26.495122232217696,34.281272908692046,36.31740374162464,46.066783272842734,79.52011427674313,1603,UP,0.9986295347545613,-0.052335956242943495
34.83346933645442,88.56215429399231,-3.0000000000000187,85.0,85.0,88.68369221200497,93.95104621522762,97.38985191270194,72.1998594409675,65.25596169110013,34.264861220235105,17.09359218859816,12.672315740497005,11.453542387787206,12.133823743272115,15.391139538191721,26.568062451363165,34.88127290869203,36.953040647611566,46.873056424873134,80.91189656829121,1604,UP,0.9986295347545613,-0.052335956242943495
35.43264705730716,88.53075272024654,-3.0000000000000187,85.0,85.0,88.65224754443514,93.9177338965545,96.49439485968618,71.53601334105649,64.65596169110013,34.358932306185395,17.140521104190057,12.70710644037905,11.484987055357019,12.167136061945252,15.433394523585168,26.641002670508705,35.481272908692034,37.5886775535985,47.67932957690352,82.30367885983932,1605,UP,0.9986295347545613,-0.052335956242943495
36.031824778159894,88.49935114650077,-3.0000000000000187,85.0,85.0,88.62080287686531,93.88442157788137,95.59893780667046,70.87216724114546,64.05596169110014,34.45300339213564,17.187450019781934,12.741897140261099,11.516431722926859,12.200448380618361,15.475649508978629,26.713942889654174,36.08127290869202,38.22431445958542,48.48560272893393,83.69546115138742,1606,UP,0.9986295347545613,-0.052335956242943495
36.63100249901263,88.467949572755,-3.0000000000000187,85.0,85.0,88.58935820929548,93.85110925920826,94.70348075365472,70.20832114123444,63.45596169110015,34.54707447808591,17.234378935373847,12.776687840143149,11.547876390496672,12.233760699291494,15.517904494372088,26.78688310879969,36.681272908692016,38.85995136557236,49.29187588096433,85.08724344293553,1607,UP,0.9986295347545613,-0.052335956242943495
37.23018021986537,88.43654799900924,-3.0000000000000187,85.0,85.0,88.55791354172565,93.81779694053513,93.80802370063898,69.54447504132341,62.855961691100156,34.64114556403615,17.28130785096573,12.811478540025194,11.579321058066512,12.267073017964602,15.560159479765526,26.859823327945183,37.28127290869201,39.49558827155928,50.09814903299471,86.47902573448363,1608,UP,0.9986295347545613,-0.052335956242943495
37.829357940718104,88.40514642526347,-3.0000000000000187,85.0,85.0,88.52646887415584,93.78448462186202,92.91256664762325,68.8806289414124,62.25596169110016,34.73521664998643,17.32823676655763,12.846269239907242,11.610765725636325,12.300385336637733,15.602414465158997,26.932763547090694,37.881272908692,40.131225177546206,50.904422185025105,87.87080802603172,1609,UP,0.9986295347545613,-0.052335956242943495
38.42853566157084,88.3737448515177,-3.0000000000000187,85.0,85.0,88.49502420658601,93.75117230318888,92.0171095946075,68.21678284150137,61.655961691100174,34.82928773593674,17.37516568214952,12.88105993978929,11.642210393206165,12.333697655310838,15.644669450552456,27.005703766236213,38.48127290869199,40.766862083533134,51.7106953370555,89.26259031757982,1610,UP,0.9986295347545613,-0.052335956242943495
39.02771338242358,88.34234327777193,-3.0000000000000187,85.0,85.0,88.46357953901618,93.71785998451577,91.12165254159177,67.55293674159034,61.05596169110017,34.92335882188698,17.422094597741413,12.915850639671335,11.673655060775976,12.367009973983972,15.686924435945896,27.078643985381703,39.081272908691986,41.40249898952006,52.51696848908589,90.65437260912793,1611,UP,0.9986295347545613,-0.052335956242943495
39.626891103276314,88.31094170402616,-3.0000000000000187,85.0,85.0,88.43213487144635,93.68454766584266,90.22619548857604,66.88909064167933,60.455961691100185,35.01742990783721,17.469023513333315,12.95064133955338,11.705099728345818,12.400322292657082,15.729179421339355,27.151584204527218,39.68127290869198,42.03813589550699,53.32324164111628,92.04615490067603,1612,UP,0.9986295347545613,-0.052335956242943495
40.22606882412905,88.2795401302804,-3.0000000000000187,85.0,85.0,88.40069020387654,93.65123534716953,89.33073843556029,66.22524454176829,59.85596169110019,35.111500993787494,17.515952428925214,12.985432039435429,11.73654439591563,12.433634611330213,15.771434406732805,27.224524423672708,40.28127290869197,42.67377280149392,54.12951479314668,93.43793719222415,1613,UP,0.9986295347545613,-0.052335956242943495
40.82524654498179,88.24813855653463,-3.0000000000000187,85.0,85.0,88.3692455363067,93.6179230284964,88.43528138254455,65.56139844185728,59.255961691100204,35.20557207973773,17.562881344517102,13.020222739317477,11.767989063485471,12.466946930003324,15.813689392126266,27.297464642818227,40.88127290869196,43.309409707480846,54.93578794517707,94.82971948377224,1614,UP,0.9986295347545613,-0.052335956242943495
41.424424265834524,88.21673698278886,-3.0000000000000187,85.0,85.0,88.33780086873688,93.5846107098233,87.53982432952883,64.89755234194625,58.65596169110021,35.29964316568804,17.609810260108997,13.055013439199522,11.799433731055283,12.500259248676455,15.855944377519704,27.370404861963717,41.481272908691956,43.94504661346778,55.74206109720747,96.22150177532033,1615,UP,0.9986295347545613,-0.052335956242943495
42.02360198668726,88.18533540904309,-3.0000000000000187,85.0,85.0,88.30635620116705,93.55129839115017,86.64436727651308,64.23370624203523,58.055961691100215,35.39371425163831,17.656739175700885,13.08980413908157,11.830878398625124,12.533571567349563,15.89819936291315,27.443345081109236,42.08127290869194,44.58068351945471,56.548334249237854,97.61328406686845,1616,UP,0.9986295347545613,-0.052335956242943495
42.62277970754,88.15393383529732,-3.0000000000000187,85.0,85.0,88.27491153359722,93.51798607247706,85.74891022349733,63.5698601421242,57.45596169110022,35.487785337588555,17.703668091292784,13.124594838963617,11.862323066194936,12.566883886022694,15.940454348306611,27.516285300254722,42.68127290869194,45.21632042544164,57.354607401268254,97.6682595692831,1617,UP,0.9986295347545613,-0.052335956242943495
43.221957428392734,88.12253226155156,-3.0000000000000187,85.0,85.0,88.24346686602739,93.48467375380392,84.85345317048159,62.90601404221318,56.855961691100234,35.58185642353882,17.750597006884675,13.159385538845665,11.893767733764777,12.600196204695804,15.982709333700074,27.589225519400237,43.28127290869193,45.851957331428565,58.16088055329866,97.63346886940104,1618,UP,0.9986295347545613,-0.052335956242943495
43.82113514924547,88.09113068780579,-3.0000000000000187,85.0,85.0,88.21202219845757,93.4513614351308,83.95799611746587,62.24216794230216,56.25596169110024,35.675927509489064,17.79752592247657,13.194176238727714,11.925212401334589,12.633508523368937,16.024964319093506,27.662165738545706,43.881272908691926,46.487594237415486,58.96715370532905,97.59867816951899,1619,UP,0.9986295347545613,-0.052335956242943495
44.42031287009821,88.05972911406002,-3.0000000000000187,85.0,85.0,88.18057753088775,93.4180491164577,83.06253906445012,61.578321842391134,55.655961691100245,35.769998595439375,17.844454838068458,13.228966938609759,11.956657068904429,12.666820842042043,16.06721930448697,27.735105957691246,44.48127290869192,47.12323114340242,59.77342685735944,97.56388746963695,1620,UP,0.9986295347545613,-0.052335956242943495
45.019490590950944,88.02832754031425,-3.0000000000000187,85.0,85.0,88.14913286331792,93.38473679778457,82.16708201143439,60.91447574248012,55.05596169110025,35.8640696813896,17.891383753660367,13.263757638491807,11.988101736474242,12.700133160715179,16.109474289880428,27.80804617683676,45.08127290869191,47.75886804938935,60.57970000938983,97.5290967697549,1621,UP,0.9986295347545613,-0.052335956242943495
45.61866831180368,87.99692596656848,-3.0000000000000187,85.0,85.0,88.11768819574809,93.35142447911144,81.27162495841866,60.25062964256909,54.45596169110026,35.958140767339884,17.93831266925226,13.298548338373848,12.019546404044084,12.733445479388285,16.15172927527388,27.880986395982227,45.6812729086919,48.39450495537628,61.38597316142023,97.49430606987285,1622,UP,0.9986295347545613,-0.052335956242943495
46.21784603265642,87.96552439282272,-3.0000000000000187,85.0,85.0,88.08624352817826,93.31811216043833,80.37616790540292,59.58678354265807,53.85596169110027,36.05221185329012,17.98524158484415,13.3333390382559,12.050991071613893,12.766757798061418,16.193984260667335,27.95392661512777,46.28127290869189,49.0301418613632,62.19224631345062,97.4595153699908,1623,UP,0.9986295347545613,-0.052335956242943495
46.817023753509154,87.93412281907695,-3.0000000000000187,85.0,85.0,88.05479886060844,93.2847998417652,79.48071085238718,58.92293744274704,53.255961691100275,36.1462829392404,18.03217050043605,13.368129738137945,12.082435739183735,12.800070116734522,16.23623924606079,28.026866834273235,46.88127290869189,49.665778767350126,62.99851946548102,97.42472467010876,1624,UP,0.9986295347545613,-0.052335956242943495
47.41620147436189,87.90272124533118,-3.0000000000000187,85.0,85.0,88.02335419303861,93.25148752309208,78.58525379937144,58.25909134283602,52.65596169110028,36.24035402519063,18.07909941602794,13.402920438019994,12.113880406753546,12.833382435407659,16.278494231454246,28.099807053418775,47.48127290869188,50.30141567333706,63.80479261751141,97.38993397022672,1625,UP,0.9986295347545613,-0.052335956242943495
48.01537919521463,87.87131967158541,-3.0000000000000187,85.0,85.0,87.99190952546878,93.21817520441897,77.68979674635568,57.595245242925,52.05596169110029,36.334425111140945,18.126028331619832,13.437711137902038,12.14532507432339,12.86669475408077,16.320749216847688,28.172747272564244,48.08127290869187,50.93705257932399,64.6110657695418,97.35514327034467,1626,UP,0.9986295347545613,-0.052335956242943495
48.614556916067365,87.83991809783964,-3.0000000000000187,85.0,85.0,87.96046485789896,93.18486288574584,76.79433969333996,56.931399143013984,51.4559616911003,36.428496197091214,18.17295724721173,13.472501837784087,12.176769741893201,12.900007072753903,16.36300420224115,28.24568749170976,48.68127290869187,51.57268948531092,65.4173389215722,97.32035257046262,1627,UP,0.9986295347545613,-0.052335956242943495
49.2137346369201,87.80851652409387,-3.0000000000000187,85.0,85.0,87.92902019032913,93.15155056707272,75.89888264032422,56.26755304310295,50.855961691100305,36.522567283041454,18.21988616280362,13.507292537666132,12.208214409463041,12.933319391427009,16.405259187634606,28.31862771085525,49.281272908691854,52.20832639129784,66.2236120736026,97.28556187058058,1628,UP,0.9986295347545613,-0.052335956242943495
49.81291235777284,87.7771149503481,-3.0000000000000187,85.0,85.0,87.89757552275931,93.1182382483996,75.00342558730848,55.60370694319193,50.25596169110031,36.61663836899173,18.266815078395517,13.54208323754818,12.239659077032853,12.966631710100138,16.447514173028054,28.391567930000765,49.88127290869185,52.843963297284766,67.02988522563298,97.25077117069853,1629,UP,0.9986295347545613,-0.052335956242943495
50.412090078625575,87.74571337660234,-3.0000000000000187,85.0,85.0,87.86613085518948,93.08492592972648,74.10796853429272,54.939860843280904,49.65596169110032,36.71070945494198,18.31374399398741,13.576873937430227,12.271103744602694,12.99994402877325,16.48976915842151,28.46450814914626,50.48127290869184,53.479600203271694,67.8361583776634,97.21598047081648,1630,UP,0.9986295347545613,-0.052335956242943495
51.01126779947831,87.71431180285657,-3.0000000000000187,85.0,85.0,87.83468618761965,93.05161361105337,73.21251148127699,54.27601474336988,49.05596169110033,36.80478054089228,18.360672909579307,13.611664637312272,12.302548412172506,13.033256347446383,16.532024143814972,28.537448368291777,51.08127290869183,54.11523710925862,68.64243152969377,97.18118977093444,1631,UP,0.9986295347545613,-0.052335956242943495
51.61044552033105,87.6829102291108,-3.0000000000000187,85.0,85.0,87.80324152004982,93.01830129238024,72.31705442826127,53.61216864345885,48.455961691100335,36.898851626842514,18.407601825171213,13.646455337194316,12.333993079742347,13.066568666119489,16.574279129208414,28.610388587437267,51.681272908691824,54.75087401524556,69.44870468172417,97.14639907105239,1632,UP,0.9986295347545613,-0.052335956242943495
52.209623241183785,87.65150865536503,-3.0000000000000187,85.0,85.0,87.77179685248,92.98498897370712,71.42159737524553,52.948322543547846,47.85596169110035,36.9929227127928,18.454530740763094,13.681246037076372,12.36543774731216,13.09988098479262,16.616534114601873,28.683328806582782,52.28127290869182,55.386510921232485,70.25497783375457,97.11160837117033,1633,UP,0.9986295347545613,-0.052335956242943495
52.80880096203652,87.62010708161927,-3.0000000000000187,85.0,85.0,87.74035218491017,92.951676655034,70.5261403222298,52.28447644363681,47.25596169110035,37.08699379874302,18.501459656354985,13.716036736958413,12.396882414881999,13.133193303465728,16.658789099995325,28.756269025728297,52.88127290869181,56.02214782721941,71.06125098578495,97.07681767128828,1634,UP,0.9986295347545613,-0.052335956242943495
53.40797868288926,87.5887055078735,-3.0000000000000187,85.0,85.0,87.70890751734035,92.91836433636088,69.63068326921406,51.62063034372579,46.65596169110036,37.18106488469331,18.548388571946887,13.750827436840456,12.428327082451812,13.166505622138866,16.70104408538878,28.82920924487379,53.4812729086918,56.657784733206334,71.86752413781535,97.04202697140624,1635,UP,0.9986295347545613,-0.052335956242943495
54.007156403741995,87.55730393412773,-3.0000000000000187,85.0,85.0,87.67746284977052,92.88505201768776,68.73522621619831,50.95678424381476,46.055961691100364,37.27513597064361,18.595317487538782,13.78561813672251,12.459771750021654,13.19981794081197,16.743299070782232,28.902149464019306,54.081272908691794,57.29342163919326,72.67379728984575,97.0072362715242,1636,UP,0.9986295347545613,-0.052335956242943495
54.60633412459473,87.52590236038196,-3.0000000000000187,85.0,85.0,87.64601818220069,92.85173969901464,67.8397691631826,50.292938143903754,45.45596169110037,37.36920705659385,18.642246403130674,13.820408836604559,12.491216417591463,13.233130259485105,16.78555405617569,28.975089683164793,54.68127290869179,57.9290585451802,73.48007044187615,96.97244557164215,1637,UP,0.9986295347545613,-0.052335956242943495
55.20551184544747,87.4945007866362,-3.0000000000000187,85.0,85.0,87.61457351463086,92.81842738034152,66.94431211016685,49.62909204399272,44.85596169110038,37.46327814254413,18.689175318722565,13.855199536486602,12.522661085161307,13.266442578158212,16.827809041569154,29.04802990231031,55.28127290869178,58.564695451167125,74.28634359390654,96.9376548717601,1638,UP,0.9986295347545613,-0.052335956242943495
55.804689566300205,87.46309921289043,-3.0000000000000187,85.0,85.0,87.58312884706105,92.7851150616684,66.0488550571511,48.9652459440817,44.25596169110039,37.55734922849437,18.736104234314467,13.88999023636865,12.554105752731118,13.299754896831345,16.870064026962588,29.12097012145578,55.88127290869177,59.20033235715405,75.09261674593694,96.90286417187805,1639,UP,0.9986295347545613,-0.052335956242943495
56.40386728715294,87.43169763914466,-3.0000000000000187,85.0,85.0,87.55168417949122,92.75180274299528,65.15339800413535,48.30139984417067,43.6559616911004,37.651420314444636,18.783033149906373,13.924780936250697,12.58555042030096,13.333067215504455,16.912319012356047,29.19391034060132,56.481272908691764,59.83596926314098,75.89888989796732,96.86807347199601,1640,UP,0.9986295347545613,-0.052335956242943495
57.00304500800568,87.40029606539889,-3.0000000000000187,85.0,85.0,87.52023951192139,92.71849042432216,64.25794095111962,47.63755374425964,43.05596169110041,37.74549140039495,18.82996206549826,13.959571636132747,12.616995087870771,13.366379534177584,16.954573997749506,29.26685055974679,57.08127290869176,60.4716061691279,76.70516304999772,96.83328277211396,1641,UP,0.9986295347545613,-0.052335956242943495
57.602222728858415,87.36889449165312,-3.0000000000000187,85.0,85.0,87.48879484435156,92.68517810564904,63.362483898103896,46.97370764434862,42.45596169110041,37.83956248634519,18.876890981090146,13.994362336014794,12.648439755440611,13.399691852850696,16.996828983142958,29.339790778892276,57.681272908691746,61.10724307511484,77.51143620202811,96.79849207223191,1642,UP,0.9986295347545613,-0.052335956242943495
58.20140044971115,87.33749291790735,-3.0000000000000187,85.0,85.0,87.45735017678173,92.65186578697592,62.467026845088135,46.30986154443762,41.855961691100426,37.93363357229542,18.923819896682048,14.029153035896837,12.679884423010423,13.433004171523828,17.039083968536396,29.41273099803779,58.28127290869174,61.742879981101765,78.31770935405851,96.76370137234986,1643,UP,0.9986295347545613,-0.052335956242943495
58.80057817056389,87.30609134416159,-3.0000000000000187,85.0,85.0,87.4259055092119,92.61855346830279,61.5715697920724,45.64601544452659,41.25596169110043,38.0277046582457,18.97074881227394,14.063943735778885,12.711329090580264,13.466316490196933,17.081338953929876,29.485671217183306,58.881272908691734,62.37851688708869,79.12398250608891,96.72891067246782,1644,UP,0.9986295347545613,-0.052335956242943495
59.399755891416625,87.27468977041582,-3.0000000000000187,85.0,85.0,87.39446084164209,92.58524114962968,60.676112739056684,44.98216934461556,40.65596169110044,38.121775744195936,19.01767772786583,14.098734435660933,12.742773758150076,13.499628808870069,17.123593939323317,29.558611436328796,59.48127290869173,63.01415379307562,79.9302556581193,96.69411997258578,1645,UP,0.9986295347545613,-0.052335956242943495
59.99893361226936,87.24328819667005,-3.0000000000000187,85.0,85.0,87.36301617407226,92.55192883095656,59.78065568604092,44.31832324470453,40.05596169110044,38.21584683014625,19.064606643457726,14.133525135542982,12.774218425719917,13.532941127543173,17.165848924716762,29.63155165547432,60.08127290869172,63.64979069906254,80.7365288101497,96.65932927270373,1646,UP,0.9986295347545613,-0.052335956242943495
60.5981113331221,87.21188662292428,-3.0000000000000187,85.0,85.0,87.33157150650243,92.51861651228343,58.8851986330252,43.65447714479351,39.45596169110045,38.309917916096516,19.111535559049628,14.168315835425023,12.805663093289729,13.566253446216308,17.20810391011022,29.704491874619805,60.68127290869171,64.28542760504948,81.54280196218008,96.62453857282168,1647,UP,0.9986295347545613,-0.052335956242943495
61.197289053974835,87.18048504917851,-3.0000000000000187,85.0,85.0,87.3001268389326,92.48530419361032,57.989741580009465,42.990631044882505,38.85596169110046,38.403989002046764,19.15846447464151,14.203106535307073,12.83710776085957,13.599565764889416,17.25035889550368,29.77743209376532,61.281272908691705,64.9210645110364,82.34907511421048,96.58974787293964,1648,UP,0.9986295347545613,-0.052335956242943495
61.79646677482757,87.14908347543275,-3.0000000000000187,85.0,85.0,87.26868217136277,92.4519918749372,57.094284526993725,42.32678494497148,38.25596169110047,38.49806008799703,19.2053933902334,14.237897235189122,12.868552428429382,13.63287808356255,17.292613880897132,29.85037231291084,61.8812729086917,65.55670141702333,83.15534826624088,96.55495717305759,1649,UP,0.9986295347545613,-0.052335956242943495
62.39564449568031,87.11768190168698,-3.0000000000000187,85.0,85.0,87.23723750379295,92.41867955626408,56.19882747397797,41.66293884506043,37.65596169110047,38.59213117394728,19.252322305825313,14.27268793507117,12.899997095999224,13.666190402235655,17.33486886629059,29.923312532056304,62.48127290869169,66.19233832301026,83.96162141827128,96.52016647317555,1650,UP,0.9986295347545613,-0.052335956242943495
62.994822216533045,87.08628032794121,-3.0000000000000187,85.0,85.0,87.20579283622313,92.38536723759096,55.303370420962246,40.999092745149426,37.055961691100485,38.686202259897584,19.299251221417208,14.307478634953211,12.931441763569035,13.699502720908791,17.37712385168405,29.99625275120182,63.08127290869168,66.82797522899719,84.76789457030166,96.4853757732935,1651,UP,0.9986295347545613,-0.052335956242943495
63.59399993738578,87.05487875419544,-3.0000000000000187,85.0,85.0,87.1743481686533,92.35205491891783,54.4079133679465,40.33524664523839,36.45596169110049,38.621257823515634,19.3461801370091,14.34226933483526,12.962886431138877,13.732815039581897,17.419378837077502,30.069192970347338,63.681272908691675,67.46361213498412,85.57416772233205,96.45058507341145,1652,UP,0.9986295347545613,-0.052335956242943495
64.19317765823853,87.02347718044967,-3.0000000000000187,85.0,85.0,87.14290350108347,92.31874260024472,53.51245631493072,39.671400545327344,35.8559616911005,37.98562091752871,19.39310905260099,14.377060034717308,12.994331098708688,13.766127358255028,17.461633822470965,30.142133189492828,64.28127290869168,68.09924904097106,86.38044087436246,96.4157943735294,1653,UP,0.9986295347545613,-0.052335956242943495
64.79235537909126,86.9920756067039,-3.0000000000000187,85.0,85.0,87.11145883351365,92.28543028157159,52.616999261915,39.007554445416346,35.2559616911005,37.34998401154178,19.440037968192893,14.411850734599357,13.02577576627853,13.799439676928142,17.503888807864413,30.215073408638343,64.88127290869167,68.73488594695797,87.18671402639285,96.38100367364736,1654,UP,0.9986295347545613,-0.052335956242943495
65.391533099944,86.96067403295814,-3.0000000000000187,85.0,85.0,87.08001416594382,92.25211796289847,51.72154220889924,38.343708345505306,34.655961691100515,36.71434710555485,19.486966883784774,14.446641434481398,13.05722043384834,13.832751995601267,17.54614379325784,30.28801362778381,65.48127290869166,69.3705228529449,87.99298717842325,96.3462129737653,1655,UP,0.9986295347545613,-0.052335956242943495
65.99071082079674,86.92927245921237,-3.0000000000000187,85.0,85.0,87.048569498374,92.21880564422536,50.82608515588354,37.679862245594286,34.05596169110052,36.078710199567915,19.533895799376666,14.481432134363448,13.088665101418181,13.86606431427438,17.58839877865133,30.360953846929327,66.08127290869166,70.00615975893183,88.79926033045365,96.31142227388325,1656,UP,0.9986295347545613,-0.052335956242943495
66.58988854164947,86.8978708854666,-3.0000000000000187,85.0,85.0,87.01712483080416,92.18549332555223,49.93062810286777,37.01601614568325,33.455961691100526,35.443073293580994,19.58082471496857,14.516222834245495,13.120109768987993,13.899376632947513,17.63065376404476,30.433894066074846,66.68127290869165,70.64179666491876,89.60553348248405,96.27663157400121,1657,UP,0.9986295347545613,-0.052335956242943495
67.18906626250221,86.86646931172083,-3.0000000000000187,85.0,85.0,86.98568016323433,92.15218100687912,49.03517104985208,36.35217004577225,32.85596169110053,34.80743638759406,19.627753630560463,14.551013534127543,13.151554436557834,13.932688951620623,17.672908749438207,30.506834285220354,67.28127290869165,71.2774335709057,90.41180663451445,96.24184087411918,1658,UP,0.9986295347545613,-0.052335956242943495
67.78824398335495,86.83506773797507,-3.0000000000000187,85.0,85.0,86.95423549566452,92.11886868820599,48.139713996836285,35.68832394586122,32.255961691100545,34.17179948160715,19.674682546152365,14.585804234009592,13.182999104127646,13.966001270293752,17.715163734831677,30.579774504365876,67.88127290869164,71.91307047689261,91.21807978654483,96.20705017423712,1659,UP,0.9986295347545613,-0.052335956242943495
68.38742170420768,86.8036661642293,-3.0000000000000187,85.0,85.0,86.92279082809468,92.08555636953287,47.24425694382057,35.024477845950194,31.65596169110055,33.53616257562022,19.721611461744246,14.62059493389164,13.214443771697487,13.999313588966865,17.757418720225125,30.65271472351134,68.48127290869162,72.54870738287954,92.02435293857522,96.17225947435507,1660,UP,0.9986295347545613,-0.052335956242943495
68.98659942506042,86.77226459048353,-3.0000000000000187,85.0,85.0,86.89134616052486,92.05224405085976,46.34879989080483,34.36063174603916,31.055961691100556,32.90052566963328,19.768540377336148,14.655385633773681,13.245888439267299,14.032625907639993,17.799673705618574,30.725654942656856,69.08127290869162,73.18434428886647,92.83062609060562,96.13746877447302,1661,UP,0.9986295347545613,-0.052335956242943495
69.58577714591316,86.74086301673776,-3.0000000000000187,85.0,85.0,86.85990149295503,91.11323513213752,45.4533428377891,33.69678564612815,30.455961691100566,32.264888763646354,19.81546929292803,14.690176333655732,13.27733310683714,14.0659382263131,17.841928691012026,30.79859516180237,69.68127290869161,73.8199811948534,93.63689924263602,96.10267807459098,1662,UP,0.9986295347545613,-0.052335956242943495
70.18495486676589,86.709461442992,-3.0000000000000187,85.0,85.0,86.8284568253852,89.31825188275762,44.55788578477333,33.032939546217115,29.855961691100575,31.62925185765943,19.862398208519924,14.724967033537773,13.308777774406952,14.099250544986234,17.88418367640547,30.87153538094789,70.2812729086916,74.45561810084034,94.4431723946664,96.06788737470893,1663,UP,0.9986295347545613,-0.052335956242943495
70.78413258761863,86.67805986924623,-3.0000000000000187,85.0,85.0,86.79701215781539,87.5232686333777,43.66242873175764,32.369093446306096,29.25596169110058,30.993614951672498,19.909327124111826,14.759757733419821,13.340222441976794,14.132562863659343,17.926438661798947,30.94447560009336,70.8812729086916,75.09125500682725,95.2494455466968,96.03309667482688,1664,UP,0.9986295347545613,-0.052335956242943495
71.38331030847137,86.64665829550046,-3.0000000000000187,85.0,85.0,86.76556749024556,85.72828538399781,42.766971678741875,31.705247346395073,28.655961691100586,30.357978045685574,19.956256039703717,14.79454843330187,13.371667109546605,14.165875182332474,17.96869364719239,31.01741581923887,71.4812729086916,75.72689191281418,96.0557186987272,95.99830597494484,1665,UP,0.9986295347545613,-0.052335956242943495
71.9824880293241,86.61525672175469,-3.0000000000000187,85.0,85.0,86.73412282267573,83.93330213461789,41.87151462572615,31.041401246484057,28.055961691100595,29.722341139698646,20.00318495529561,14.829339133183918,13.403111777116445,14.199187501005579,18.01094863258584,31.09035603838439,72.08127290869157,76.36252881880111,96.8619918507576,95.96351527506279,1666,UP,0.9986295347545613,-0.052335956242943495
72.58166575017684,86.58385514800892,-3.0000000000000187,85.0,85.0,86.7026781551059,82.13831888523796,40.97605757271042,30.377555146573034,27.4559616911006,29.086704233711718,20.050113870887504,14.864129833065967,13.434556444686258,14.232499819678715,18.05320361797931,31.1632962575299,72.68127290869157,76.99816572478804,97.66826500278799,95.92872457518075,1667,UP,0.9986295347545613,-0.052335956242943495
73.18084347102958,86.55245357426315,-3.0000000000000187,85.0,85.0,86.67123348753607,80.34333563585808,40.080600519694684,29.713709046662014,26.855961691100607,28.451067327724783,20.097042786479417,14.898920532948015,13.466001112256098,14.265812138351825,18.09545860337274,31.236236476675366,73.28127290869156,77.63380263077498,98.47453815481838,95.8939338752987,1668,UP,0.9986295347545613,-0.052335956242943495
73.78002119188231,86.52105200051739,-3.0000000000000187,85.0,85.0,86.63978881996624,78.54835238647816,39.1851434666789,29.049862946750974,26.25596169110062,27.815430421737865,20.143971702071298,14.933711232830063,13.497445779825911,14.299124457024961,18.13771358876621,31.309176695820884,73.88127290869156,78.2694395367619,99.28081130684878,95.85914317541665,1669,UP,0.9986295347545613,-0.052335956242943495
74.37919891273505,86.48965042677162,-3.0000000000000187,85.0,85.0,86.60834415239643,76.75336913709823,38.2896864136632,28.38601684683996,25.655961691100625,27.179793515750934,20.1909006176632,14.968501932712106,13.528890447395751,14.332436775698065,18.17996857415966,31.382116914966353,74.48127290869155,78.90507644274882,100.08708445887916,95.82435247553461,1670,UP,0.9986295347545613,-0.052335956242943495
74.97837663358779,86.45824885302585,-3.0000000000000187,85.0,85.0,86.5768994848266,74.95838588771834,37.39422936064744,27.72217074692894,25.055961691100634,26.544156609764006,20.23782953325509,15.003292632594153,13.560335114965563,14.365749094371193,18.22222355955311,31.455057134111915,75.08127290869155,79.54071334873575,100.89335761090956,95.78956177565256,1671,UP,0.9986295347545613,-0.052335956242943495
75.57755435444052,86.42684727928008,-3.0000000000000187,85.0,85.0,86.54545481725677,73.16340263833841,36.49877230763174,27.058324647017923,24.45596169110064,25.90851970377707,20.284758448846976,15.038083332476196,13.591779782535404,14.399061413044297,18.264478544946556,31.527997353257383,75.68127290869154,80.17635025472269,101.69963076293996,95.75477107577052,1672,UP,0.9986295347545613,-0.052335956242943495
76.17673207529326,86.39544570553431,-3.0000000000000187,85.0,85.0,86.51401014968694,71.36841938895853,35.60331525461595,26.394478547106885,23.85596169110065,25.272882797790153,20.331687364438874,15.072874032358245,13.623224450105216,14.432373731717433,18.306733530340004,31.600937572402902,76.28127290869152,80.81198716070962,102.50590391497035,95.71998037588847,1673,UP,0.9986295347545613,-0.052335956242943495
76.775909796146,86.36404413178855,-3.0000000000000187,85.0,85.0,86.48256548211711,69.57343613957859,34.70785820160025,25.73063244719587,23.25596169110066,24.637245891803218,20.37861628003077,15.107664732240293,13.654669117675057,14.465686050390543,18.348988515733474,31.673877791548367,76.88127290869153,81.44762406669653,103.31217706700075,95.68518967600642,1674,UP,0.9986295347545613,-0.052335956242943495
77.37508751699873,86.33264255804278,-3.0000000000000187,85.0,85.0,86.4511208145473,67.77845289019864,33.81240114858449,25.066786347284843,22.655961691100664,24.001608985816294,20.42554519562267,15.142455432122336,13.68611378524487,14.49899836906368,18.391243501126926,31.74681801069388,77.48127290869151,82.08326097268346,104.11845021903115,95.65039897612436,1675,UP,0.9986295347545613,-0.052335956242943495
77.97426523785147,86.30124098429701,-3.0000000000000187,85.0,85.0,86.41967614697747,65.98346964081877,32.916944095568766,24.402940247373827,22.05596169110067,23.365972079829362,20.472474111214552,15.177246132004385,13.71755845281471,14.53231068773679,18.433498486520378,31.819758229839398,78.0812729086915,82.71889787867039,104.92472337106153,95.61560827624231,1676,UP,0.9986295347545613,-0.052335956242943495
78.5734429587042,86.26983941055124,-3.0000000000000187,85.0,85.0,86.38823147940764,64.18848639143883,32.021487042553034,23.7390941474628,21.45596169110068,22.730335173842434,20.519403026806444,15.212036831886433,13.749003120384522,14.565623006409915,18.475753471913848,31.892698448984916,78.6812729086915,83.35453478465733,105.73099652309193,95.58081757636027,1677,UP,0.9986295347545613,-0.052335956242943495
79.17262067955694,86.23843783680547,-3.0000000000000187,85.0,85.0,86.35678681183781,62.3935031420589,31.126029989537297,23.075248047551785,20.85596169110069,22.094698267855502,20.56633194239836,15.24682753176848,13.780447787954364,14.59893532508303,18.518008457307296,31.965638668130428,79.28127290869149,83.99017169064426,106.53726967512233,95.54602687647822,1678,UP,0.9986295347545613,-0.052335956242943495
79.77179840040968,86.2070362630597,-3.0000000000000187,85.0,85.0,86.32534214426798,60.598519892679036,30.23057293652154,22.411401947640744,20.255961691100698,21.45906136186858,20.61326085799024,15.28161823165053,13.811892455524175,14.632247643756155,18.560263442700744,32.03857888727589,79.88127290869147,84.62580859663119,107.34354282715273,95.51123617659619,1679,UP,0.9986295347545613,-0.052335956242943495
80.37097612126242,86.17563468931394,-3.0000000000000187,85.0,85.0,86.29389747669816,58.803536643299076,29.335115883505807,21.747555847729732,19.655961691100703,20.82342445588165,20.660189773582143,15.316408931532571,13.843337123094017,14.665559962429265,18.602518428094214,32.11151910642141,80.48127290869148,85.2614455026181,108.14981597918312,95.47644547671413,1680,UP,0.9986295347545613,-0.052335956242943495
80.97015384211515,86.14423311556817,-3.0000000000000187,85.0,85.0,86.26245280912833,57.00855339391912,28.439658830490046,21.08370974781871,19.05596169110071,20.187787549894722,20.707118689174035,15.35119963141462,13.874781790663828,14.698872281102398,18.644773413487645,32.18445932556693,81.08127290869147,85.89708240860504,108.9560891312135,95.44165477683208,1681,UP,0.9986295347545613,-0.052335956242943495
81.56933156296789,86.1128315418224,-3.0000000000000187,85.0,85.0,86.2310081415585,55.21357014453926,27.54420177747435,20.419863647907693,18.45596169110072,19.55215064390779,20.754047604765926,15.38599033129666,13.906226458233668,14.732184599775511,18.687028398881097,32.25739954471244,81.68127290869147,86.53271931459196,109.7623622832439,95.40686407695004,1682,UP,0.9986295347545613,-0.052335956242943495
82.16850928382063,86.08142996807663,-3.0000000000000187,85.0,85.0,86.19956347398868,53.418586895159336,26.64874472445859,19.756017547996656,17.855961691100724,18.91651373792087,20.80097652035782,15.420781031178716,13.937671125803481,14.765496918448644,18.729283384274567,32.33033976385791,82.28127290869145,87.1683562205789,110.56863543527429,95.37207337706799,1683,UP,0.9986295347545613,-0.052335956242943495
82.76768700467336,86.05002839433087,-3.0000000000000187,85.0,85.0,86.16811880641885,51.623603645779475,25.753287671442887,19.092171448085654,17.255961691100733,18.280876831933938,20.847905435949723,15.45557173106076,13.969115793373323,14.798809237121748,18.771538369668015,32.40327998300343,82.88127290869144,87.80399312656583,111.37490858730469,95.33728267718594,1684,UP,0.9986295347545613,-0.052335956242943495
83.3668647255261,86.0186268205851,-3.0000000000000187,85.0,85.0,86.13667413884903,49.82862039639955,24.857830618427105,18.42832534817461,16.655961691100742,17.645239925947013,20.894834351541615,15.490362430942806,14.000560460943134,14.83212155579488,18.813793355061456,32.476220202148895,83.48127290869144,88.43963003255274,112.18118173933509,95.3024919773039,1685,UP,0.9986295347545613,-0.052335956242943495
83.96604244637884,85.98722524683933,-3.0000000000000187,85.0,85.0,86.1052294712792,48.03363714701957,23.962373565411376,17.764479248263598,16.055961691100748,17.009603019960082,20.941763267133496,15.525153130824856,14.032005128512974,14.865433874467989,18.856048340454905,32.54916042129446,84.08127290869143,89.07526693853968,112.98745489136549,95.26770127742185,1686,UP,0.9986295347545613,-0.052335956242943495
84.56522016723157,85.95582367309356,-3.0000000000000187,85.0,85.0,86.07378480370937,46.23865389763971,23.066916512395636,17.100633148352557,15.455961691100756,16.37396611397316,20.769544917241635,15.559943830706903,14.063449796082786,14.89874619314112,18.898303325848374,32.622100640439925,84.68127290869141,89.71090384452661,113.79372804339587,95.2329105775398,1687,UP,0.9986295347545613,-0.052335956242943495
19.29214534738487,8.28950136755734,-3.0000000000000187,85.0,85.0,8.3008774315839,8.793906745981289,11.154624352302001,19.2550236893165,80.81861375394847,85.61882265452174,108.60313075687309,101.60867922691926,91.83635716820825,57.79433469901914,28.831658818246368,21.374318506955497,19.3186208458437,20.46604730397802,12.3884654038851,9.184175181327452,1688,LEFT,0.05233595624294356,0.9986295347545613
19.29214534738487,8.28950136755734,-1.813464065386626e-14,85.0,85.0,8.289501367557373,8.97249162455723,11.723125259309937,21.661510968285015,80.70785465261517,87.35755237832285,114.1381426397647,99.26672840468225,91.7104986324427,50.41280524781047,27.28321359754475,20.881667650916626,19.292145347384903,20.88166765091661,11.723125259309958,8.972491624557232,1689,LEFT,3.777415280333465e-16,0.9999999999999873
19.29214534738487,8.28950136755734,2.9999999999999822,85.0,85.0,8.3008774315839,9.184175181327449,12.388465403885075,24.833226574748306,80.81861375394847,89.41853590129121,120.61599616821442,97.29096321251849,91.83635716820825,44.81219065062946,25.96014220376451,20.46604730397803,19.318620845843693,19.255023689316502,11.154624352302019,8.793906745981293,1690,LEFT,-0.052335956242942794,0.9986295347545612
19.29214534738487,8.28950136755734,5.999999999999983,85.0,85.0,8.33516225853203,9.43256708150368,13.172148059160671,29.186808114888652,81.15241607901339,91.83691747666182,118.00936140812799,95.64936483608146,92.21566569781967,40.43129237926725,24.824352572348896,20.120722014589074,19.398411877338287,17.37262743127104,10.666595181188946,8.645526438498798,1691,LEFT,-0.10452846326765178,0.9945218953682606
19.29214534738487,8.28950136755734,8.999999999999982,85.0,85.0,8.392831044823797,9.72215679499098,14.102942078296,35.50938528243401,81.71388821293984,94.65640727088484,113.36041056010075,94.3164702122164,92.85368153397654,36.922867640551125,23.846403081174046,19.8403353936482,19.532624365860485,15.865117968436644,10.246387189878387,8.525049154304526,1692,LEFT,-0.1564344650402285,0.9876883405951251
19.29214534738487,8.28950136755734,11.999999999999984,85.0,85.0,8.474693759243078,10.058534095874158,15.22017489497174,45.48784516723956,82.5109161358349,97.9314281803896,109.35223213700611,93.2723528018369,92.7900940611129,34.06061602027371,23.003245952277574,19.62069571072044,19.72314335066808,14.63525792470652,9.8840971465888,8.430673779289723,1693,LEFT,-0.20791169081775632,0.9781476007337931
19.29214534738487,8.28950136755734,14.999999999999982,85.0,85.0,8.581923313308955,10.448687799706416,16.579002735114692,63.50833672970575,83.55491949385154,101.73002438357136,105.89816214591126,92.5018649099282,74.53912574224626,31.6908142140335,22.27665061911613,19.458616509094067,19.97269854715679,13.616995053473746,9.571891692014042,8.361031148087147,1694,LEFT,-0.2588190451025171,0.9659258262890559
19.29214534738487,8.28950136755734,17.999999999999986,85.0,85.0,8.716097545758032,10.901415484051567,18.25919567108345,80.95741935832406,84.86126036653752,106.13785044272913,102.92909888172066,91.99408569717309,62.43069377594383,29.70544818324969,21.652080903625745,19.35180048995854,20.284962057289256,12.763917589514294,9.303524881715557,8.315134151109515,1695,LEFT,-0.3090169943749431,0.9510565162951413
19.29214534738487,8.28950136755734,20.99999999999999,85.0,85.0,8.879257889606382,11.427893924607572,20.380512817510013,80.73552069914413,86.44981445833368,111.26372515751312,100.38963892295104,91.74193630270766,53.83334467232045,28.026464889757488,21.117882187459163,19.29875854994272,20.664684905369228,12.042487491570514,9.07398892765379,8.292342946379211,1696,LEFT,-0.35836794954529533,0.9335804264971896
19.29214534738487,8.28950136755734,23.99999999999999,85.0,85.0,9.073988927653783,12.042487491570512,23.131257630809657,80.73552069914413,88.34574566314556,117.24750223571073,98.23524147409664,91.74193630270766,47.43153998001005,26.59612211065851,20.66468490536925,19.298758549942715,20.38051281751011,11.427893924607574,8.87925788960639,8.292342946379211,1697,LEFT,-0.4067366430757946,0.913545457642589
19.29214534738487,8.28950136755734,26.999999999999986,85.0,85.0,9.303524881715552,12.76391758951429,26.825389924992997,80.95741935832406,90.58054285981036,120.60728450502702,96.4301248780688,91.99408569717309,42.4946014475033,25.37084954634938,20.284962057289274,19.351800489958528,18.259195671083518,10.90141548405157,8.716097545758036,8.315134151109513,1698,LEFT,-0.45399049973954053,0.8910065241883562
19.29214534738487,8.28950136755734,29.999999999999986,85.0,85.0,9.571891692014034,13.616995053473744,32.02817383192868,81.40427954892127,93.19340321880905,115.59855360132012,94.94569472769945,92.50186490992819,38.5842906947698,24.317217017455146,19.972698547156803,19.458616509094057,16.579002735114752,10.44868779970642,8.581923313308959,8.361031148087147,1699,LEFT,-0.49999999999999317,0.8660254037844274
19.29214534738487,8.28950136755734,32.999999999999986,85.0,85.0,9.884097146588791,14.635257924706515,39.870299428343884,82.08233087040617,96.23308333131716,111.28210691349065,93.75936572725993,93.27235280183687,35.42189249592183,23.40921282897518,19.723143350668092,19.620695710720426,15.220174894971787,10.058534095874164,8.47469375924308,8.430673779289723,1700,LEFT,-0.5446390350150198,0.8386705679454131
19.29214534738487,8.28950136755734,35.99999999999999,85.0,85.0,10.246387189878375,15.865117968436634,52.99024972166756,83.00118397287271,99.76039466880492,107.56061286641,92.8536815339766,82.64094445367967,32.821758069196015,22.626362390516114,19.532624365860496,19.840335393648186,14.102942078296044,9.722156794990985,8.392831044823799,8.525049154304524,1701,LEFT,-0.5877852522924653,0.8090169943749368
19.29214534738487,8.28950136755734,38.99999999999999,85.0,85.0,10.666595181188935,17.372627431271027,79.30377151275393,84.17416925999117,103.85160401696785,104.35675103622944,92.21566569781967,67.92641914293887,30.65552240441722,21.952400641071247,19.398411877338294,20.120722014589052,13.17214805916071,9.432567081503684,8.335162258532034,8.645526438498798,1702,LEFT,-0.629320391049829,0.7771459614569607
19.29214534738487,8.28950136755734,41.999999999999986,85.0,85.0,11.154624352302003,19.255023689316477,80.81861375394847,85.61882265452174,108.60313075687311,101.60867922691929,91.83635716820825,57.79433469901909,28.83165881824635,21.37431850695549,19.3186208458437,20.466047303978005,12.388465403885101,9.18417518132745,8.300877431583903,8.793906745981289,1703,LEFT,-0.6691306063588491,0.7431448254773845
19.29214534738487,8.28950136755734,44.999999999999986,85.0,85.0,11.72312525930994,21.661510968284997,80.70785465261518,87.35755237832286,114.13814263976472,99.26672840468225,91.7104986324427,50.41280524781043,27.28321359754473,20.881667650916622,19.292145347384906,20.881667650916594,11.723125259309958,8.972491624557229,8.289501367557374,8.972491624557229,1704,LEFT,-0.7071067811865379,0.7071067811865382
19.29214534738487,8.28950136755734,47.999999999999986,85.0,85.0,12.388465403885078,24.833226574748295,80.81861375394847,89.41853590129124,120.61599616821447,97.29096321251848,91.83635716820825,44.812190650629425,25.96014220376449,20.46604730397803,19.318620845843697,19.25502368931658,11.15462435230202,8.793906745981293,8.300877431583901,9.184175181327447,1705,UP,0.6691306063588495,0.7431448254773841
19.693623711200182,8.73538826284377,47.999999999999986,85.0,85.0,13.054832912782583,26.168989705290098,80.4165844229073,88.97372656218873,120.01599616821447,96.81794467949187,91.38985836182556,45.744752823339425,26.500384630343195,20.891955104143012,19.720650176884842,20.290738909184608,11.754624352302011,9.266925279007893,8.747376237966602,9.678186000047592,1706,UP,0.6691306063588495,0.7431448254773841
20.095102075015493,9.181275158130202,47.999999999999986,85.0,85.0,13.721200421680091,27.504752835831898,80.01455509186619,88.52891722308621,119.41599616821448,96.34492614646527,90.94335955544285,46.67731499604945,27.040627056921895,21.317862904307997,20.122679507925987,21.32645412905265,12.354624352302006,9.739943812034493,9.193875044349305,10.17219681876774,1707,UP,0.6691306063588495,0.7431448254773841
20.496580438830804,9.627162053416633,47.999999999999986,85.0,85.0,14.387567930577601,28.84051596637372,79.61252576082504,88.08410788398372,118.81599616821448,95.87190761343867,90.49686074906015,47.609877168759446,27.58086948350059,21.743770704472983,20.524708838967133,22.36216934892068,12.954624352302,10.212962345061097,9.640373850732008,10.666207637487888,1708,UP,0.6691306063588495,0.7431448254773841
20.898058802646116,10.073048948703065,47.999999999999986,85.0,85.0,15.053935439475103,30.17627909691553,79.21049642978389,87.6392985448812,118.21599616821449,95.39888908041206,90.05036194267744,48.54243934146946,28.121111910079293,22.16967850463797,20.926738170008274,23.15355586336549,13.554624352301992,10.6859808780877,10.08687265711471,11.160218456208034,1709,UP,0.6691306063588495,0.7431448254773841
21.299537166461427,10.518935843989496,47.999999999999986,85.0,85.0,15.72030294837262,31.512042227457336,78.80846709874274,87.1944892057787,117.6159961682145,94.92587054738546,89.60386313629475,49.475001514179475,28.661354336657986,22.595586304802953,21.32876750104942,23.598365202467996,14.154624352301985,11.158999411114301,10.533371463497415,11.654229274928179,1710,UP,0.6691306063588495,0.7431448254773841
21.701015530276738,10.964822739275927,47.999999999999986,85.0,85.0,16.386670457270128,32.84780535799914,78.40643776770159,86.74967986667619,117.01599616821449,94.45285201435887,89.15736432991203,50.40756368688946,29.201596763236687,23.021494104967942,21.73079683209057,24.043174541570508,14.754624352301981,11.632017944140904,10.979870269880118,12.148240093648326,1711,UP,0.6691306063588495,0.7431448254773841
22.10249389409205,11.410709634562359,47.999999999999986,85.0,85.0,17.05303796616763,34.18356848854094,78.00440843666046,86.30487052757367,116.4159961682145,93.97983348133226,88.71086552352934,51.34012585959948,29.741839189815387,23.447401905132924,22.13282616313171,24.487983880673013,15.354624352301975,12.105036477167507,11.426369076262821,12.642250912368475,1712,UP,0.6691306063588495,0.7431448254773841
22.50397225790736,11.85659652984879,47.999999999999986,85.0,85.0,17.719405475065138,35.519331619082756,77.6023791056193,85.86006118847116,115.81599616821453,93.50681494830567,88.26436671714663,52.272688032309475,30.282081616394084,23.87330970529791,22.534855494172856,24.932793219775522,15.954624352301968,12.57805501019411,11.872867882645524,13.136261731088618,1713,UP,0.6691306063588495,0.7431448254773841
22.90545062172267,12.302483425135222,47.999999999999986,85.0,85.0,18.38577298396265,36.85509474962458,77.20034977457816,85.41525184936866,115.21599616821452,93.03379641527904,87.81786791076394,53.20525020501948,30.822324042972788,24.299217505462895,22.936884825214,25.377602558878028,16.554624352301964,13.051073543220712,12.319366689028229,13.630272549808769,1714,UP,0.6691306063588495,0.7431448254773841
23.306928985537983,12.748370320421653,47.999999999999986,85.0,85.0,19.052140492860158,38.190857880166384,76.79832044353702,84.97044251026614,114.61599616821452,92.56077788225245,87.37136910438123,54.13781237772949,31.362566469551485,24.72512530562788,23.338914156255147,25.822411897980537,17.154624352301955,13.524092076247314,12.765865495410932,14.124283368528914,1715,UP,0.6691306063588495,0.7431448254773841
23.708407349353294,13.194257215708085,47.999999999999986,85.0,85.0,19.718508001757662,39.52662101070819,76.39629111249587,84.52563317116365,114.01599616821453,92.08775934922583,86.92487029799852,55.0703745504395,31.902808896130185,25.151033105792866,23.740943487296292,26.267221237083046,17.75462435230195,13.997110609273916,13.212364301793633,14.618294187249065,1716,UP,0.6691306063588495,0.7431448254773841
24.109885713168605,13.640144110994516,47.999999999999986,85.0,85.0,20.384875510655174,40.862384141250004,75.99426178145472,84.08082383206114,113.41599616821453,91.61474081619924,86.47837149161582,56.0029367231495,32.44305132270888,25.576940905957855,24.142972818337437,26.712030576185555,18.354624352301943,14.47012914230052,13.658863108176337,15.112305005969207,1717,LEFT,-0.7431448254773841,0.6691306063588495
24.109885713168605,13.640144110994516,50.999999999999986,85.0,85.0,21.67440353909387,48.0260815668743,76.30813825243051,86.35484356575375,111.12437067433332,90.06891780432247,86.83555011830715,50.52801650346132,31.02362607401075,25.14537909097478,24.2426897039212,27.434474551979292,17.551585914983598,14.225973470257815,13.715277838044557,15.521026974176804,1718,UP,0.6293203910498292,0.7771459614569604
24.487477947798503,14.106431687868692,50.999999999999986,85.0,85.0,22.41534183301489,49.6678505260841,75.92846613421125,85.9251839367029,110.52437067433331,89.58260368299467,86.36669409910253,51.31935109915116,31.509496493927745,25.53918850154329,24.62236182214045,27.86413418103016,18.151585914983592,14.71228759158561,14.184133857249149,16.05161242836963,1719,UP,0.6293203910498292,0.7771459614569604
24.8650701824284,14.572719264742869,50.999999999999986,85.0,85.0,23.156280126935908,51.309619485293915,75.548794015992,85.49552430765202,109.92437067433333,89.09628956166685,85.89783807989794,52.11068569484099,31.995366913844748,25.9329979121118,25.002033940359706,28.293793810081034,18.751585914983583,15.198601712913408,14.652989876453743,16.582197882562454,1720,UP,0.6293203910498292,0.7771459614569604
25.2426624170583,15.039006841617045,50.999999999999986,85.0,85.0,23.897218420856923,52.95138844450372,75.16912189777274,85.06586467860116,109.32437067433334,88.60997544033906,85.42898206069336,52.902020290530814,32.48123733376174,26.32680732268031,25.381706058578956,28.723453439131905,19.35158591498358,15.684915834241206,15.121845895658339,17.112783336755278,1721,UP,0.6293203910498292,0.7771459614569604
25.620254651688196,15.505294418491221,50.999999999999986,85.0,85.0,24.638156714777946,54.593157403713555,74.7894497795535,84.63620504955027,108.72437067433334,88.12366131901128,84.96012604148878,53.69335488622065,32.96710775367874,26.720616733248818,25.761378176798207,29.153113068182773,19.951585914983568,16.171229955569004,15.590701914862931,17.64336879094811,1722,UP,0.6293203910498292,0.7771459614569604
25.997846886318094,15.971581995365398,50.999999999999986,85.0,85.0,25.37909500869897,56.23492636292335,74.40977766133423,84.20654542049941,108.12437067433335,87.63734719768348,84.49127002228417,54.48468948191047,33.45297817359574,27.11442614381733,26.141050295017457,29.582772697233644,20.551585914983562,16.657544076896798,16.059557934067527,18.17395424514093,1723,UP,0.6293203910498292,0.7771459614569604
26.37543912094799,16.437869572239574,50.999999999999986,85.0,85.0,26.120033302619987,57.87669532213315,74.03010554311498,83.77688579144854,107.52437067433337,87.15103307635567,84.02241400307958,55.276024077600304,33.938848593512745,27.508235554385838,26.52072241323671,30.012432326284515,21.151585914983556,17.143858198224596,16.52841395327212,18.704539699333758,1724,UP,0.6293203910498292,0.7771459614569604
26.75303135557789,16.90415714911375,50.999999999999986,85.0,85.0,26.860971596541017,59.51846428134297,73.65043342489574,83.34722616239766,106.92437067433339,86.6647189550279,83.553557983875,56.06735867329015,34.42471901342974,27.90204496495435,26.900394531455962,30.442091955335382,21.751585914983547,17.630172319552393,16.997269972476715,19.235125153526578,1725,UP,0.6293203910498292,0.7771459614569604
27.130623590207787,17.370444725987927,50.999999999999986,85.0,85.0,27.601909890462036,61.160233240552806,73.27076130667649,82.91756653334679,106.32437067433338,86.17840483370009,83.0847019646704,56.85869326897998,34.91058943334673,28.295854375522854,27.280066649675216,30.871751584386253,22.35158591498354,18.116486440880188,17.46612599168131,19.765710607719406,1726,UP,0.6293203910498292,0.7771459614569604
27.508215824837684,17.836732302862103,50.999999999999986,85.0,85.0,28.34284818438305,62.802002199762605,72.89108918845723,82.48790690429591,105.72437067433337,85.69209071237228,82.61584594546581,57.6500278646698,35.396459853263735,28.689663786091366,27.659738767894467,31.301411213437127,22.951585914983532,18.602800562207985,17.934982010885903,20.29629606191223,1727,UP,0.6293203910498292,0.7771459614569604
27.885808059467582,18.30301987973628,50.999999999999986,85.0,85.0,29.083786478304077,64.4437711589724,72.51141707023798,82.05824727524505,105.1243706743334,85.20577659104447,82.14698992626118,58.44136246035963,35.882330273180735,29.083473196659877,28.03941088611372,31.731070842488,23.551585914983526,19.089114683535783,18.403838030090498,20.826881516105058,1728,UP,0.6293203910498292,0.7771459614569604
28.26340029409748,18.769307456610456,50.999999999999986,85.0,85.0,29.824724772225096,66.08554011818224,72.13174495201872,81.62858764619416,104.52437067433341,84.71946246971669,81.6781339070566,59.23269705604945,36.368200693097734,29.477282607228386,28.419083004332972,32.16073047153887,24.15158591498352,19.57542880486358,18.87269404929509,21.357466970297878,1729,UP,0.6293203910498292,0.7771459614569604
28.640992528727377,19.235595033484632,50.999999999999986,85.0,85.0,30.565663066146115,67.72730907739206,71.75207283379947,81.1989280171433,103.92437067433339,84.2331483483889,81.20927788785202,60.02403165173928,36.854071113014726,29.871092017796894,28.798755122552222,32.59039010058974,24.751585914983515,20.06174292619138,19.341550068499686,21.888052424490706,1730,UP,0.6293203910498292,0.7771459614569604
29.018584763357275,19.70188261035881,50.999999999999986,85.0,85.0,31.306601360067134,69.36907803660183,71.37240071558023,80.76926838809244,103.32437067433341,83.7468342270611,80.74042186864743,60.81536624742913,37.339941532931725,30.26490142836541,29.178427240771477,33.020049729640604,25.35158591498351,20.548057047519173,19.810406087704276,22.41863787868353,1731,UP,0.6293203910498292,0.7771459614569604
29.396176997987173,20.168170187232985,50.999999999999986,85.0,85.0,32.04753965398815,71.01084699581166,70.99272859736097,80.33960875904157,102.72437067433341,83.2605201057333,80.27156584944282,61.60670084311895,37.82581195284873,30.658710838933917,29.558099358990727,33.44970935869148,25.9515859149835,21.03437116884697,20.279262106908874,22.949223332876358,1732,UP,0.6293203910498292,0.7771459614569604
29.77376923261707,20.63445776410716,50.999999999999986,85.0,85.0,32.78847794790918,72.65261595502149,70.61305647914172,79.9099491299907,102.12437067433343,82.77420598440551,79.80270983023824,62.39803543880878,38.31168237276572,31.052520249502425,29.937771477209978,33.87936898774235,26.55158591498349,21.520685290174768,20.748118126113464,23.479808787069185,1733,UP,0.6293203910498292,0.7771459614569604
30.151361467246968,21.100745340981337,50.999999999999986,85.0,85.0,33.52941624183019,72.84856161450935,70.23338436092247,79.48028950093982,101.52437067433344,82.28789186307772,79.33385381103365,63.1893700344986,38.79755279268272,31.446329660070933,30.317443595429232,34.30902861679322,27.15158591498348,22.006999411502566,21.216974145318062,24.01039424126201,1734,UP,0.6293203910498292,0.7771459614569604
30.528953701876866,21.567032917855514,50.999999999999986,85.0,85.0,34.270354535751224,72.45475220394083,69.85371224270321,79.05062987188894,100.92437067433345,81.80157774174991,78.86499779182904,63.98070463018845,39.28342321259972,31.84013907063944,30.697115713648483,34.73868824584409,27.751585914983476,22.49331353283036,21.685830164522653,24.540979695454833,1735,UP,0.6293203910498292,0.7771459614569604
30.906545936506763,22.03332049472969,50.999999999999986,85.0,85.0,35.01129282967224,72.06094279337232,69.47404012448395,78.6209702428381,100.32437067433347,81.3152636204221,78.39614177262443,64.77203922587827,39.769293632516714,32.23394848120795,31.076787831867737,35.16834787489496,28.35158591498347,22.979627654158158,22.154686183727247,25.071565149647654,1736,UP,0.6293203910498292,0.7771459614569604
31.28413817113666,22.499608071603866,50.999999999999986,85.0,85.0,35.752231123593255,71.66713338280381,69.0943680062647,78.19131061378722,99.72437067433346,80.8289494990943,77.92728575341985,65.56337382156809,40.25516405243371,32.62775789177646,31.456459950086987,35.59800750394583,28.951585914983465,23.465941775485955,22.62354220293184,25.602150603840485,1737,UP,0.6293203910498292,0.7771459614569604
31.66173040576656,22.965895648478043,50.999999999999986,85.0,85.0,36.49316941751429,71.27332397223532,68.71469588804545,77.76165098473635,99.12437067433346,80.34263537776653,77.45842973421527,66.35470841725792,40.74103447235072,33.02156730234498,31.83613206830624,36.027667132996704,29.551585914983455,23.95225589681375,23.092398222136435,26.13273605803331,1738,UP,0.6293203910498292,0.7771459614569604
32.039322640396456,23.43218322535222,50.999999999999986,85.0,85.0,37.2341077114353,70.8795145616668,68.33502376982621,77.33199135568547,98.52437067433347,79.85632125643872,76.98957371501066,67.14604301294777,41.22690489226771,33.415376712913485,32.21580418652549,36.45732676204757,30.151585914983446,24.438570018141547,23.56125424134103,26.663321512226133,1739,UP,0.6293203910498292,0.7771459614569604
32.41691487502635,23.898470802226395,50.999999999999986,85.0,85.0,37.975046005356326,70.4857051510983,67.95535165160696,76.9023317266346,97.92437067433349,79.37000713511092,76.52071769580607,67.93737760863758,41.712775312184704,33.80918612348199,32.59547630474474,36.88698639109844,30.751585914983444,24.924884139469345,24.030110260545623,27.193906966418965,1740,UP,0.6293203910498292,0.7771459614569604
32.794507109656244,24.36475837910057,50.999999999999986,85.0,85.0,38.715984299277345,70.09189574052978,67.57567953338771,76.47267209758373,97.3243706743335,78.88369301378314,76.05186167660149,68.72871220432741,42.1986457321017,34.202995534050494,32.97514842296398,37.31664602014931,31.35158591498343,25.411198260797143,24.498966279750217,27.72449242061178,1741,UP,0.6293203910498292,0.7771459614569604
33.17209934428614,24.831045955974748,50.999999999999986,85.0,85.0,39.45692259319838,69.69808632996127,67.19600741516845,76.04301246853285,96.72437067433349,78.39737889245535,75.5830056573969,69.52004680001721,42.684516152018695,34.596804944619,33.35482054118324,37.746305649200174,31.951585914983422,25.897512382124937,24.96782229895481,28.25507787480461,1742,UP,0.6293203910498292,0.7771459614569604
33.54969157891603,25.297333532848924,50.999999999999986,85.0,85.0,40.19786088711938,69.30427691939278,66.8163352969492,75.613352839482,96.12437067433349,77.91106477112753,75.1141496381923,70.31138139570706,43.17038657193569,34.9906143551875,33.734492659402484,38.17596527825104,32.55158591498342,26.383826503452735,25.436678318159405,28.785663328997437,1743,UP,0.6293203910498292,0.7771459614569604
33.92728381354593,25.7636211097231,50.999999999999986,85.0,85.0,40.9387991810404,68.91046750882427,66.43666317872997,75.18369321043113,95.52437067433353,77.42475064979972,74.64529361898768,71.10271599139688,43.656256991852686,35.38442376575601,34.11416477762174,38.60562490730191,33.151585914983414,26.870140624780532,25.905534337364,29.31624878319026,1744,UP,0.6293203910498292,0.7771459614569604
34.30487604817582,26.229908686597277,50.999999999999986,85.0,85.0,41.67973747496143,68.51665809825576,66.05699106051071,74.75403358138026,94.92437067433353,76.93843652847194,74.1764375997831,71.8940505870867,44.14212741176967,35.77823317632451,34.493836895840985,39.035284536352776,33.7515859149834,27.35645474610833,26.374390356568593,29.84683423738308,1745,UP,0.6293203910498292,0.7771459614569604
34.682468282805715,26.696196263471453,50.999999999999986,85.0,85.0,42.42067576888243,68.12284868768725,65.67731894229146,74.32437395232941,94.32437067433354,76.45212240714416,73.70758158057852,72.68538518277653,44.62799783168666,36.17204258689303,34.873509014060225,39.464944165403644,34.351585914983396,27.842768867436124,26.843246375773187,30.37741969157591,1746,UP,0.6293203910498292,0.7771459614569604
35.06006051743561,27.16248384034563,50.999999999999986,85.0,85.0,43.161614062803466,67.72903927711874,65.29764682407222,73.89471432327852,93.72437067433353,75.96580828581635,73.23872556137393,73.47671977846633,45.11386825160366,36.56585199746153,35.25318113227948,39.89460379445451,34.95158591498339,28.329082988763922,27.31210239497778,30.90800514576874,1747,UP,0.6293203910498292,0.7771459614569604
35.4376527520655,27.628771417219806,50.999999999999986,85.0,85.0,43.902552356724485,67.33522986655025,64.91797470585297,73.46505469422766,93.12437067433355,75.47949416448856,72.76986954216933,74.26805437415616,45.599738671520655,36.95966140803004,35.63285325049873,40.32426342350538,35.551585914983384,28.81539711009172,27.780958414182376,31.43859059996156,1748,UP,0.6293203910498292,0.7771459614569604
35.8152449866954,28.095058994093982,50.999999999999986,85.0,85.0,44.643490650645504,66.94142045598173,64.53830258763372,73.0353950651768,92.52437067433355,74.99318004316076,72.30101352296474,75.05938896984598,46.085609091437654,37.35347081859854,36.012525368717974,40.753923052556246,36.15158591498337,29.301711231419514,28.24981443338697,31.96917605415439,1749,UP,0.6293203910498292,0.7771459614569604
36.19283722132529,28.56134657096816,50.999999999999986,85.0,85.0,45.38442894456654,66.54761104541322,64.15863046941448,72.60573543612591,91.92437067433353,74.50686592183297,71.83215750376014,75.85072356553582,46.57147951135464,37.747280229167046,36.39219748693722,41.183582681607106,36.751585914983366,29.78802535274731,28.71867045259156,32.499761508347206,1750,UP,0.6293203910498292,0.7771459614569604
36.570429455955185,29.027634147842335,50.999999999999986,85.0,85.0,46.125367238487556,66.15380163484473,63.77895835119523,72.17607580707507,91.32437067433357,74.02055180050517,71.36330148455554,76.64205816122563,47.05734993127164,38.141089639735554,36.77186960515647,41.61324231065798,37.35158591498336,30.27433947407511,29.187526471796158,33.03034696254004,1751,UP,0.6293203910498292,0.7771459614569604
36.94802169058508,29.49392172471651,50.999999999999986,85.0,85.0,46.86630553240858,65.75999222427622,63.39928623297598,71.74641617802419,90.72437067433358,73.53423767917735,70.89444546535094,77.43339275691547,47.543220351188616,38.53489905030406,37.151541723375715,42.04290193970885,37.951585914983355,30.760653595402907,29.65638249100075,33.56093241673286,1752,UP,0.6293203910498292,0.7771459614569604
37.325613925214974,29.960209301590687,50.999999999999986,85.0,85.0,47.60724382632959,65.36618281370771,63.019614114756735,71.31675654897333,90.12437067433359,73.04792355784957,70.42558944614636,78.22472735260527,48.029090771105615,38.92870846087256,37.53121384159497,42.47256156875971,38.55158591498334,31.2469677167307,30.125238510205342,34.091517870925685,1753,UP,0.6293203910498292,0.7771459614569604
37.70320615984487,30.426496878464864,50.999999999999986,85.0,85.0,48.348182120250605,64.97237340313922,62.63994199653748,70.88709691992247,89.5243706743336,72.56160943652178,69.95673342694177,79.01606194829509,48.514961191022614,39.32251787144108,37.910885959814216,42.902221197810576,39.151585914983336,31.733281838058495,30.594094529409936,34.622103325118516,1754,UP,0.6293203910498292,0.7771459614569604
38.08079839447476,30.89278445533904,50.999999999999986,85.0,85.0,49.08912041417165,64.57856399257071,62.26026987831823,70.45743729087158,88.92437067433357,72.07529531519398,69.48787740773717,78.63662933842171,49.000831610939606,39.71632728200958,38.29055807803346,43.33188082686144,39.75158591498333,32.2195959593863,31.06295054861453,35.15268877931134,1755,UP,0.6293203910498292,0.7771459614569604
38.458390629104656,31.359072032213216,50.999999999999986,85.0,85.0,49.83005870809264,64.1847545820022,61.880597760098986,70.02777766182074,88.3243706743336,71.58898119386618,69.01902138853258,78.1060438842289,49.486702030856605,40.11013669257808,38.67023019625271,43.76154045591231,40.351585914983325,32.70591008071409,31.531806567819125,35.683274233504164,1756,UP,0.6293203910498292,0.7771459614569604
38.83598286373455,31.825359609087393,50.999999999999986,85.0,85.0,50.57099700201368,63.79094517143369,61.50092564187974,69.59811803276985,87.7243706743336,71.1026670725384,68.550165369328,77.57545843003606,49.972572450773605,40.50394610314659,39.049902314471964,44.19120008496318,40.95158591498331,33.192224202041885,32.00066258702372,36.21385968769698,1757,UP,0.6293203910498292,0.7771459614569604
39.213575098364444,32.291647185961565,50.999999999999986,85.0,85.0,51.311935295934695,63.39713576086518,61.12125352366049,69.16845840371899,87.1243706743336,70.6163529512106,68.08130935012338,77.04487297584325,50.45844287069059,40.8977555137151,39.42957443269121,44.62085971401404,41.5515859149833,33.67853832336968,32.469518606228306,36.744445141889805,1758,UP,0.6293203910498292,0.7771459614569604
39.59116733299434,32.75793476283574,50.999999999999986,85.0,85.0,52.05287358985569,63.003326350296675,60.74158140544124,68.73879877466813,86.52437067433362,70.1300388298828,67.61245333091881,76.51428752165043,50.94431329060758,41.2915649242836,39.80924655091046,45.05051934306491,42.15158591498329,34.16485244469747,32.9383746254329,37.27503059608263,1759,UP,0.6293203910498292,0.7771459614569604
39.96875956762423,33.22422233970991,50.999999999999986,85.0,85.0,52.79381188377672,62.60951693972817,60.36190928722199,68.30913914561725,85.92437067433364,69.64372470855501,67.14359731171422,75.98370206745761,51.430183710524574,41.685374334852106,40.188918669129706,45.48017897211577,42.75158591498328,34.65116656602527,33.407230644637494,37.80561605027545,1760,UP,0.6293203910498292,0.7771459614569604
40.34635180225413,33.690509916584084,50.999999999999986,85.0,85.0,53.53475017769774,62.215707529159666,59.982237169002744,67.87947951656639,85.32437067433365,69.15741058722722,66.67474129250962,75.45311661326478,51.91605413044157,42.079183745420615,40.56859078734895,45.90983860116664,43.35158591498327,35.13748068735306,33.876086663842074,38.33620150446828,1761,UP,0.6293203910498292,0.7771459614569604
40.72394403688402,34.15679749345826,50.999999999999986,85.0,85.0,54.27568847161876,61.821898118591164,59.60256505078349,67.44981988751555,84.72437067433366,68.67109646589941,66.20588527330503,74.92253115907197,52.401924550358565,42.47299315598912,40.94826290556821,46.33949823021751,43.951585914983255,35.623794808680856,34.34494268304667,38.86678695866109,1762,UP,0.6293203910498292,0.7771459614569604
41.101536271513915,34.62308507033243,50.999999999999986,85.0,85.0,55.01662676553977,61.42808870802265,59.22289293256425,67.02016025846466,84.12437067433368,68.18478234457164,65.73702925410045,74.39194570487913,52.887794970275564,42.866802566557624,41.327935023787454,46.769157859268375,44.551585914983235,36.11010893000864,34.81379870225126,39.39737241285392,1763,UP,0.6293203910498292,0.7771459614569604
41.47912850614381,35.0893726472066,50.999999999999986,85.0,85.0,55.75756505946079,61.03427929745415,58.843220814345,66.5905006294138,83.52437067433368,67.69846822324384,65.26817323489584,73.86136025068632,53.37366539019255,43.26061197712613,41.7076071420067,47.19881748831925,45.15158591498323,36.596423051336444,35.28265472145585,39.92795786704674,1764,UP,0.6293203910498292,0.7771459614569604
41.8567207407737,35.555660224080775,50.999999999999986,85.0,85.0,56.49850335338179,60.64046988688564,58.46354869612575,66.16084100036292,82.92437067433369,67.21215410191604,64.79931721569127,73.3307747964935,53.85953581010954,43.65442138769464,42.08727926022595,47.62847711737011,45.75158591498321,37.08273717266423,35.75151074066044,40.45854332123955,1765,UP,0.6293203910498292,0.7771459614569604
42.2343129754036,36.02194780095495,50.999999999999986,85.0,85.0,57.23944164730283,60.24666047631713,58.0838765779065,65.73118137131205,82.3243706743337,66.72583998058826,64.33046119648665,72.80018934230068,54.34540623002654,44.04823079826314,42.466951378445195,48.05813674642098,46.35158591498321,37.569051293992025,36.22036675986503,40.98912877543238,1766,UP,0.6293203910498292,0.7771459614569604
42.61190521003349,36.48823537782912,50.999999999999986,85.0,85.0,57.98037994122382,59.85285106574863,57.704204459687254,65.3015217422612,81.72437067433371,66.23952585926045,63.86160517728209,72.26960388810785,54.83127664994353,44.44204020883165,42.84662349666445,48.487796375471845,46.95158591498319,38.05536541531982,36.689222779069624,41.519714229625194,1767,UP,0.6293203910498292,0.7771459614569604
42.989497444663385,36.95452295470329,50.999999999999986,85.0,85.0,58.72131823514484,59.45904165518013,57.324532341468,64.87186211321033,81.12437067433373,65.75321173793267,63.392749158077486,71.73901843391504,55.317147069860525,44.83584961940015,43.226295614883696,48.91745600452271,47.55158591498318,38.541679536647614,37.15807879827421,42.05029968381802,1768,UP,0.6293203910498292,0.7771459614569604
43.36708967929328,37.420810531577466,50.999999999999986,85.0,85.0,59.46225652906586,59.06523224461162,56.94486022324876,64.44220248415945,80.52437067433375,65.26689761660487,62.923893138872906,71.20843297972222,55.803017489777524,45.229659029968666,43.60596773310294,49.34711563357358,48.15158591498317,39.0279936579754,37.626934817478805,42.58088513801084,1769,UP,0.6293203910498292,0.7771459614569604
43.74468191392317,37.88709810845164,50.999999999999986,85.0,85.0,60.20319482298687,58.67142283404311,56.565188105029506,64.0125428551086,79.92437067433376,64.78058349527706,62.455037119668305,70.67784752552939,56.28888790969452,45.62346844053717,43.98563985132219,49.77677526262445,48.75158591498315,39.514307779303195,38.09579083668339,43.11147059220366,1770,UP,0.6293203910498292,0.7771459614569604
44.12227414855307,38.35338568532581,50.999999999999986,85.0,85.0,60.94413311690787,58.27761342347461,56.18551598681026,63.582883226057724,79.32437067433376,64.29426937394928,61.986181100463725,70.14726207133657,56.7747583296115,46.01727785110567,44.36531196954144,50.20643489167531,49.35158591498315,40.000621900630996,38.56464685588798,43.64205604639649,1771,UP,0.6293203910498292,0.7771459614569604
44.49986638318296,38.819673262199984,50.999999999999986,85.0,85.0,61.685071410828904,57.8838040129061,55.80584386859101,63.15322359700686,78.72437067433378,63.80795525262149,61.51732508125913,69.61667661714375,57.26062874952851,46.411087261674176,44.74498408776069,50.636094520726175,49.951585914983134,40.48693602195878,39.03350287509257,44.17264150058931,1772,UP,0.6293203910498292,0.7771459614569604
44.877458617812856,39.28596083907416,50.999999999999986,85.0,85.0,62.42600970474992,57.489994602337596,55.426171750371765,62.72356396795598,78.1243706743338,63.3216411312937,61.048469062054544,69.08609116295094,57.74649916944549,46.804896672242684,45.12465620597994,51.06575414977704,50.55158591498312,40.97325014328658,39.50235889429716,44.703226954782124,1773,UP,0.6293203910498292,0.7771459614569604
45.25505085244275,39.75224841594833,50.999999999999986,85.0,85.0,63.166947998670935,57.09618519176909,55.04649963215252,62.293904338905115,77.5243706743338,62.83532700996591,60.579613042849935,68.5555057087581,58.232369589362484,47.19870608281119,45.504328324199186,51.49541377882791,51.15158591498311,41.45956426461437,39.971214913501754,45.23381240897495,1774,UP,0.6293203910498292,0.7771459614569604
45.632643087072644,40.2185359928225,50.999999999999986,85.0,85.0,63.90788629259195,56.70237578120058,54.666827513933264,61.864244709854255,76.92437067433382,62.349012888638114,60.11075702364537,68.02492025456529,58.718240009279484,47.59251549337969,45.88400044241843,51.92507340787878,51.7515859149831,41.945878385942166,40.44007093270635,45.764397863167765,1775,UP,0.6293203910498292,0.7771459614569604
46.01023532170254,40.684823569696675,50.999999999999986,85.0,85.0,64.64882458651296,56.30856637063208,54.28715539571402,61.43458508080339,76.32437067433384,61.86269876731032,59.64190100444077,67.49433480037247,59.204110429196476,47.9863249039482,46.26367256063768,52.354733036929645,52.35158591498308,42.43219250726996,40.908926951910935,46.29498331736059,1776,UP,0.6293203910498292,0.7771459614569604
46.38782755633243,41.15111114657085,50.999999999999986,85.0,85.0,65.38976288043398,55.91475696006357,53.90748327749477,61.00492545175252,75.72437067433384,61.37638464598253,59.17304498523618,66.96374934617965,59.689980849113475,48.3801343145167,46.64334467885693,52.78439266598051,52.95158591498307,42.918506628597754,41.37778297111552,46.825568771553414,1777,UP,0.6293203910498292,0.7771459614569604
46.765419790962326,41.61739872344502,50.999999999999986,85.0,85.0,66.13070117435498,55.52094754949507,53.52781115927552,60.575265822701674,75.12437067433386,60.89007052465472,58.70418896603159,66.43316389198682,60.17585126903047,48.77394372508522,47.02301679707618,53.21405229503138,53.551585914983065,43.40482074992555,41.846638990320116,47.35615422574623,1778,UP,0.6293203910498292,0.7771459614569604
47.14301202559222,42.083686300319194,50.999999999999986,85.0,85.0,66.871639468276,55.12713813892656,53.14813904105627,60.145606193650785,74.52437067433387,60.403756403326945,58.23533294682701,65.902578437794,60.661721688947445,49.16775313565372,47.40268891529543,53.64371192408224,54.15158591498305,43.891134871253335,42.3154950095247,47.886739679939055,1779,UP,0.6293203910498292,0.7771459614569604
47.520604260222115,42.549973877193366,50.999999999999986,85.0,85.0,67.52836448045237,54.73332872835805,52.76846692283702,59.71594656459992,73.92437067433387,59.91744228199915,57.766476927622406,65.37199298360117,61.14759210886446,49.56156254622223,47.782361033514675,54.073371553133114,54.75158591498303,44.37744899258113,42.7843510287293,48.41732513413188,1780,UP,0.6293203910498292,0.7771459614569604
47.89819649485201,43.01626145406754,50.999999999999986,85.0,85.0,67.04249406053536,54.339519317789545,52.388794804617774,59.28628693554905,73.32437067433389,59.431128160671356,57.29762090841783,64.84140752940836,61.63346252878144,49.955371956790735,48.16203315173392,54.503031182183975,55.351585914983026,44.863763113908924,43.253207047933884,48.947910588324696,1781,UP,0.6293203910498292,0.7771459614569604
48.2757887294819,43.48254903094171,50.999999999999986,85.0,85.0,66.55662364061838,53.945709907221044,52.009122686398534,58.856627306498176,72.7243706743339,58.94481403934356,56.82876488921321,64.31082207521554,62.11933294869843,50.349181367359236,48.54170526995318,54.93269081123484,55.95158591498301,45.35007723523672,43.72206306713848,49.47849604251752,1782,UP,0.6293203910498292,0.7771459614569604
48.6533809641118,43.948836607815885,50.999999999999986,85.0,85.0,66.07075322070139,53.55190049665254,51.62945056817928,58.42696767744731,72.1243706743339,58.45849991801577,56.359908870008645,63.780236621022716,62.605203368615435,50.742990777927744,48.921377388172424,55.36235044028571,56.55158591498301,45.83639135656451,44.190919086343065,50.00908149671034,1783,UP,0.6293203910498292,0.7771459614569604
49.03097319874169,44.41512418469006,50.999999999999986,85.0,85.0,65.5848828007844,53.15809108608403,51.24977844996003,57.99730804839644,71.52437067433392,57.97218579668798,55.891052850804044,63.24965116682989,63.09107378853242,51.13680018849625,49.30104950639167,55.79201006933658,57.15158591498299,46.3227054778923,44.65977510554766,50.539666950903154,1784,UP,0.6293203910498292,0.7771459614569604
49.408565433371585,44.88141176156423,50.999999999999986,85.0,85.0,65.0990123808674,52.76428167551553,50.870106331740786,57.56764841934558,70.92437067433394,57.48587167536019,55.422196831599464,62.71906571263707,63.57694420844942,51.53060959906476,49.68072162461092,56.221669698387444,57.751585914982975,46.80901959922009,45.128631124752246,51.07025240509598,1785,UP,0.6293203910498292,0.7771459614569604
49.78615766800148,45.3476993384384,50.999999999999986,85.0,85.0,64.6131419609504,52.37047226494702,50.49043421352153,57.13798879029473,70.32437067433396,56.99955755403238,54.95334081239486,62.188480258444244,64.06281462836641,51.92441900963326,50.060393742830165,56.65132932743831,58.35158591498296,47.29533372054789,45.59748714395684,51.6008378592888,1786,UP,0.6293203910498292,0.7771459614569604
50.16374990263137,45.813986915312576,50.999999999999986,85.0,85.0,64.12727154103342,51.97666285437852,50.110762095302285,56.708329161243846,69.72437067433395,56.5132434327046,54.484484793190276,61.657894804251434,64.5486850482834,52.31822842020176,50.44006586104942,57.08098895648918,58.95158591498296,47.78164784187568,46.06634316316143,52.131423313481626,1787,UP,0.6293203910498292,0.7771459614569604
50.54134213726127,46.28027449218675,50.999999999999986,85.0,85.0,63.64140112111642,51.58285344381001,49.73108997708304,56.27866953219298,69.12437067433397,56.02692931137681,54.01562877398568,61.1273093500586,65.03455546820041,52.71203783077027,50.81973797926866,57.51064858554004,59.551585914982944,48.267961963203476,46.535199182366014,52.66200876767445,1788,UP,0.6293203910498292,0.7771459614569604
50.91893437189116,46.74656206906092,50.999999999999986,85.0,85.0,63.155530701199424,51.1890440332415,49.35141785886378,55.84900990314211,68.524370674334,55.54061519004902,53.5467727547811,60.596723895865786,65.52042588811739,53.10584724133878,51.19941009748791,57.940308214590914,60.15158591498293,48.75427608453127,47.00405520157061,53.19259422186726,1789,UP,0.6293203910498292,0.7771459614569604
51.296526606521056,47.212849645935094,50.999999999999986,85.0,85.0,62.66966028128244,50.795234622673,48.971745740644536,55.419350274091244,67.92437067433399,55.054301068721216,53.07791673557649,60.06613844167297,66.0062963080344,53.49965665190729,51.57908221570716,58.369967843641774,60.75158591498292,49.240590205859064,47.472911220775195,53.72317967606008,1790,UP,0.6293203910498292,0.7771459614569604
51.67411884115095,47.67913722280927,50.999999999999986,85.0,85.0,62.18378986136544,50.40142521210449,48.592073622425296,54.98969064504038,67.324370674334,54.56798694739343,52.60906071637192,59.535552987480145,66.49216672795137,53.89346606247579,51.95875433392641,58.799627472692634,61.351585914982905,49.72690432718685,47.94176723997979,54.25376513025291,1791,UP,0.6293203910498292,0.7771459614569604
52.051711075780844,48.14542479968344,50.999999999999986,85.0,85.0,61.69791944144844,50.007615801535984,48.21240150420604,54.56003101598951,66.72437067433403,54.081672826065635,52.14020469716732,59.00496753328732,66.97803714786838,54.287275473044296,52.338426452145654,59.229287101743516,61.95158591498289,50.213218448514645,48.410623259184376,54.784350584445725,1792,UP,0.6293203910498292,0.7771459614569604
52.42930331041074,48.61171237655761,50.999999999999986,85.0,85.0,61.21204902153144,49.613806390967476,47.832729385986795,54.13037138693865,66.12437067433405,53.59535870473784,51.67134867796274,58.474382079094504,67.46390756778537,54.681084883612805,52.71809857036491,59.658946730794376,62.55158591498288,50.69953256984244,48.87947927838897,55.31493603863855,1793,UP,0.6293203910498292,0.7771459614569604
52.80689554504063,49.077999953431785,50.999999999999986,85.0,85.0,60.726178601614464,49.21999698039898,47.45305726776754,53.700711757887795,65.52437067433405,53.10904458341003,51.20249265875814,57.94379662490168,67.94977798770236,55.074894294181306,53.097770688584156,60.088606359845244,63.151585914982874,51.185846691170234,49.34833529759356,55.84552149283137,1794,UP,0.6293203910498292,0.7771459614569604
53.184487779670526,49.54428753030596,50.999999999999986,85.0,85.0,60.240308181697465,48.826187569830466,47.073385149548294,53.27105212883691,64.92437067433406,52.62273046208225,50.73363663955356,57.41321117070886,68.43564840761935,55.46870370474982,53.4774428068034,60.518265988896104,63.75158591498286,51.67216081249803,49.81719131679815,56.3761069470242,1795,UP,0.6293203910498292,0.7771459614569604
53.56208001430042,50.01057510718013,50.999999999999986,85.0,85.0,59.75443776178047,48.432378159261965,46.69371303132905,52.841392499786046,64.32437067433408,52.136416340754465,50.264780620348965,56.88262571651603,68.92151882753635,55.862513115318315,53.85711492502265,60.94792561794698,64.35158591498285,52.158474933825815,50.28604733600274,56.906692401217015,1796,UP,0.6293203910498292,0.7771459614569604
53.939672248930314,50.4768626840543,50.999999999999986,85.0,85.0,59.26856734186348,48.03856874869346,46.3140409131098,52.41173287073518,63.72437067433409,51.65010221942667,49.79592460114438,56.35204026232322,69.40738924745335,56.25632252588682,54.2367870432419,61.37758524699784,64.95158591498284,52.64478905515361,50.75490335520733,57.43727785540983,1797,UP,0.6293203910498292,0.7771459614569604
54.31726448356021,50.943150260928476,50.999999999999986,85.0,85.0,58.78269692194648,47.64475933812495,45.93436879489055,51.9820732416843,63.12437067433408,51.16378809809888,49.32706858193977,55.8214548081304,69.89325966737034,56.65013193645533,54.616459161461144,61.807244876048706,65.55158591498284,53.1311031764814,51.22375937441192,57.96786330960266,1798,UP,0.6293203910498292,0.7771459614569604
54.6948567181901,51.40943783780265,50.999999999999986,85.0,85.0,58.2968265020295,47.25094992755645,45.5546966766713,51.552413612633444,62.5243706743341,50.67747397677108,48.8582125627352,55.29086935393757,70.37913008728732,57.04394134702384,54.99613127968039,62.236904505099574,66.15158591498282,53.6174172978092,51.692615393616514,58.49844876379547,1799,UP,0.6293203910498292,0.7771459614569604
55.07244895282,51.87572541467682,50.999999999999986,85.0,85.0,57.8109560821125,46.85714051698794,45.17502455845206,51.12275398358257,61.92437067433412,50.191159855443296,48.3893565435306,54.760283899744756,70.86500050720433,57.43775075759234,55.375803397899645,62.66656413415044,66.75158591498281,54.10373141913699,52.1614714128211,59.0290342179883,1800,UP,0.6293203910498292,0.7771459614569604
55.45004118744989,52.342012991550995,50.999999999999986,85.0,85.0,57.32508566219549,46.46333110641943,44.795352440232804,50.69309435453171,61.32437067433414,49.704845734115494,47.920500524326016,54.22969844555193,71.35087092712132,57.83156016816085,55.75547551611889,63.09622376320131,67.35158591498278,54.590045540464786,52.630327432025695,59.559619672181114,1801,UP,0.6293203910498292,0.7771459614569604
55.827633422079785,52.80830056842517,50.999999999999986,85.0,85.0,56.83921524227851,46.06952169585092,44.41568032201356,50.263434725480856,60.724370674334146,49.218531612787686,47.45164450512142,53.69911299135911,71.83674134703831,58.22536957872936,56.13514763433814,63.525883392252176,67.95158591498279,55.07635966179258,53.09918345123028,60.090205126373945,1802,UP,0.6293203910498292,0.7771459614569604
56.20522565670968,53.27458814529934,50.999999999999986,85.0,85.0,56.353344822361514,45.67571228528242,44.03600820379431,49.833775096429974,60.124370674334145,48.73221749145991,46.982788485916835,53.16852753716629,72.3226117669553,58.619178989297865,56.51481975255739,63.95554302130304,68.55158591498277,55.562673783120374,53.568039470434876,60.62079058056676,1803,UP,0.6293203910498292,0.7771459614569604
56.58281789133957,53.74087572217351,50.999999999999986,85.0,85.0,55.86747440244452,45.281902874713914,43.65633608557506,49.40411546737911,59.52437067433418,48.24590337013211,46.51393246671224,52.637942082973474,72.8084821868723,59.012988399866366,56.89449187077664,64.3852026503539,69.15158591498276,56.04898790444816,54.03689548963946,61.15137603475958,1804,UP,0.6293203910498292,0.7771459614569604
56.96041012596947,54.207163299047686,50.999999999999986,85.0,85.0,55.38160398252753,44.888093464145406,43.27666396735581,48.97445583832824,58.92437067433418,47.75958924880432,46.045076447507654,52.10735662878064,72.76553779635255,59.406797810434874,57.27416398899589,64.81486227940476,69.75158591498274,56.535302025775955,54.50575150884405,61.681961488952396,1805,UP,0.6293203910498292,0.7771459614569604
57.33800236059936,54.67345087592186,50.999999999999986,85.0,85.0,54.89573356261053,44.494284053576905,42.89699184913656,48.544796209277365,58.32437067433418,47.27327512747653,45.576220428303046,51.57677117458783,72.02459950243153,59.800607221003375,57.653836107215135,65.24452190845565,70.35158591498273,57.02161614710375,54.974607528048644,62.21254694314523,1806,UP,0.6293203910498292,0.7771459614569604
57.715594595229256,55.13973845279603,50.999999999999986,85.0,85.0,54.409863142693546,44.1004746430084,42.517319730917315,48.115136580226505,57.724370674334196,46.786961006148736,45.10736440909847,51.046185720395,71.28366120851052,60.19441663157188,58.03350822543438,65.67418153750651,70.95158591498273,57.507930268431544,55.44346354725323,62.743132397338044,1807,UP,0.6293203910498292,0.7771459614569604
58.09318682985915,55.606026029670204,50.999999999999986,85.0,85.0,53.923992722776546,43.70666523243989,42.13764761269807,47.68547695117564,57.12437067433422,46.30064688482095,44.63850838989388,50.515600266202185,70.5427229145895,60.588226042140384,58.41318034365363,66.10384116655737,71.55158591498271,57.99424438975933,55.912319566457825,63.27371785153087,1808,UP,0.6293203910498292,0.7771459614569604
58.470779064489044,56.07231360654438,50.999999999999986,85.0,85.0,53.43812230285955,43.31285582187139,41.75797549447882,47.25581732212477,56.524370674334236,45.81433276349315,44.16965237068928,49.98501481200937,69.80178462066849,60.98203545270889,58.79285246187288,66.53350079560823,72.15158591498269,58.480558511087125,56.38117558566241,63.80430330572368,1809,UP,0.6293203910498292,0.7771459614569604
58.84837129911894,56.53860118341855,50.999999999999986,85.0,85.0,52.95225188294256,42.91904641130288,41.37830337625957,46.82615769307392,55.92437067433424,45.32801864216535,43.7007963514847,49.45442935781654,69.0608463267475,61.3758448632774,59.17252458009213,66.96316042465911,72.75158591498268,58.96687263241492,56.850031604867006,64.33488875991651,1810,UP,0.6293203910498292,0.7771459614569604
59.22596353374883,57.00488876029272,50.999999999999986,85.0,85.0,52.46638146302557,42.52523700073437,40.99863125804033,46.396498064023035,55.324370674334254,44.84170452083757,43.23194033228011,48.92384390362372,68.31990803282646,61.76965427384591,59.55219669831138,67.39282005370998,73.35158591498266,59.45318675374271,57.31888762407159,64.86547421410934,1811,UP,0.6293203910498292,0.7771459614569604
59.603555768378726,57.471176337166895,50.999999999999986,85.0,85.0,51.98051104310857,42.13142759016586,40.61895913982107,45.96683843497217,54.72437067433427,44.35539039950977,42.76308431307549,48.3932584494309,67.57896973890546,62.16346368441441,59.931868816530624,67.82247968276084,73.95158591498266,59.93950087507051,57.78774364327619,65.39605966830216,1812,UP,0.6293203910498292,0.7771459614569604
59.98114800300862,57.93746391404107,50.999999999999986,85.0,85.0,51.49464062319158,41.73761817959736,40.239287021601825,45.53717880592131,54.12437067433428,43.86907627818198,42.29422829387093,47.86267299523807,66.83803144498444,62.557273094982925,60.31154093474987,68.2521393118117,74.55158591498265,60.425814996398294,58.256599662480774,65.92664512249497,1813,UP,0.6293203910498292,0.7771459614569604
60.358740237638514,58.40375149091524,50.999999999999986,85.0,85.0,51.00877020327459,41.343808769028854,39.85961490338258,45.10751917687042,53.52437067433428,43.382762156854184,41.82537227466632,47.33208754104526,66.0970931510634,62.951082505551426,60.69121305296912,68.68179894086258,75.15158591498265,60.91212911772609,58.72545568168537,66.4572305766878,1814,UP,0.6293203910498292,0.7771459614569604
60.73633247226841,58.87003906778941,50.999999999999986,85.0,85.0,50.52289978335759,40.94999935846035,39.47994278516333,44.67785954781957,52.9243706743343,42.89644803552639,41.356516255461756,46.801502086852445,65.3561548571424,63.344891916119934,61.07088517118837,69.11145856991344,75.75158591498263,61.39844323905389,59.194311700889955,66.98781603088062,1815,UP,0.6293203910498292,0.7771459614569604
61.1139247068983,59.336326644663586,50.999999999999986,85.0,85.0,50.037029363440595,40.556189947891845,39.100270666944084,44.2481999187687,52.32437067433431,42.4101339141986,40.887660236257155,46.27091663265961,64.61521656322138,63.738701326688435,61.45055728940762,69.54111819896431,76.3515859149826,61.884757360381684,59.66316772009455,67.51840148507343,1816,UP,0.6293203910498292,0.7771459614569604
61.4915169415282,59.80261422153776,50.999999999999986,85.0,85.0,49.5511589435236,40.16238053732334,38.72059854872483,43.81854028971784,51.72437067433433,41.9238197928708,40.41880421705256,45.740331178466796,63.87427826930037,64.13251073725694,61.83022940762687,69.97077782801517,76.9515859149826,62.37107148170947,60.132023739299136,68.04898693926626,1817,UP,0.6293203910498292,0.7771459614569604
61.86910917615809,60.26890179841193,50.999999999999986,85.0,85.0,49.06528852360662,39.76857112675484,38.34092643050559,43.388880660666985,51.124370674334344,41.437505671543,39.949948197847974,45.20974572427397,63.133339975379364,64.52632014782546,62.209901525846114,70.40043745706605,77.55158591498258,62.857385603037265,60.60087975850373,68.57957239345907,1818,UP,0.6293203910498292,0.7771459614569604
62.246701410787985,60.735189375286105,50.999999999999986,85.0,85.0,48.57941810368963,39.37476171618633,37.961254312286336,42.95922103161612,50.52437067433434,40.95119155021522,39.481092178643394,44.67916027008115,62.392401681458345,64.92012955839395,62.58957364406536,70.83009708611691,78.15158591498258,63.34369972436506,61.06973577770832,69.1101578476519,1819,UP,0.6293203910498292,0.7771459614569604
62.62429364541788,61.20147695216028,50.999999999999986,85.0,85.0,48.09354768377262,38.980952305617826,37.581582194067096,42.529561402565236,49.92437067433437,40.464877428887426,39.01223615943879,44.14857481588833,61.65146338753733,65.31393896896246,62.969245762284615,71.25975671516777,78.75158591498257,63.83001384569285,61.53859179691291,69.64074330184472,1820,UP,0.6293203910498292,0.7771459614569604
63.00188588004777,61.66776452903445,50.999999999999986,85.0,85.0,47.607677263855635,38.58714289504931,37.20191007584784,42.0999017735144,49.324370674334375,39.97856330755963,38.54338014023421,43.61798936169551,60.91052509361632,65.70774837953097,63.34891788050386,71.68941634421864,79.35158591498255,64.31632796702064,62.0074478161175,70.17132875603755,1821,UP,0.6293203910498292,0.7771459614569604
63.37947811467767,62.13405210590862,50.999999999999986,85.0,85.0,47.12180684393863,38.19333348448082,36.822237957628595,41.67024214446349,48.72437067433439,39.49224918623183,38.0745241210296,43.08740390750268,60.16958679969528,66.10155779009948,63.72858999872311,72.11907597326952,79.95158591498254,64.80264208834843,62.47630383532209,70.70191421023037,1822,UP,0.6293203910498292,0.7771459614569604
63.75707034930756,62.600339682782796,50.999999999999986,85.0,85.0,46.635936424021644,37.7995240739123,36.44256583940934,41.24058251541264,48.1243706743344,39.00593506490405,37.60566810182503,42.55681845330987,59.42864850577427,66.49536720066797,64.10826211694236,72.54873560232038,80.55158591498254,65.28895620967623,62.94515985452668,71.23249966442319,1823,UP,0.6293203910498292,0.7771459614569604
64.13466258393746,63.06662725965697,50.999999999999986,85.0,85.0,46.15006600410465,37.4057146633438,36.0628937211901,40.81092288636176,47.52437067433441,38.51962094357625,37.13681208262043,42.026232999117035,58.687710211853286,66.88917661123648,64.4879342351616,72.97839523137124,81.15158591498252,65.77527033100402,63.414015873731266,71.763085118616,1824,UP,0.6293203910498292,0.7771459614569604
64.51225481856736,63.53291483653114,50.999999999999986,85.0,85.0,45.66419558418764,37.011905252775286,35.683221602970846,40.38126325731089,46.92437067433444,38.03330682224846,36.667956063415836,41.49564754492423,57.946771917932246,67.282986021805,64.86760635338086,73.40805486042211,81.75158591498251,66.26158445233182,63.88287189293586,72.29367057280882,1825,UP,0.6293203910498292,0.7771459614569604
64.88984705319726,63.999202413405314,50.999999999999986,85.0,85.0,45.17832516427063,36.61809584220678,35.303549484751585,39.95160362826002,46.32437067433444,37.54699270092065,36.19910004421126,40.9650620907314,57.205833624011255,67.67679543237351,65.24727847160011,73.83771448947299,82.3515859149825,66.74789857365961,64.35172791214046,72.82425602700164,1826,UP,0.6293203910498292,0.7771459614569604
65.26743928782716,64.4654899902795,50.999999999999986,85.0,85.0,44.69245474435365,36.22428643163826,34.92387736653233,39.52194399920914,45.72437067433444,37.06067857959287,35.73024402500664,40.43447663653857,56.46489533009021,68.07060484294203,65.62695058981937,74.26737411852388,82.95158591498249,67.2342126949874,64.82058393134506,72.7903658171882,1827,UP,0.6293203910498292,0.7771459614569604
65.64503152245706,64.93177756715367,50.999999999999986,85.0,85.0,44.20658432443663,35.83047702106975,34.54420524831308,39.09228437015827,45.12437067433444,36.574364458265045,35.26138800580206,39.903891182345745,55.72395703616919,68.46441425351054,66.00662270803863,74.69703374757474,83.5515859149825,67.7205268163152,65.28943995054965,71.9990312214984,1828,UP,0.6293203910498292,0.7771459614569604
66.02262375708696,65.39806514402785,50.999999999999986,85.0,85.0,43.72071390451962,35.43666761050124,34.16453313009382,38.66262474110739,44.52437067433444,36.088050336937265,34.792531986597446,39.373305728152914,54.983018742248156,68.85822366407906,66.38629482625788,75.12669337662561,84.15158591498249,68.20684093764301,65.75829596975424,71.20769662580855,1829,UP,0.6293203910498292,0.7771459614569604
66.40021599171686,65.86435272090203,50.999999999999986,85.0,85.0,43.23484348460264,35.04285819993272,33.78486101187457,38.23296511205651,43.92437067433445,35.60173621560944,34.32367596739286,38.84272027396009,54.24208044832715,69.25203307464757,66.76596694447714,75.55635300567648,84.75158591498248,68.6931550589708,66.22715198895884,70.41636203011872,1830,UP,0.6293203910498292,0.7771459614569604
66.77780822634676,66.33064029777621,50.999999999999986,85.0,85.0,42.74897306468563,34.64904878936421,33.405188893655314,37.80330548300564,43.32437067433445,35.11542209428166,33.85481994818825,38.31213481976725,53.501142154406125,69.6458424852161,67.1456390626964,75.98601263472736,85.35158591498248,69.17946918029861,66.69600800816343,69.62502743442887,1831,UP,0.6293203910498292,0.7771459614569604
67.15540046097667,66.7969278746504,50.999999999999986,85.0,85.0,42.263102644768615,34.2552393787957,33.02551677543605,37.37364585395476,42.724370674334466,34.62910797295385,33.38596392898367,37.781549365574435,52.7602038604851,70.0396518957846,67.52531118091565,76.41567226377823,85.95158591498247,69.6657833016264,67.16486402736803,68.83369283873903,1832,UP,0.6293203910498292,0.7771459614569604
67.53299269560657,67.26321545152457,50.999999999999986,85.0,85.0,41.77723222485162,33.861429968227185,32.6458446572168,36.94398622490389,42.124370674334465,34.14279385162607,32.91710790977906,37.25096391138159,52.019265566564066,70.43346130635311,67.90498329913491,76.84533189282912,86.55158591498247,70.1520974229542,67.63372004657262,68.04235824304918,1833,UP,0.6293203910498292,0.7771459614569604
67.91058493023647,67.72950302839875,50.999999999999986,85.0,85.0,41.29136180493463,33.46762055765867,32.266172538997544,36.514326595853014,41.52437067433447,33.656479730298244,32.44825189057447,36.720378457188765,51.27832727264305,70.82727071692162,68.28465541735416,77.27499152187998,87.15158591498246,70.63841154428201,68.10257606577721,67.25102364735935,1834,UP,0.6293203910498292,0.7771459614569604
68.28817716486637,68.19579060527293,50.999999999999986,85.0,85.0,40.80549138501762,33.073811147090154,31.88650042077829,36.08466696680214,40.924370674334476,33.17016560897046,31.979395871369864,36.18979300299594,50.537388978722,71.22108012749014,68.66432753557342,77.70465115093087,87.75158591498247,71.1247256656098,68.57143208498182,66.45968905166951,1835,UP,0.6293203910498292,0.7771459614569604
68.66576939949627,68.66207818214711,50.999999999999986,85.0,85.0,40.31962096510062,32.680001736521646,31.506828302559033,35.655007337751265,40.32437067433447,32.68385148764264,31.510539852165277,35.6592075488031,49.79645068480099,71.61488953805865,69.04399965379268,78.13431077998173,88.35158591498246,71.61103978693761,69.04028810418642,65.66835445597965,1836,UP,0.6293203910498292,0.7771459614569604
69.04336163412617,69.12836575902129,50.999999999999986,85.0,85.0,39.83375054518363,32.28619232595313,31.12715618433978,35.22534770870039,39.724370674334466,32.197537366314855,31.04168383296067,35.12862209461028,49.055512390879954,72.00869894862717,69.42367177201193,78.56397040903262,88.95158591498247,72.0973539082654,69.50914412339101,64.87701986028982,1837,UP,0.6293203910498292,0.7771459614569604
69.42095386875607,69.59465333589547,50.999999999999986,85.0,85.0,39.34788012526661,31.892382915384616,30.74748406612052,34.795688079649516,39.12437067433447,31.711223244987043,30.572827813756085,34.59803664041745,48.314574096958935,72.40250835919568,69.80334389023119,78.9936300380835,89.55158591498247,72.58366802959321,69.9780001425956,64.08568526460002,1838,UP,0.6293203910498292,0.7771459614569604
69.79854610338597,70.06094091276965,50.999999999999986,85.0,85.0,38.8620097053496,31.498573504816104,30.36781194790127,34.366028450598634,38.52437067433448,31.224909123659256,30.103971794551473,34.067451186224616,47.57363580303792,72.79631776976419,70.18301600845045,79.42328966713436,90.15158591498246,73.069982150921,70.44685616180021,63.29435066891014,1839,UP,0.6293203910498292,0.7771459614569604
70.17613833801587,70.52722848964383,50.999999999999986,85.0,85.0,38.3761392854326,31.104764094247592,29.988139829682012,33.93636882154777,37.924370674334476,30.73859500233144,29.63511577534689,33.53686573203179,46.8326975091169,73.19012718033271,70.56268812666971,79.85294929618523,90.75158591498246,73.55629627224882,70.9157121810048,62.50301607322033,1840,RIGHT,0.7771459614569604,-0.6293203910498292
70.17613833801587,70.52722848964383,47.99999999999999,85.0,85.0,40.13196437561868,31.638604860718743,29.864790319178535,33.04270763007899,39.65952597654566,31.266151329927126,29.513218350386065,32.65372482954413,44.04636588174502,74.44626509778105,70.27244428061363,77.75014677816763,94.90374698409217,74.81871862857265,70.62401624940608,69.27547717838418,1841,UP,0.6691306063588494,0.7431448254773841
70.57761670183119,70.97311538493027,47.99999999999999,85.0,85.0,39.591721949039986,31.21269706055375,29.462760988137383,32.59789829097648,39.05952597654565,30.79313279690052,29.06671954400336,32.159714010823976,43.379998372847496,74.87217289794606,70.67447361165479,78.19495611727015,95.50374698409216,75.29173716159926,71.07051505578879,68.34291500567419,1842,UP,0.6691306063588494,0.7431448254773841
70.9790950656465,71.4190022802167,47.99999999999999,85.0,85.0,39.0514795224613,30.78678926038877,29.060731657096238,32.153088951873976,38.45952597654566,30.32011426387392,28.620220737620652,31.665703192103823,42.713630863949994,75.29808069811104,71.07650294269592,78.63976545637266,96.10374698409215,75.76475569462586,71.5170138621715,67.41035283296416,1843,UP,0.6691306063588494,0.7431448254773841
71.38057342946182,71.86488917550314,47.99999999999999,85.0,85.0,38.511237095882585,30.36088146022378,28.65870232605509,31.70827961277146,37.85952597654566,29.847095730847304,28.173721931237946,31.171692373383667,42.0472633550525,75.72398849827603,71.47853227373707,79.08457479547516,96.70374698409215,76.23777422765247,71.9635126685542,66.47779066025412,1844,UP,0.6691306063588494,0.7431448254773841
71.78205179327713,72.31077607078957,47.99999999999999,85.0,85.0,37.97099466930388,29.93497366005878,28.25667299501394,31.26347027366895,37.25952597654567,29.3740771978207,27.72722312485524,30.677681554663515,41.38089584615498,76.149896298441,71.88056160477822,79.52938413457768,97.30374698409216,76.71079276067907,72.41001147493691,65.54522848754411,1845,UP,0.6691306063588494,0.7431448254773841
72.18353015709245,72.75666296607601,47.99999999999999,85.0,85.0,37.43075224272517,29.509065859893802,27.85464366397279,30.81866093456644,36.65952597654565,28.901058664794096,27.280724318472533,30.183670735943366,40.714528337257455,76.575804098606,72.28259093581937,79.97419347368019,97.90374698409215,77.18381129370567,72.85651028131961,64.61266631483412,1846,UP,0.6691306063588494,0.7431448254773841
72.58500852090776,73.20254986136244,47.99999999999999,85.0,85.0,36.890509816146476,29.083158059728827,27.452614332931642,30.373851595463925,36.059525976545665,28.428040131767485,26.834225512089823,29.689659917223214,40.04816082835994,77.00171189877099,72.68462026686052,80.41900281278271,98.50374698409215,77.65682982673228,73.30300908770232,63.68010414212405,1847,UP,0.6691306063588494,0.7431448254773841
72.98648688472308,73.64843675664888,47.99999999999999,85.0,85.0,36.35026738956777,28.65725025956382,27.050585001890493,29.929042256361416,35.45952597654567,27.955021598740885,26.38772670570712,29.195649098503065,39.381793319462446,77.42761969893598,73.08664959790167,80.86381215188523,99.10374698409214,78.1298483597589,73.74950789408503,62.74754196941405,1848,UP,0.6691306063588494,0.7431448254773841
73.38796524853839,74.09432365193531,47.99999999999999,85.0,85.0,35.810024962989054,28.23134245939883,26.648555670849344,29.4842329172589,34.85952597654567,27.482003065714274,25.941227899324414,28.701638279782912,38.71542581056492,77.60678257939092,73.48867892894282,81.30862149098773,99.70374698409215,78.6028668927855,74.19600670046773,61.81497979670401,1849,UP,0.6691306063588494,0.7431448254773841
73.78944361235371,74.54021054722175,47.99999999999999,85.0,85.0,35.269782536410375,27.805434659233846,26.246526339808195,29.039423578156384,34.25952597654566,27.008984532687666,25.494729092941704,28.207627461062764,38.049058301667415,76.27101944884916,73.89070825998397,81.75343083009025,100.30374698409214,79.0758854258121,74.64250550685045,60.88241762399405,1850,UP,0.6691306063588494,0.7431448254773841
74.19092197616902,74.98609744250818,47.99999999999999,85.0,85.0,34.72954010983166,27.379526859068857,25.844497008767046,28.59461423905387,33.65952597654567,26.535965999661062,25.048230286558997,27.713616642342615,37.382690792769914,74.93525631830728,74.29273759102512,82.19824016919276,100.90374698409214,79.54890395883871,75.08900431323315,59.94985545128404,1851,UP,0.6691306063588494,0.7431448254773841
74.59240033998434,75.43198433779462,47.99999999999999,85.0,85.0,34.18929768325295,26.95361905890386,25.4424676777259,28.149804899951363,33.05952597654567,26.062947466634455,24.60173148017629,27.219605823622462,36.71632328387239,73.59949318776547,74.69476692206626,82.64304950829528,101.50374698409213,80.02192249186531,75.53550311961585,59.01729327857399,1852,UP,0.6691306063588494,0.7431448254773841
74.99387870379965,75.87787123308105,47.99999999999999,85.0,85.0,33.64905525667426,26.527711258738876,25.040438346684752,27.704995560848847,32.45952597654568,25.589928933607847,24.155232673793588,26.725595004902313,36.04995577497486,72.2637300572237,75.09679625310741,83.08785884739778,102.10374698409214,80.49494102489192,75.98200192599857,58.084731105863995,1853,UP,0.6691306063588494,0.7431448254773841
75.39535706761497,76.32375812836749,47.99999999999999,85.0,85.0,33.108812830095545,26.101803458573883,24.638409015643603,27.260186221746338,31.859525976545665,25.11691040058124,23.708733867410878,26.231584186182168,35.38358826607737,70.92796692668188,75.49882558414856,83.5326681865003,102.70374698409213,80.96795955791853,76.42850073238127,57.15216893315399,1854,UP,0.6691306063588494,0.7431448254773841
75.79683543143028,76.76964502365392,47.99999999999999,85.0,85.0,32.56857040351683,25.675895658408912,24.236379684602454,26.815376882643797,31.259525976545678,24.643891867554636,23.26223506102817,25.737573367462016,34.717220757179845,69.59220379614,75.90085491518971,83.97747752560281,103.30374698409213,81.44097809094514,76.87499953876397,56.21960676044398,1855,UP,0.6691306063588494,0.7431448254773841
76.1983137952456,77.21553191894036,47.99999999999999,85.0,85.0,32.028327976938115,25.249987858243905,23.834350353561305,26.370567543541313,30.65952597654568,24.170873334528032,22.815736254645465,25.243562548741867,34.05085324828232,68.25644066559826,76.30288424623086,84.42228686470531,103.90374698409214,81.91399662397174,77.32149834514668,55.287044587733924,1856,UP,0.6691306063588494,0.7431448254773841
76.59979215906091,77.66141881422679,47.99999999999999,85.0,85.0,31.488085550359408,24.824080058078916,23.432321022520156,25.925758204438804,30.05952597654569,23.69785480150142,22.36923744826276,24.749551730021718,33.3844857393848,66.92067753505641,76.70491357727201,84.86709620380782,104.50374698409213,82.38701515699834,77.7679971515294,54.35448241502394,1857,UP,0.6691306063588494,0.7431448254773841
77.00127052287623,78.10730570951323,47.99999999999999,85.0,85.0,30.947843123780736,24.398172257913927,23.030291691479007,25.480948865336288,29.459525976545674,23.224836268474817,21.922738641880052,24.255540911301555,32.718118230487306,65.5849144045146,77.10694290831316,85.31190554291034,105.10374698409213,82.86003369002495,78.21449595791209,53.421920242313924,1858,UP,0.6691306063588494,0.7431448254773841
77.40274888669154,78.55319260479966,47.99999999999999,85.0,85.0,30.407600697202025,23.97226445774894,22.62826236043786,25.03613952623378,28.859525976545683,22.751817735448206,21.476239835497346,23.761530092581406,32.0517507215898,64.2491512739728,77.5089722393543,85.75671488201286,105.70374698409213,83.33305222305155,78.66099476429481,52.48935806960392,1859,UP,0.6691306063588494,0.7431448254773841
77.80422725050686,78.9990795000861,47.99999999999999,85.0,85.0,29.86735827062331,23.54635665758395,22.226233029396713,24.591330187131266,28.259525976545685,22.27879920242161,21.02974102911464,23.267519273861257,31.38538321269228,62.91338814343098,77.91100157039546,86.20152422111536,106.30374698409213,83.80607075607817,79.1074935706775,51.55679589689386,1860,UP,0.6691306063588494,0.7431448254773841
78.20570561432217,79.44496639537253,47.99999999999999,85.0,85.0,29.327115844044624,23.12044885741896,21.824203698355564,24.14652084802875,27.659525976545694,21.805780669395,20.583242222731933,22.773508455141105,30.719015703794753,61.577625012889136,78.3130309014366,86.64633356021787,106.90374698409212,84.27908928910477,79.55399237706023,50.624233724183874,1861,UP,0.6691306063588494,0.7431448254773841
78.60718397813748,79.89085329065897,47.99999999999999,85.0,85.0,28.786873417465912,22.69454105725398,21.422174367314415,23.701711508926234,27.059525976545686,21.33276213636839,20.136743416349223,22.279497636420956,30.052648194897255,60.24186188234734,78.71506023247775,87.09114289932039,107.50374698409212,84.75210782213138,80.00049118344293,49.69167155147384,1862,UP,0.6691306063588494,0.7431448254773841
79.0086623419528,80.3367401859454,47.99999999999999,85.0,85.0,28.246630990887223,22.268633257089,21.020145036273266,23.256902169823693,26.459525976545688,20.859743603341787,19.690244609966516,21.785486817700807,29.386280685999736,58.90609875180552,79.1170895635189,87.53595223842291,108.10374698409213,85.22512635515798,80.44698998982564,48.75910937876383,1863,UP,0.6691306063588494,0.7431448254773841
79.41014070576811,80.78262708123184,47.99999999999999,85.0,85.0,27.706388564308508,21.842725456923993,20.618115705232118,22.812092830721216,25.85952597654569,20.38672507031518,19.243745803583813,21.291475998980655,28.719913177102235,57.57033562126371,79.51911889456005,87.98076157752541,108.70374698409212,85.69814488818459,80.89348879620835,47.826547206053775,1864,UP,0.6691306063588494,0.7431448254773841
79.81161906958343,81.22851397651827,47.99999999999999,85.0,85.0,27.166146137729797,21.416817656759008,20.21608637419097,22.3672834916187,25.2595259765457,19.913706537288576,18.797246997201103,20.797465180260506,28.053545668204713,56.23457249072187,79.9211482256012,88.42557091662792,109.30374698409211,86.17116342121119,81.33998760259105,46.89398503334381,1865,UP,0.6691306063588494,0.7431448254773841
80.21309743339874,81.6744008718047,47.99999999999999,85.0,85.0,26.625903711151103,20.990909856594023,19.81405704314982,21.922474152516184,24.65952597654569,19.440688004261965,18.3507481908184,20.303454361540357,27.387178159307187,54.89880936018006,80.32317755664235,88.87038025573044,109.90374698409211,86.6441819542378,81.78648640897376,45.961422860633796,1866,UP,0.6691306063588494,0.7431448254773841
80.61457579721406,82.12028776709114,47.99999999999999,85.0,85.0,26.08566128457239,20.56500205642903,19.41202771210867,21.477664813413675,24.0595259765457,18.967669471235357,17.90424938443569,19.80944354282021,26.72081065040969,53.56304622963824,80.7252068876835,89.31518959483296,110.50374698409212,87.11720048726441,82.23298521535645,45.02886068792379,1867,UP,0.6691306063588494,0.7431448254773841
81.01605416102937,82.56617466237758,47.99999999999999,85.0,85.0,25.54541885799368,20.139094256264038,19.009998381067522,21.03285547431117,23.459525976545695,18.49465093820875,17.457750578052984,19.31543272410005,26.05444314151217,52.22728309909644,81.12723621872465,89.75999893393545,111.10374698409211,87.59021902029102,82.67948402173917,44.09629851521379,1868,RIGHT,0.7431448254773841,-0.6691306063588494
81.01605416102937,82.56617466237758,44.99999999999999,85.0,85.0,26.84735367282857,20.548074906875083,18.983945838970655,20.548074906875087,24.655152236509384,18.87023656670246,17.43382533762245,18.870236566702438,24.655152236509373,45.55678104452162,81.0160541610294,87.69114512236429,114.57400256448084,89.36898346253702,82.5661746623776,49.607441120836135,1869,RIGHT,0.7071067811865379,-0.7071067811865381
81.01605416102937,82.56617466237758,41.999999999999986,85.0,85.0,28.37106188024145,21.03285547431118,19.00999838106754,20.139094256264052,25.545418857993663,19.315432724100038,17.457750578052988,18.494650938208736,23.459525976545685,40.49564684133014,81.12723621872465,85.94577570223566,109.01785410264385,91.47742168414665,82.67948402173917,56.87104777459313,1870,RIGHT,0.669130606358849,-0.7431448254773844
81.01605416102937,82.56617466237758,38.99999999999999,85.0,85.0,30.165788537856642,21.60170252200446,19.08851471987036,19.799285672379625,24.42777390669326,19.837830973517175,17.52985572144358,18.182589180873556,22.43314152329636,36.53673952907658,81.46231323648136,84.49560560220057,104.24818268262341,93.95148714421593,83.02097223490811,66.84126823767522,1871,RIGHT,0.6293203910498287,-0.7771459614569605
81.01605416102937,82.56617466237758,35.999999999999986,85.0,85.0,32.297417747263474,22.26489747096505,19.220583111806068,19.523378336514835,23.465447538141984,20.44687321389469,17.651140163422006,17.92921086091641,21.549393225159573,33.36626455060244,82.02592946699431,83.31814103000605,100.14135021183695,96.83589644750629,83.59537241537839,81.32072329647363,1872,RIGHT,0.5877852522924649,-0.8090169943749366
81.01605416102937,82.56617466237758,32.999999999999986,85.0,85.0,34.85601401751691,23.035241569877627,19.408058481898752,19.307247482755,22.635760171574326,21.15431541712414,17.82330736643798,17.730728017229353,20.787453386294292,30.779719927300253,82.82600100460425,82.39577909837159,96.6005691120204,100.18632559224066,84.41075212006506,83.97229856389727,1873,UP,0.8386705679454127,0.5446390350150194
81.51925650179662,82.89295808338659,32.999999999999986,85.0,85.0,33.93209503922819,22.42465262401652,18.89361430150129,18.795475472367638,22.03576017157434,20.757794319359448,17.4892234094116,17.39837938769783,20.39780883037579,30.202778149993563,82.28032704331258,82.90755110875895,97.20056911202037,100.58284669000534,84.74483607709143,84.30464719342876,1874,UP,0.8386705679454127,0.5446390350150194
82.02245884256386,83.2197415043956,32.999999999999986,85.0,85.0,33.00817606093943,21.814063678155406,18.379170121103833,18.283703461980274,21.435760171574348,20.3612732215948,17.155139452385207,17.066030758166324,20.008164274457283,29.62583637268684,80.70858559999255,83.41932311914631,97.80056911202037,100.97936778777,85.07892003411783,84.63699582296029,1875,UP,0.8386705679454127,0.5446390350150194
82.52566118333111,83.54652492540461,32.999999999999986,85.0,85.0,32.084257082650666,21.203474732294318,17.864725940706368,17.771931451592913,20.835760171574357,19.964752123830127,16.821055495358824,16.73368212863481,19.61851971853878,29.048894595380137,79.13684415667257,83.93109512953369,98.40056911202036,101.37588888553466,85.41300399114421,84.96934445249178,1876,UP,0.8386705679454127,0.5446390350150194
83.02886352409836,83.87330834641362,32.999999999999986,85.0,85.0,31.160338104361973,20.592885786433214,17.35028176030891,17.260159441205552,20.235760171574366,19.568231026065476,16.486971538332455,16.401333499103316,19.228875162620284,28.471952818073433,77.56510271335246,84.44286713992103,99.00056911202034,101.77240998329933,85.74708794817059,85.3016930820233,1877,UP,0.8386705679454127,0.5446390350150194
83.5320658648656,84.20009176742263,32.999999999999986,85.0,85.0,30.236419126073212,19.982296840572108,16.83583757991145,16.748387430818187,19.635760171574386,19.171709928300785,16.152887581306057,16.068984869571793,18.839230606701776,27.895011040766747,75.99336127003248,84.95463915030841,99.60056911202034,102.16893108106399,86.08117190519697,85.63404171155481,1878,UP,0.8386705679454127,0.5446390350150194
84.03526820563285,84.52687518843165,32.999999999999986,85.0,85.0,29.312500147784487,19.37170789471101,16.321393399513994,16.236615420430827,19.03576017157439,18.775188830536138,15.818803624279678,15.736636240040287,18.449586050783275,27.318069263460057,74.42161982671244,85.46641116069577,100.20056911202033,102.56545217882866,86.41525586222335,85.96639034108632,1879,UP,0.8386705679454127,0.5446390350150194
84.53847054640009,84.85365860944066,32.999999999999986,85.0,85.0,28.388581169495723,18.761118948849905,15.806949219116527,15.72484341004346,18.435760171574405,18.378667732771447,15.484719667253293,15.404287610508776,18.05994149486478,26.741127486153353,72.84987838339246,85.97818317108312,100.80056911202031,102.96197327659333,86.74933981924974,84.84366268236887,1880,UP,0.8386705679454127,0.5446390350150194
85.04167288716734,85.18044203044967,32.999999999999986,85.0,85.0,27.464662191207037,18.1505300029888,15.292505038719067,15.213071399656103,17.835760171574414,17.982146635006814,15.150635710226924,15.07193898097728,17.67029693894628,26.164185708846652,71.27813694007247,86.48995518147048,101.4005691120203,103.358494374358,87.08342377627612,82.08238801098798,1881,UP,0.8386705679454127,0.5446390350150194
85.54487522793458,85.50722545145868,32.999999999999986,85.0,85.0,26.540743212918308,17.53994105712769,14.778060858321606,14.701299389268733,17.235760171574427,17.58562553724213,14.816551753200546,14.739590351445756,17.280652383027782,25.587243931539962,69.70639549675238,87.00172719185785,102.0005691120203,103.75501547212265,87.4175077333025,79.32111333960717,1882,UP,0.8386705679454127,0.5446390350150194
